allow_forking,archive_url,archived,assignees_url,blobs_url,branches_url,clone_url,collaborators_url,comments_url,commits_url,compare_url,contents_url,contributors_url,created_at,default_branch,deployments_url,description,disabled,downloads_url,events_url,fork,forks,forks_count,forks_url,full_name,git_commits_url,git_refs_url,git_tags_url,git_url,has_discussions,has_downloads,has_issues,has_pages,has_projects,has_pull_requests,has_wiki,homepage,hooks_url,html_url,id,is_template,issue_comment_url,issue_events_url,issues_url,keys_url,labels_url,language,languages_url,license,license.key,license.name,license.node_id,license.spdx_id,license.url,merges_url,milestones_url,mirror_url,name,node_id,notifications_url,open_issues,open_issues_count,owner.avatar_url,owner.events_url,owner.followers_url,owner.following_url,owner.gists_url,owner.gravatar_id,owner.html_url,owner.id,owner.login,owner.node_id,owner.organizations_url,owner.received_events_url,owner.repos_url,owner.site_admin,owner.starred_url,owner.subscriptions_url,owner.type,owner.url,owner.user_view_type,private,pull_request_creation_policy,pulls_url,pushed_at,releases_url,size,ssh_url,stargazers_count,stargazers_url,statuses_url,subscribers_url,subscription_url,svn_url,tags_url,teams_url,topics,trees_url,updated_at,url,visibility,watchers,watchers_count,web_commit_signoff_required
True,https://api.github.com/repos/microsoft/.github/{archive_format}{/ref},False,https://api.github.com/repos/microsoft/.github/assignees{/user},https://api.github.com/repos/microsoft/.github/git/blobs{/sha},https://api.github.com/repos/microsoft/.github/branches{/branch},https://github.com/microsoft/.github.git,https://api.github.com/repos/microsoft/.github/collaborators{/collaborator},https://api.github.com/repos/microsoft/.github/comments{/number},https://api.github.com/repos/microsoft/.github/commits{/sha},https://api.github.com/repos/microsoft/.github/compare/{base}...{head},https://api.github.com/repos/microsoft/.github/contents/{+path},https://api.github.com/repos/microsoft/.github/contributors,2019-07-02T16:27:27Z,main,https://api.github.com/repos/microsoft/.github/deployments,Default Community Health/Policy Files for the Microsoft organization on GitHub,False,https://api.github.com/repos/microsoft/.github/downloads,https://api.github.com/repos/microsoft/.github/events,False,261,261,https://api.github.com/repos/microsoft/.github/forks,microsoft/.github,https://api.github.com/repos/microsoft/.github/git/commits{/sha},https://api.github.com/repos/microsoft/.github/git/refs{/sha},https://api.github.com/repos/microsoft/.github/git/tags{/sha},git://github.com/microsoft/.github.git,False,False,True,False,False,True,False,,https://api.github.com/repos/microsoft/.github/hooks,https://github.com/microsoft/.github,194898737,False,https://api.github.com/repos/microsoft/.github/issues/comments{/number},https://api.github.com/repos/microsoft/.github/issues/events{/number},https://api.github.com/repos/microsoft/.github/issues{/number},https://api.github.com/repos/microsoft/.github/keys{/key_id},https://api.github.com/repos/microsoft/.github/labels{/name},,https://api.github.com/repos/microsoft/.github/languages,,mit,MIT License,MDc6TGljZW5zZTEz,MIT,https://api.github.com/licenses/mit,https://api.github.com/repos/microsoft/.github/merges,https://api.github.com/repos/microsoft/.github/milestones{/number},,.github,MDEwOlJlcG9zaXRvcnkxOTQ4OTg3Mzc=,"https://api.github.com/repos/microsoft/.github/notifications{?since,all,participating}",2,2,https://avatars.githubusercontent.com/u/6154722?v=4,https://api.github.com/users/microsoft/events{/privacy},https://api.github.com/users/microsoft/followers,https://api.github.com/users/microsoft/following{/other_user},https://api.github.com/users/microsoft/gists{/gist_id},,https://github.com/microsoft,6154722,microsoft,MDEyOk9yZ2FuaXphdGlvbjYxNTQ3MjI=,https://api.github.com/users/microsoft/orgs,https://api.github.com/users/microsoft/received_events,https://api.github.com/users/microsoft/repos,False,https://api.github.com/users/microsoft/starred{/owner}{/repo},https://api.github.com/users/microsoft/subscriptions,Organization,https://api.github.com/users/microsoft,public,False,all,https://api.github.com/repos/microsoft/.github/pulls{/number},2026-08-19T17:41:00Z,https://api.github.com/repos/microsoft/.github/releases{/id},469,git@github.com:microsoft/.github.git,166,https://api.github.com/repos/microsoft/.github/stargazers,https://api.github.com/repos/microsoft/.github/statuses/{sha},https://api.github.com/repos/microsoft/.github/subscribers,https://api.github.com/repos/microsoft/.github/subscription,https://github.com/microsoft/.github,https://api.github.com/repos/microsoft/.github/tags,https://api.github.com/repos/microsoft/.github/teams,[],https://api.github.com/repos/microsoft/.github/git/trees{/sha},2026-08-27T10:52:56Z,https://api.github.com/repos/microsoft/.github,public,166,166,False
True,https://api.github.com/repos/microsoft/.Net-Interactive-Kernels-ADS/{archive_format}{/ref},True,https://api.github.com/repos/microsoft/.Net-Interactive-Kernels-ADS/assignees{/user},https://api.github.com/repos/microsoft/.Net-Interactive-Kernels-ADS/git/blobs{/sha},https://api.github.com/repos/microsoft/.Net-Interactive-Kernels-ADS/branches{/branch},https://github.com/microsoft/.Net-Interactive-Kernels-ADS.git,https://api.github.com/repos/microsoft/.Net-Interactive-Kernels-ADS/collaborators{/collaborator},https://api.github.com/repos/microsoft/.Net-Interactive-Kernels-ADS/comments{/number},https://api.github.com/repos/microsoft/.Net-Interactive-Kernels-ADS/commits{/sha},https://api.github.com/repos/microsoft/.Net-Interactive-Kernels-ADS/compare/{base}...{head},https://api.github.com/repos/microsoft/.Net-Interactive-Kernels-ADS/contents/{+path},https://api.github.com/repos/microsoft/.Net-Interactive-Kernels-ADS/contributors,2021-02-26T01:06:58Z,main,https://api.github.com/repos/microsoft/.Net-Interactive-Kernels-ADS/deployments,Install and Use .Net Interactive Kernels in ADS,False,https://api.github.com/repos/microsoft/.Net-Interactive-Kernels-ADS/downloads,https://api.github.com/repos/microsoft/.Net-Interactive-Kernels-ADS/events,False,3,3,https://api.github.com/repos/microsoft/.Net-Interactive-Kernels-ADS/forks,microsoft/.Net-Interactive-Kernels-ADS,https://api.github.com/repos/microsoft/.Net-Interactive-Kernels-ADS/git/commits{/sha},https://api.github.com/repos/microsoft/.Net-Interactive-Kernels-ADS/git/refs{/sha},https://api.github.com/repos/microsoft/.Net-Interactive-Kernels-ADS/git/tags{/sha},git://github.com/microsoft/.Net-Interactive-Kernels-ADS.git,False,False,True,False,True,True,True,,https://api.github.com/repos/microsoft/.Net-Interactive-Kernels-ADS/hooks,https://github.com/microsoft/.Net-Interactive-Kernels-ADS,342423762,False,https://api.github.com/repos/microsoft/.Net-Interactive-Kernels-ADS/issues/comments{/number},https://api.github.com/repos/microsoft/.Net-Interactive-Kernels-ADS/issues/events{/number},https://api.github.com/repos/microsoft/.Net-Interactive-Kernels-ADS/issues{/number},https://api.github.com/repos/microsoft/.Net-Interactive-Kernels-ADS/keys{/key_id},https://api.github.com/repos/microsoft/.Net-Interactive-Kernels-ADS/labels{/name},Jupyter Notebook,https://api.github.com/repos/microsoft/.Net-Interactive-Kernels-ADS/languages,,mit,MIT License,MDc6TGljZW5zZTEz,MIT,https://api.github.com/licenses/mit,https://api.github.com/repos/microsoft/.Net-Interactive-Kernels-ADS/merges,https://api.github.com/repos/microsoft/.Net-Interactive-Kernels-ADS/milestones{/number},,.Net-Interactive-Kernels-ADS,MDEwOlJlcG9zaXRvcnkzNDI0MjM3NjI=,"https://api.github.com/repos/microsoft/.Net-Interactive-Kernels-ADS/notifications{?since,all,participating}",7,7,https://avatars.githubusercontent.com/u/6154722?v=4,https://api.github.com/users/microsoft/events{/privacy},https://api.github.com/users/microsoft/followers,https://api.github.com/users/microsoft/following{/other_user},https://api.github.com/users/microsoft/gists{/gist_id},,https://github.com/microsoft,6154722,microsoft,MDEyOk9yZ2FuaXphdGlvbjYxNTQ3MjI=,https://api.github.com/users/microsoft/orgs,https://api.github.com/users/microsoft/received_events,https://api.github.com/users/microsoft/repos,False,https://api.github.com/users/microsoft/starred{/owner}{/repo},https://api.github.com/users/microsoft/subscriptions,Organization,https://api.github.com/users/microsoft,public,False,all,https://api.github.com/repos/microsoft/.Net-Interactive-Kernels-ADS/pulls{/number},2023-07-19T02:33:47Z,https://api.github.com/repos/microsoft/.Net-Interactive-Kernels-ADS/releases{/id},7057,git@github.com:microsoft/.Net-Interactive-Kernels-ADS.git,6,https://api.github.com/repos/microsoft/.Net-Interactive-Kernels-ADS/stargazers,https://api.github.com/repos/microsoft/.Net-Interactive-Kernels-ADS/statuses/{sha},https://api.github.com/repos/microsoft/.Net-Interactive-Kernels-ADS/subscribers,https://api.github.com/repos/microsoft/.Net-Interactive-Kernels-ADS/subscription,https://github.com/microsoft/.Net-Interactive-Kernels-ADS,https://api.github.com/repos/microsoft/.Net-Interactive-Kernels-ADS/tags,https://api.github.com/repos/microsoft/.Net-Interactive-Kernels-ADS/teams,[],https://api.github.com/repos/microsoft/.Net-Interactive-Kernels-ADS/git/trees{/sha},2026-08-27T10:52:57Z,https://api.github.com/repos/microsoft/.Net-Interactive-Kernels-ADS,public,6,6,False
True,https://api.github.com/repos/microsoft/.NET-Modernization-In-a-Day/{archive_format}{/ref},True,https://api.github.com/repos/microsoft/.NET-Modernization-In-a-Day/assignees{/user},https://api.github.com/repos/microsoft/.NET-Modernization-In-a-Day/git/blobs{/sha},https://api.github.com/repos/microsoft/.NET-Modernization-In-a-Day/branches{/branch},https://github.com/microsoft/.NET-Modernization-In-a-Day.git,https://api.github.com/repos/microsoft/.NET-Modernization-In-a-Day/collaborators{/collaborator},https://api.github.com/repos/microsoft/.NET-Modernization-In-a-Day/comments{/number},https://api.github.com/repos/microsoft/.NET-Modernization-In-a-Day/commits{/sha},https://api.github.com/repos/microsoft/.NET-Modernization-In-a-Day/compare/{base}...{head},https://api.github.com/repos/microsoft/.NET-Modernization-In-a-Day/contents/{+path},https://api.github.com/repos/microsoft/.NET-Modernization-In-a-Day/contributors,2020-04-14T07:12:21Z,master,https://api.github.com/repos/microsoft/.NET-Modernization-In-a-Day/deployments,.NET Modernization In a Day workshop content,False,https://api.github.com/repos/microsoft/.NET-Modernization-In-a-Day/downloads,https://api.github.com/repos/microsoft/.NET-Modernization-In-a-Day/events,False,47,47,https://api.github.com/repos/microsoft/.NET-Modernization-In-a-Day/forks,microsoft/.NET-Modernization-In-a-Day,https://api.github.com/repos/microsoft/.NET-Modernization-In-a-Day/git/commits{/sha},https://api.github.com/repos/microsoft/.NET-Modernization-In-a-Day/git/refs{/sha},https://api.github.com/repos/microsoft/.NET-Modernization-In-a-Day/git/tags{/sha},git://github.com/microsoft/.NET-Modernization-In-a-Day.git,False,False,True,False,False,True,False,,https://api.github.com/repos/microsoft/.NET-Modernization-In-a-Day/hooks,https://github.com/microsoft/.NET-Modernization-In-a-Day,255536764,False,https://api.github.com/repos/microsoft/.NET-Modernization-In-a-Day/issues/comments{/number},https://api.github.com/repos/microsoft/.NET-Modernization-In-a-Day/issues/events{/number},https://api.github.com/repos/microsoft/.NET-Modernization-In-a-Day/issues{/number},https://api.github.com/repos/microsoft/.NET-Modernization-In-a-Day/keys{/key_id},https://api.github.com/repos/microsoft/.NET-Modernization-In-a-Day/labels{/name},JavaScript,https://api.github.com/repos/microsoft/.NET-Modernization-In-a-Day/languages,,cc-by-4.0,Creative Commons Attribution 4.0 International,MDc6TGljZW5zZTI1,CC-BY-4.0,https://api.github.com/licenses/cc-by-4.0,https://api.github.com/repos/microsoft/.NET-Modernization-In-a-Day/merges,https://api.github.com/repos/microsoft/.NET-Modernization-In-a-Day/milestones{/number},,.NET-Modernization-In-a-Day,MDEwOlJlcG9zaXRvcnkyNTU1MzY3NjQ=,"https://api.github.com/repos/microsoft/.NET-Modernization-In-a-Day/notifications{?since,all,participating}",17,17,https://avatars.githubusercontent.com/u/6154722?v=4,https://api.github.com/users/microsoft/events{/privacy},https://api.github.com/users/microsoft/followers,https://api.github.com/users/microsoft/following{/other_user},https://api.github.com/users/microsoft/gists{/gist_id},,https://github.com/microsoft,6154722,microsoft,MDEyOk9yZ2FuaXphdGlvbjYxNTQ3MjI=,https://api.github.com/users/microsoft/orgs,https://api.github.com/users/microsoft/received_events,https://api.github.com/users/microsoft/repos,False,https://api.github.com/users/microsoft/starred{/owner}{/repo},https://api.github.com/users/microsoft/subscriptions,Organization,https://api.github.com/users/microsoft,public,False,all,https://api.github.com/repos/microsoft/.NET-Modernization-In-a-Day/pulls{/number},2022-12-08T06:46:43Z,https://api.github.com/repos/microsoft/.NET-Modernization-In-a-Day/releases{/id},85875,git@github.com:microsoft/.NET-Modernization-In-a-Day.git,51,https://api.github.com/repos/microsoft/.NET-Modernization-In-a-Day/stargazers,https://api.github.com/repos/microsoft/.NET-Modernization-In-a-Day/statuses/{sha},https://api.github.com/repos/microsoft/.NET-Modernization-In-a-Day/subscribers,https://api.github.com/repos/microsoft/.NET-Modernization-In-a-Day/subscription,https://github.com/microsoft/.NET-Modernization-In-a-Day,https://api.github.com/repos/microsoft/.NET-Modernization-In-a-Day/tags,https://api.github.com/repos/microsoft/.NET-Modernization-In-a-Day/teams,[],https://api.github.com/repos/microsoft/.NET-Modernization-In-a-Day/git/trees{/sha},2026-08-27T10:52:58Z,https://api.github.com/repos/microsoft/.NET-Modernization-In-a-Day,public,51,51,False
True,https://api.github.com/repos/microsoft/0xDeCA10B/{archive_format}{/ref},False,https://api.github.com/repos/microsoft/0xDeCA10B/assignees{/user},https://api.github.com/repos/microsoft/0xDeCA10B/git/blobs{/sha},https://api.github.com/repos/microsoft/0xDeCA10B/branches{/branch},https://github.com/microsoft/0xDeCA10B.git,https://api.github.com/repos/microsoft/0xDeCA10B/collaborators{/collaborator},https://api.github.com/repos/microsoft/0xDeCA10B/comments{/number},https://api.github.com/repos/microsoft/0xDeCA10B/commits{/sha},https://api.github.com/repos/microsoft/0xDeCA10B/compare/{base}...{head},https://api.github.com/repos/microsoft/0xDeCA10B/contents/{+path},https://api.github.com/repos/microsoft/0xDeCA10B/contributors,2019-04-15T20:37:11Z,main,https://api.github.com/repos/microsoft/0xDeCA10B/deployments,Sharing Updatable Models (SUM) on Blockchain,False,https://api.github.com/repos/microsoft/0xDeCA10B/downloads,https://api.github.com/repos/microsoft/0xDeCA10B/events,False,162,162,https://api.github.com/repos/microsoft/0xDeCA10B/forks,microsoft/0xDeCA10B,https://api.github.com/repos/microsoft/0xDeCA10B/git/commits{/sha},https://api.github.com/repos/microsoft/0xDeCA10B/git/refs{/sha},https://api.github.com/repos/microsoft/0xDeCA10B/git/tags{/sha},git://github.com/microsoft/0xDeCA10B.git,False,False,True,True,True,True,True,https://aka.ms/0xDeCA10B-blog1,https://api.github.com/repos/microsoft/0xDeCA10B/hooks,https://github.com/microsoft/0xDeCA10B,181561897,False,https://api.github.com/repos/microsoft/0xDeCA10B/issues/comments{/number},https://api.github.com/repos/microsoft/0xDeCA10B/issues/events{/number},https://api.github.com/repos/microsoft/0xDeCA10B/issues{/number},https://api.github.com/repos/microsoft/0xDeCA10B/keys{/key_id},https://api.github.com/repos/microsoft/0xDeCA10B/labels{/name},Python,https://api.github.com/repos/microsoft/0xDeCA10B/languages,,mit,MIT License,MDc6TGljZW5zZTEz,MIT,https://api.github.com/licenses/mit,https://api.github.com/repos/microsoft/0xDeCA10B/merges,https://api.github.com/repos/microsoft/0xDeCA10B/milestones{/number},,0xDeCA10B,MDEwOlJlcG9zaXRvcnkxODE1NjE4OTc=,"https://api.github.com/repos/microsoft/0xDeCA10B/notifications{?since,all,participating}",20,20,https://avatars.githubusercontent.com/u/6154722?v=4,https://api.github.com/users/microsoft/events{/privacy},https://api.github.com/users/microsoft/followers,https://api.github.com/users/microsoft/following{/other_user},https://api.github.com/users/microsoft/gists{/gist_id},,https://github.com/microsoft,6154722,microsoft,MDEyOk9yZ2FuaXphdGlvbjYxNTQ3MjI=,https://api.github.com/users/microsoft/orgs,https://api.github.com/users/microsoft/received_events,https://api.github.com/users/microsoft/repos,False,https://api.github.com/users/microsoft/starred{/owner}{/repo},https://api.github.com/users/microsoft/subscriptions,Organization,https://api.github.com/users/microsoft,public,False,all,https://api.github.com/repos/microsoft/0xDeCA10B/pulls{/number},2025-04-30T17:26:33Z,https://api.github.com/repos/microsoft/0xDeCA10B/releases{/id},16806,git@github.com:microsoft/0xDeCA10B.git,610,https://api.github.com/repos/microsoft/0xDeCA10B/stargazers,https://api.github.com/repos/microsoft/0xDeCA10B/statuses/{sha},https://api.github.com/repos/microsoft/0xDeCA10B/subscribers,https://api.github.com/repos/microsoft/0xDeCA10B/subscription,https://github.com/microsoft/0xDeCA10B,https://api.github.com/repos/microsoft/0xDeCA10B/tags,https://api.github.com/repos/microsoft/0xDeCA10B/teams,"[""ai"", ""artificial-intelligence"", ""blockchain"", ""economics"", ""ethereum"", ""machine-learning"", ""ml"", ""node"", ""prediction-mar"", ""prediction-market"", ""python"", ""react"", ""smart-contracts"", ""truffle""]",https://api.github.com/repos/microsoft/0xDeCA10B/git/trees{/sha},2026-08-27T10:52:59Z,https://api.github.com/repos/microsoft/0xDeCA10B,public,610,610,False
True,https://api.github.com/repos/microsoft/2019-ignite-circuit-playground/{archive_format}{/ref},True,https://api.github.com/repos/microsoft/2019-ignite-circuit-playground/assignees{/user},https://api.github.com/repos/microsoft/2019-ignite-circuit-playground/git/blobs{/sha},https://api.github.com/repos/microsoft/2019-ignite-circuit-playground/branches{/branch},https://github.com/microsoft/2019-ignite-circuit-playground.git,https://api.github.com/repos/microsoft/2019-ignite-circuit-playground/collaborators{/collaborator},https://api.github.com/repos/microsoft/2019-ignite-circuit-playground/comments{/number},https://api.github.com/repos/microsoft/2019-ignite-circuit-playground/commits{/sha},https://api.github.com/repos/microsoft/2019-ignite-circuit-playground/compare/{base}...{head},https://api.github.com/repos/microsoft/2019-ignite-circuit-playground/contents/{+path},https://api.github.com/repos/microsoft/2019-ignite-circuit-playground/contributors,2019-10-11T18:28:11Z,master,https://api.github.com/repos/microsoft/2019-ignite-circuit-playground/deployments,Get started with Circuit Playground Express and the Device Simulator Express,False,https://api.github.com/repos/microsoft/2019-ignite-circuit-playground/downloads,https://api.github.com/repos/microsoft/2019-ignite-circuit-playground/events,False,9,9,https://api.github.com/repos/microsoft/2019-ignite-circuit-playground/forks,microsoft/2019-ignite-circuit-playground,https://api.github.com/repos/microsoft/2019-ignite-circuit-playground/git/commits{/sha},https://api.github.com/repos/microsoft/2019-ignite-circuit-playground/git/refs{/sha},https://api.github.com/repos/microsoft/2019-ignite-circuit-playground/git/tags{/sha},git://github.com/microsoft/2019-ignite-circuit-playground.git,False,False,True,False,True,True,True,,https://api.github.com/repos/microsoft/2019-ignite-circuit-playground/hooks,https://github.com/microsoft/2019-ignite-circuit-playground,214504654,False,https://api.github.com/repos/microsoft/2019-ignite-circuit-playground/issues/comments{/number},https://api.github.com/repos/microsoft/2019-ignite-circuit-playground/issues/events{/number},https://api.github.com/repos/microsoft/2019-ignite-circuit-playground/issues{/number},https://api.github.com/repos/microsoft/2019-ignite-circuit-playground/keys{/key_id},https://api.github.com/repos/microsoft/2019-ignite-circuit-playground/labels{/name},Python,https://api.github.com/repos/microsoft/2019-ignite-circuit-playground/languages,,mit,MIT License,MDc6TGljZW5zZTEz,MIT,https://api.github.com/licenses/mit,https://api.github.com/repos/microsoft/2019-ignite-circuit-playground/merges,https://api.github.com/repos/microsoft/2019-ignite-circuit-playground/milestones{/number},,2019-ignite-circuit-playground,MDEwOlJlcG9zaXRvcnkyMTQ1MDQ2NTQ=,"https://api.github.com/repos/microsoft/2019-ignite-circuit-playground/notifications{?since,all,participating}",0,0,https://avatars.githubusercontent.com/u/6154722?v=4,https://api.github.com/users/microsoft/events{/privacy},https://api.github.com/users/microsoft/followers,https://api.github.com/users/microsoft/following{/other_user},https://api.github.com/users/microsoft/gists{/gist_id},,https://github.com/microsoft,6154722,microsoft,MDEyOk9yZ2FuaXphdGlvbjYxNTQ3MjI=,https://api.github.com/users/microsoft/orgs,https://api.github.com/users/microsoft/received_events,https://api.github.com/users/microsoft/repos,False,https://api.github.com/users/microsoft/starred{/owner}{/repo},https://api.github.com/users/microsoft/subscriptions,Organization,https://api.github.com/users/microsoft,public,False,all,https://api.github.com/repos/microsoft/2019-ignite-circuit-playground/pulls{/number},2019-11-04T23:55:01Z,https://api.github.com/repos/microsoft/2019-ignite-circuit-playground/releases{/id},218,git@github.com:microsoft/2019-ignite-circuit-playground.git,12,https://api.github.com/repos/microsoft/2019-ignite-circuit-playground/stargazers,https://api.github.com/repos/microsoft/2019-ignite-circuit-playground/statuses/{sha},https://api.github.com/repos/microsoft/2019-ignite-circuit-playground/subscribers,https://api.github.com/repos/microsoft/2019-ignite-circuit-playground/subscription,https://github.com/microsoft/2019-ignite-circuit-playground,https://api.github.com/repos/microsoft/2019-ignite-circuit-playground/tags,https://api.github.com/repos/microsoft/2019-ignite-circuit-playground/teams,[],https://api.github.com/repos/microsoft/2019-ignite-circuit-playground/git/trees{/sha},2026-08-27T10:53:00Z,https://api.github.com/repos/microsoft/2019-ignite-circuit-playground,public,12,12,False
True,https://api.github.com/repos/microsoft/25-days-of-serverless/{archive_format}{/ref},True,https://api.github.com/repos/microsoft/25-days-of-serverless/assignees{/user},https://api.github.com/repos/microsoft/25-days-of-serverless/git/blobs{/sha},https://api.github.com/repos/microsoft/25-days-of-serverless/branches{/branch},https://github.com/microsoft/25-days-of-serverless.git,https://api.github.com/repos/microsoft/25-days-of-serverless/collaborators{/collaborator},https://api.github.com/repos/microsoft/25-days-of-serverless/comments{/number},https://api.github.com/repos/microsoft/25-days-of-serverless/commits{/sha},https://api.github.com/repos/microsoft/25-days-of-serverless/compare/{base}...{head},https://api.github.com/repos/microsoft/25-days-of-serverless/contents/{+path},https://api.github.com/repos/microsoft/25-days-of-serverless/contributors,2019-11-27T13:38:11Z,main,https://api.github.com/repos/microsoft/25-days-of-serverless/deployments,Repository responsible for 25 days of Serverless challenges,False,https://api.github.com/repos/microsoft/25-days-of-serverless/downloads,https://api.github.com/repos/microsoft/25-days-of-serverless/events,False,136,136,https://api.github.com/repos/microsoft/25-days-of-serverless/forks,microsoft/25-days-of-serverless,https://api.github.com/repos/microsoft/25-days-of-serverless/git/commits{/sha},https://api.github.com/repos/microsoft/25-days-of-serverless/git/refs{/sha},https://api.github.com/repos/microsoft/25-days-of-serverless/git/tags{/sha},git://github.com/microsoft/25-days-of-serverless.git,False,False,True,False,True,True,True,https://aka.ms/25DaysOfServerless,https://api.github.com/repos/microsoft/25-days-of-serverless/hooks,https://github.com/microsoft/25-days-of-serverless,224439081,False,https://api.github.com/repos/microsoft/25-days-of-serverless/issues/comments{/number},https://api.github.com/repos/microsoft/25-days-of-serverless/issues/events{/number},https://api.github.com/repos/microsoft/25-days-of-serverless/issues{/number},https://api.github.com/repos/microsoft/25-days-of-serverless/keys{/key_id},https://api.github.com/repos/microsoft/25-days-of-serverless/labels{/name},,https://api.github.com/repos/microsoft/25-days-of-serverless/languages,,mit,MIT License,MDc6TGljZW5zZTEz,MIT,https://api.github.com/licenses/mit,https://api.github.com/repos/microsoft/25-days-of-serverless/merges,https://api.github.com/repos/microsoft/25-days-of-serverless/milestones{/number},,25-days-of-serverless,MDEwOlJlcG9zaXRvcnkyMjQ0MzkwODE=,"https://api.github.com/repos/microsoft/25-days-of-serverless/notifications{?since,all,participating}",8,8,https://avatars.githubusercontent.com/u/6154722?v=4,https://api.github.com/users/microsoft/events{/privacy},https://api.github.com/users/microsoft/followers,https://api.github.com/users/microsoft/following{/other_user},https://api.github.com/users/microsoft/gists{/gist_id},,https://github.com/microsoft,6154722,microsoft,MDEyOk9yZ2FuaXphdGlvbjYxNTQ3MjI=,https://api.github.com/users/microsoft/orgs,https://api.github.com/users/microsoft/received_events,https://api.github.com/users/microsoft/repos,False,https://api.github.com/users/microsoft/starred{/owner}{/repo},https://api.github.com/users/microsoft/subscriptions,Organization,https://api.github.com/users/microsoft,public,False,all,https://api.github.com/repos/microsoft/25-days-of-serverless/pulls{/number},2023-10-13T09:45:28Z,https://api.github.com/repos/microsoft/25-days-of-serverless/releases{/id},244,git@github.com:microsoft/25-days-of-serverless.git,456,https://api.github.com/repos/microsoft/25-days-of-serverless/stargazers,https://api.github.com/repos/microsoft/25-days-of-serverless/statuses/{sha},https://api.github.com/repos/microsoft/25-days-of-serverless/subscribers,https://api.github.com/repos/microsoft/25-days-of-serverless/subscription,https://github.com/microsoft/25-days-of-serverless,https://api.github.com/repos/microsoft/25-days-of-serverless/tags,https://api.github.com/repos/microsoft/25-days-of-serverless/teams,"[""azure"", ""azure-functions"", ""challenge"", ""chsharp"", ""golang"", ""java"", ""javascript"", ""nodejs"", ""php"", ""python"", ""ruby"", ""serverless"", ""typescript""]",https://api.github.com/repos/microsoft/25-days-of-serverless/git/trees{/sha},2026-08-27T10:53:01Z,https://api.github.com/repos/microsoft/25-days-of-serverless,public,456,456,False
True,https://api.github.com/repos/microsoft/2LCS/{archive_format}{/ref},False,https://api.github.com/repos/microsoft/2LCS/assignees{/user},https://api.github.com/repos/microsoft/2LCS/git/blobs{/sha},https://api.github.com/repos/microsoft/2LCS/branches{/branch},https://github.com/microsoft/2LCS.git,https://api.github.com/repos/microsoft/2LCS/collaborators{/collaborator},https://api.github.com/repos/microsoft/2LCS/comments{/number},https://api.github.com/repos/microsoft/2LCS/commits{/sha},https://api.github.com/repos/microsoft/2LCS/compare/{base}...{head},https://api.github.com/repos/microsoft/2LCS/contents/{+path},https://api.github.com/repos/microsoft/2LCS/contributors,2018-02-28T09:24:33Z,master,https://api.github.com/repos/microsoft/2LCS/deployments,Lifecycle Services Companion App for administrators,False,https://api.github.com/repos/microsoft/2LCS/downloads,https://api.github.com/repos/microsoft/2LCS/events,False,57,57,https://api.github.com/repos/microsoft/2LCS/forks,microsoft/2LCS,https://api.github.com/repos/microsoft/2LCS/git/commits{/sha},https://api.github.com/repos/microsoft/2LCS/git/refs{/sha},https://api.github.com/repos/microsoft/2LCS/git/tags{/sha},git://github.com/microsoft/2LCS.git,True,False,True,False,True,True,True,,https://api.github.com/repos/microsoft/2LCS/hooks,https://github.com/microsoft/2LCS,123261435,False,https://api.github.com/repos/microsoft/2LCS/issues/comments{/number},https://api.github.com/repos/microsoft/2LCS/issues/events{/number},https://api.github.com/repos/microsoft/2LCS/issues{/number},https://api.github.com/repos/microsoft/2LCS/keys{/key_id},https://api.github.com/repos/microsoft/2LCS/labels{/name},C#,https://api.github.com/repos/microsoft/2LCS/languages,,mit,MIT License,MDc6TGljZW5zZTEz,MIT,https://api.github.com/licenses/mit,https://api.github.com/repos/microsoft/2LCS/merges,https://api.github.com/repos/microsoft/2LCS/milestones{/number},,2LCS,MDEwOlJlcG9zaXRvcnkxMjMyNjE0MzU=,"https://api.github.com/repos/microsoft/2LCS/notifications{?since,all,participating}",10,10,https://avatars.githubusercontent.com/u/6154722?v=4,https://api.github.com/users/microsoft/events{/privacy},https://api.github.com/users/microsoft/followers,https://api.github.com/users/microsoft/following{/other_user},https://api.github.com/users/microsoft/gists{/gist_id},,https://github.com/microsoft,6154722,microsoft,MDEyOk9yZ2FuaXphdGlvbjYxNTQ3MjI=,https://api.github.com/users/microsoft/orgs,https://api.github.com/users/microsoft/received_events,https://api.github.com/users/microsoft/repos,False,https://api.github.com/users/microsoft/starred{/owner}{/repo},https://api.github.com/users/microsoft/subscriptions,Organization,https://api.github.com/users/microsoft,public,False,all,https://api.github.com/repos/microsoft/2LCS/pulls{/number},2026-03-14T17:54:25Z,https://api.github.com/repos/microsoft/2LCS/releases{/id},590,git@github.com:microsoft/2LCS.git,122,https://api.github.com/repos/microsoft/2LCS/stargazers,https://api.github.com/repos/microsoft/2LCS/statuses/{sha},https://api.github.com/repos/microsoft/2LCS/subscribers,https://api.github.com/repos/microsoft/2LCS/subscription,https://github.com/microsoft/2LCS,https://api.github.com/repos/microsoft/2LCS/tags,https://api.github.com/repos/microsoft/2LCS/teams,"[""365"", ""app"", ""companion"", ""d365fo"", ""dynamics"", ""finance"", ""lcs"", ""lifecycle"", ""operations"", ""services""]",https://api.github.com/repos/microsoft/2LCS/git/trees{/sha},2026-08-27T23:17:31Z,https://api.github.com/repos/microsoft/2LCS,public,122,122,False
True,https://api.github.com/repos/microsoft/3-in-1-dock/{archive_format}{/ref},True,https://api.github.com/repos/microsoft/3-in-1-dock/assignees{/user},https://api.github.com/repos/microsoft/3-in-1-dock/git/blobs{/sha},https://api.github.com/repos/microsoft/3-in-1-dock/branches{/branch},https://github.com/microsoft/3-in-1-dock.git,https://api.github.com/repos/microsoft/3-in-1-dock/collaborators{/collaborator},https://api.github.com/repos/microsoft/3-in-1-dock/comments{/number},https://api.github.com/repos/microsoft/3-in-1-dock/commits{/sha},https://api.github.com/repos/microsoft/3-in-1-dock/compare/{base}...{head},https://api.github.com/repos/microsoft/3-in-1-dock/contents/{+path},https://api.github.com/repos/microsoft/3-in-1-dock/contributors,2015-06-30T00:43:54Z,master,https://api.github.com/repos/microsoft/3-in-1-dock/deployments,,False,https://api.github.com/repos/microsoft/3-in-1-dock/downloads,https://api.github.com/repos/microsoft/3-in-1-dock/events,False,21,21,https://api.github.com/repos/microsoft/3-in-1-dock/forks,microsoft/3-in-1-dock,https://api.github.com/repos/microsoft/3-in-1-dock/git/commits{/sha},https://api.github.com/repos/microsoft/3-in-1-dock/git/refs{/sha},https://api.github.com/repos/microsoft/3-in-1-dock/git/tags{/sha},git://github.com/microsoft/3-in-1-dock.git,False,False,True,False,True,True,False,,https://api.github.com/repos/microsoft/3-in-1-dock/hooks,https://github.com/microsoft/3-in-1-dock,38279022,False,https://api.github.com/repos/microsoft/3-in-1-dock/issues/comments{/number},https://api.github.com/repos/microsoft/3-in-1-dock/issues/events{/number},https://api.github.com/repos/microsoft/3-in-1-dock/issues{/number},https://api.github.com/repos/microsoft/3-in-1-dock/keys{/key_id},https://api.github.com/repos/microsoft/3-in-1-dock/labels{/name},,https://api.github.com/repos/microsoft/3-in-1-dock/languages,,other,Other,MDc6TGljZW5zZTA=,NOASSERTION,,https://api.github.com/repos/microsoft/3-in-1-dock/merges,https://api.github.com/repos/microsoft/3-in-1-dock/milestones{/number},,3-in-1-dock,MDEwOlJlcG9zaXRvcnkzODI3OTAyMg==,"https://api.github.com/repos/microsoft/3-in-1-dock/notifications{?since,all,participating}",0,0,https://avatars.githubusercontent.com/u/6154722?v=4,https://api.github.com/users/microsoft/events{/privacy},https://api.github.com/users/microsoft/followers,https://api.github.com/users/microsoft/following{/other_user},https://api.github.com/users/microsoft/gists{/gist_id},,https://github.com/microsoft,6154722,microsoft,MDEyOk9yZ2FuaXphdGlvbjYxNTQ3MjI=,https://api.github.com/users/microsoft/orgs,https://api.github.com/users/microsoft/received_events,https://api.github.com/users/microsoft/repos,False,https://api.github.com/users/microsoft/starred{/owner}{/repo},https://api.github.com/users/microsoft/subscriptions,Organization,https://api.github.com/users/microsoft,public,False,all,https://api.github.com/repos/microsoft/3-in-1-dock/pulls{/number},2022-11-28T19:14:19Z,https://api.github.com/repos/microsoft/3-in-1-dock/releases{/id},6766,git@github.com:microsoft/3-in-1-dock.git,57,https://api.github.com/repos/microsoft/3-in-1-dock/stargazers,https://api.github.com/repos/microsoft/3-in-1-dock/statuses/{sha},https://api.github.com/repos/microsoft/3-in-1-dock/subscribers,https://api.github.com/repos/microsoft/3-in-1-dock/subscription,https://github.com/microsoft/3-in-1-dock,https://api.github.com/repos/microsoft/3-in-1-dock/tags,https://api.github.com/repos/microsoft/3-in-1-dock/teams,[],https://api.github.com/repos/microsoft/3-in-1-dock/git/trees{/sha},2026-08-27T10:53:02Z,https://api.github.com/repos/microsoft/3-in-1-dock,public,57,57,False
True,https://api.github.com/repos/microsoft/30daysof/{archive_format}{/ref},False,https://api.github.com/repos/microsoft/30daysof/assignees{/user},https://api.github.com/repos/microsoft/30daysof/git/blobs{/sha},https://api.github.com/repos/microsoft/30daysof/branches{/branch},https://github.com/microsoft/30daysof.git,https://api.github.com/repos/microsoft/30daysof/collaborators{/collaborator},https://api.github.com/repos/microsoft/30daysof/comments{/number},https://api.github.com/repos/microsoft/30daysof/commits{/sha},https://api.github.com/repos/microsoft/30daysof/compare/{base}...{head},https://api.github.com/repos/microsoft/30daysof/contents/{+path},https://api.github.com/repos/microsoft/30daysof/contributors,2022-07-15T17:14:24Z,main,https://api.github.com/repos/microsoft/30daysof/deployments,"30 Day of Learning Resources, Samples and Curricula",False,https://api.github.com/repos/microsoft/30daysof/downloads,https://api.github.com/repos/microsoft/30daysof/events,False,62,62,https://api.github.com/repos/microsoft/30daysof/forks,microsoft/30daysof,https://api.github.com/repos/microsoft/30daysof/git/commits{/sha},https://api.github.com/repos/microsoft/30daysof/git/refs{/sha},https://api.github.com/repos/microsoft/30daysof/git/tags{/sha},git://github.com/microsoft/30daysof.git,True,False,True,True,True,True,True,https://aka.ms/30DaysOf,https://api.github.com/repos/microsoft/30daysof/hooks,https://github.com/microsoft/30daysof,514348074,False,https://api.github.com/repos/microsoft/30daysof/issues/comments{/number},https://api.github.com/repos/microsoft/30daysof/issues/events{/number},https://api.github.com/repos/microsoft/30daysof/issues{/number},https://api.github.com/repos/microsoft/30daysof/keys{/key_id},https://api.github.com/repos/microsoft/30daysof/labels{/name},JavaScript,https://api.github.com/repos/microsoft/30daysof/languages,,mit,MIT License,MDc6TGljZW5zZTEz,MIT,https://api.github.com/licenses/mit,https://api.github.com/repos/microsoft/30daysof/merges,https://api.github.com/repos/microsoft/30daysof/milestones{/number},,30daysof,R_kgDOHqhUKg,"https://api.github.com/repos/microsoft/30daysof/notifications{?since,all,participating}",31,31,https://avatars.githubusercontent.com/u/6154722?v=4,https://api.github.com/users/microsoft/events{/privacy},https://api.github.com/users/microsoft/followers,https://api.github.com/users/microsoft/following{/other_user},https://api.github.com/users/microsoft/gists{/gist_id},,https://github.com/microsoft,6154722,microsoft,MDEyOk9yZ2FuaXphdGlvbjYxNTQ3MjI=,https://api.github.com/users/microsoft/orgs,https://api.github.com/users/microsoft/received_events,https://api.github.com/users/microsoft/repos,False,https://api.github.com/users/microsoft/starred{/owner}{/repo},https://api.github.com/users/microsoft/subscriptions,Organization,https://api.github.com/users/microsoft,public,False,all,https://api.github.com/repos/microsoft/30daysof/pulls{/number},2026-08-24T11:26:48Z,https://api.github.com/repos/microsoft/30daysof/releases{/id},54168,git@github.com:microsoft/30daysof.git,183,https://api.github.com/repos/microsoft/30daysof/stargazers,https://api.github.com/repos/microsoft/30daysof/statuses/{sha},https://api.github.com/repos/microsoft/30daysof/subscribers,https://api.github.com/repos/microsoft/30daysof/subscription,https://github.com/microsoft/30daysof,https://api.github.com/repos/microsoft/30daysof/tags,https://api.github.com/repos/microsoft/30daysof/teams,"[""azure"", ""data-science"", ""powerapps"", ""pwa"", ""serverless"", ""staticwebapp""]",https://api.github.com/repos/microsoft/30daysof/git/trees{/sha},2026-08-27T10:53:03Z,https://api.github.com/repos/microsoft/30daysof,public,183,183,False
True,https://api.github.com/repos/microsoft/3DTelecommunications/{archive_format}{/ref},False,https://api.github.com/repos/microsoft/3DTelecommunications/assignees{/user},https://api.github.com/repos/microsoft/3DTelecommunications/git/blobs{/sha},https://api.github.com/repos/microsoft/3DTelecommunications/branches{/branch},https://github.com/microsoft/3DTelecommunications.git,https://api.github.com/repos/microsoft/3DTelecommunications/collaborators{/collaborator},https://api.github.com/repos/microsoft/3DTelecommunications/comments{/number},https://api.github.com/repos/microsoft/3DTelecommunications/commits{/sha},https://api.github.com/repos/microsoft/3DTelecommunications/compare/{base}...{head},https://api.github.com/repos/microsoft/3DTelecommunications/contents/{+path},https://api.github.com/repos/microsoft/3DTelecommunications/contributors,2024-04-22T23:49:37Z,main,https://api.github.com/repos/microsoft/3DTelecommunications/deployments,3D Telecommunications project utilizing Holoportation technology to provide live volumetric capture.  Used in one case to increase the reach of specialized medicine.,False,https://api.github.com/repos/microsoft/3DTelecommunications/downloads,https://api.github.com/repos/microsoft/3DTelecommunications/events,False,5,5,https://api.github.com/repos/microsoft/3DTelecommunications/forks,microsoft/3DTelecommunications,https://api.github.com/repos/microsoft/3DTelecommunications/git/commits{/sha},https://api.github.com/repos/microsoft/3DTelecommunications/git/refs{/sha},https://api.github.com/repos/microsoft/3DTelecommunications/git/tags{/sha},git://github.com/microsoft/3DTelecommunications.git,False,False,True,False,True,True,True,https://www.microsoft.com/en-us/research/project/3d-telemedicine/,https://api.github.com/repos/microsoft/3DTelecommunications/hooks,https://github.com/microsoft/3DTelecommunications,790468692,False,https://api.github.com/repos/microsoft/3DTelecommunications/issues/comments{/number},https://api.github.com/repos/microsoft/3DTelecommunications/issues/events{/number},https://api.github.com/repos/microsoft/3DTelecommunications/issues{/number},https://api.github.com/repos/microsoft/3DTelecommunications/keys{/key_id},https://api.github.com/repos/microsoft/3DTelecommunications/labels{/name},C++,https://api.github.com/repos/microsoft/3DTelecommunications/languages,,mit,MIT License,MDc6TGljZW5zZTEz,MIT,https://api.github.com/licenses/mit,https://api.github.com/repos/microsoft/3DTelecommunications/merges,https://api.github.com/repos/microsoft/3DTelecommunications/milestones{/number},,3DTelecommunications,R_kgDOLx2YVA,"https://api.github.com/repos/microsoft/3DTelecommunications/notifications{?since,all,participating}",8,8,https://avatars.githubusercontent.com/u/6154722?v=4,https://api.github.com/users/microsoft/events{/privacy},https://api.github.com/users/microsoft/followers,https://api.github.com/users/microsoft/following{/other_user},https://api.github.com/users/microsoft/gists{/gist_id},,https://github.com/microsoft,6154722,microsoft,MDEyOk9yZ2FuaXphdGlvbjYxNTQ3MjI=,https://api.github.com/users/microsoft/orgs,https://api.github.com/users/microsoft/received_events,https://api.github.com/users/microsoft/repos,False,https://api.github.com/users/microsoft/starred{/owner}{/repo},https://api.github.com/users/microsoft/subscriptions,Organization,https://api.github.com/users/microsoft,public,False,all,https://api.github.com/repos/microsoft/3DTelecommunications/pulls{/number},2026-08-18T17:50:55Z,https://api.github.com/repos/microsoft/3DTelecommunications/releases{/id},66460,git@github.com:microsoft/3DTelecommunications.git,24,https://api.github.com/repos/microsoft/3DTelecommunications/stargazers,https://api.github.com/repos/microsoft/3DTelecommunications/statuses/{sha},https://api.github.com/repos/microsoft/3DTelecommunications/subscribers,https://api.github.com/repos/microsoft/3DTelecommunications/subscription,https://github.com/microsoft/3DTelecommunications,https://api.github.com/repos/microsoft/3DTelecommunications/tags,https://api.github.com/repos/microsoft/3DTelecommunications/teams,[],https://api.github.com/repos/microsoft/3DTelecommunications/git/trees{/sha},2026-08-27T10:53:04Z,https://api.github.com/repos/microsoft/3DTelecommunications,public,24,24,True
True,https://api.github.com/repos/microsoft/50BusinessAssignmentsLog/{archive_format}{/ref},False,https://api.github.com/repos/microsoft/50BusinessAssignmentsLog/assignees{/user},https://api.github.com/repos/microsoft/50BusinessAssignmentsLog/git/blobs{/sha},https://api.github.com/repos/microsoft/50BusinessAssignmentsLog/branches{/branch},https://github.com/microsoft/50BusinessAssignmentsLog.git,https://api.github.com/repos/microsoft/50BusinessAssignmentsLog/collaborators{/collaborator},https://api.github.com/repos/microsoft/50BusinessAssignmentsLog/comments{/number},https://api.github.com/repos/microsoft/50BusinessAssignmentsLog/commits{/sha},https://api.github.com/repos/microsoft/50BusinessAssignmentsLog/compare/{base}...{head},https://api.github.com/repos/microsoft/50BusinessAssignmentsLog/contents/{+path},https://api.github.com/repos/microsoft/50BusinessAssignmentsLog/contributors,2022-07-15T21:24:28Z,main,https://api.github.com/repos/microsoft/50BusinessAssignmentsLog/deployments,Dataset containing an Event Log of 165 recordings of 50 business assignments.,False,https://api.github.com/repos/microsoft/50BusinessAssignmentsLog/downloads,https://api.github.com/repos/microsoft/50BusinessAssignmentsLog/events,False,3,3,https://api.github.com/repos/microsoft/50BusinessAssignmentsLog/forks,microsoft/50BusinessAssignmentsLog,https://api.github.com/repos/microsoft/50BusinessAssignmentsLog/git/commits{/sha},https://api.github.com/repos/microsoft/50BusinessAssignmentsLog/git/refs{/sha},https://api.github.com/repos/microsoft/50BusinessAssignmentsLog/git/tags{/sha},git://github.com/microsoft/50BusinessAssignmentsLog.git,False,False,True,False,True,True,True,,https://api.github.com/repos/microsoft/50BusinessAssignmentsLog/hooks,https://github.com/microsoft/50BusinessAssignmentsLog,514408713,False,https://api.github.com/repos/microsoft/50BusinessAssignmentsLog/issues/comments{/number},https://api.github.com/repos/microsoft/50BusinessAssignmentsLog/issues/events{/number},https://api.github.com/repos/microsoft/50BusinessAssignmentsLog/issues{/number},https://api.github.com/repos/microsoft/50BusinessAssignmentsLog/keys{/key_id},https://api.github.com/repos/microsoft/50BusinessAssignmentsLog/labels{/name},,https://api.github.com/repos/microsoft/50BusinessAssignmentsLog/languages,,mit,MIT License,MDc6TGljZW5zZTEz,MIT,https://api.github.com/licenses/mit,https://api.github.com/repos/microsoft/50BusinessAssignmentsLog/merges,https://api.github.com/repos/microsoft/50BusinessAssignmentsLog/milestones{/number},,50BusinessAssignmentsLog,R_kgDOHqlBCQ,"https://api.github.com/repos/microsoft/50BusinessAssignmentsLog/notifications{?since,all,participating}",1,1,https://avatars.githubusercontent.com/u/6154722?v=4,https://api.github.com/users/microsoft/events{/privacy},https://api.github.com/users/microsoft/followers,https://api.github.com/users/microsoft/following{/other_user},https://api.github.com/users/microsoft/gists{/gist_id},,https://github.com/microsoft,6154722,microsoft,MDEyOk9yZ2FuaXphdGlvbjYxNTQ3MjI=,https://api.github.com/users/microsoft/orgs,https://api.github.com/users/microsoft/received_events,https://api.github.com/users/microsoft/repos,False,https://api.github.com/users/microsoft/starred{/owner}{/repo},https://api.github.com/users/microsoft/subscriptions,Organization,https://api.github.com/users/microsoft,public,False,all,https://api.github.com/repos/microsoft/50BusinessAssignmentsLog/pulls{/number},2024-05-05T12:31:52Z,https://api.github.com/repos/microsoft/50BusinessAssignmentsLog/releases{/id},239,git@github.com:microsoft/50BusinessAssignmentsLog.git,10,https://api.github.com/repos/microsoft/50BusinessAssignmentsLog/stargazers,https://api.github.com/repos/microsoft/50BusinessAssignmentsLog/statuses/{sha},https://api.github.com/repos/microsoft/50BusinessAssignmentsLog/subscribers,https://api.github.com/repos/microsoft/50BusinessAssignmentsLog/subscription,https://github.com/microsoft/50BusinessAssignmentsLog,https://api.github.com/repos/microsoft/50BusinessAssignmentsLog/tags,https://api.github.com/repos/microsoft/50BusinessAssignmentsLog/teams,[],https://api.github.com/repos/microsoft/50BusinessAssignmentsLog/git/trees{/sha},2026-08-27T10:53:04Z,https://api.github.com/repos/microsoft/50BusinessAssignmentsLog,public,10,10,False
True,https://api.github.com/repos/microsoft/A-CLIP/{archive_format}{/ref},False,https://api.github.com/repos/microsoft/A-CLIP/assignees{/user},https://api.github.com/repos/microsoft/A-CLIP/git/blobs{/sha},https://api.github.com/repos/microsoft/A-CLIP/branches{/branch},https://github.com/microsoft/A-CLIP.git,https://api.github.com/repos/microsoft/A-CLIP/collaborators{/collaborator},https://api.github.com/repos/microsoft/A-CLIP/comments{/number},https://api.github.com/repos/microsoft/A-CLIP/commits{/sha},https://api.github.com/repos/microsoft/A-CLIP/compare/{base}...{head},https://api.github.com/repos/microsoft/A-CLIP/contents/{+path},https://api.github.com/repos/microsoft/A-CLIP/contributors,2023-08-07T11:51:30Z,main,https://api.github.com/repos/microsoft/A-CLIP/deployments,"Official Implementation of Attentive Mask CLIP (ICCV2023, https://arxiv.org/abs/2212.08653)",False,https://api.github.com/repos/microsoft/A-CLIP/downloads,https://api.github.com/repos/microsoft/A-CLIP/events,False,6,6,https://api.github.com/repos/microsoft/A-CLIP/forks,microsoft/A-CLIP,https://api.github.com/repos/microsoft/A-CLIP/git/commits{/sha},https://api.github.com/repos/microsoft/A-CLIP/git/refs{/sha},https://api.github.com/repos/microsoft/A-CLIP/git/tags{/sha},git://github.com/microsoft/A-CLIP.git,False,False,True,False,True,True,True,,https://api.github.com/repos/microsoft/A-CLIP/hooks,https://github.com/microsoft/A-CLIP,675644093,False,https://api.github.com/repos/microsoft/A-CLIP/issues/comments{/number},https://api.github.com/repos/microsoft/A-CLIP/issues/events{/number},https://api.github.com/repos/microsoft/A-CLIP/issues{/number},https://api.github.com/repos/microsoft/A-CLIP/keys{/key_id},https://api.github.com/repos/microsoft/A-CLIP/labels{/name},Python,https://api.github.com/repos/microsoft/A-CLIP/languages,,mit,MIT License,MDc6TGljZW5zZTEz,MIT,https://api.github.com/licenses/mit,https://api.github.com/repos/microsoft/A-CLIP/merges,https://api.github.com/repos/microsoft/A-CLIP/milestones{/number},,A-CLIP,R_kgDOKEWCvQ,"https://api.github.com/repos/microsoft/A-CLIP/notifications{?since,all,participating}",6,6,https://avatars.githubusercontent.com/u/6154722?v=4,https://api.github.com/users/microsoft/events{/privacy},https://api.github.com/users/microsoft/followers,https://api.github.com/users/microsoft/following{/other_user},https://api.github.com/users/microsoft/gists{/gist_id},,https://github.com/microsoft,6154722,microsoft,MDEyOk9yZ2FuaXphdGlvbjYxNTQ3MjI=,https://api.github.com/users/microsoft/orgs,https://api.github.com/users/microsoft/received_events,https://api.github.com/users/microsoft/repos,False,https://api.github.com/users/microsoft/starred{/owner}{/repo},https://api.github.com/users/microsoft/subscriptions,Organization,https://api.github.com/users/microsoft,public,False,all,https://api.github.com/repos/microsoft/A-CLIP/pulls{/number},2024-05-29T14:40:11Z,https://api.github.com/repos/microsoft/A-CLIP/releases{/id},3828,git@github.com:microsoft/A-CLIP.git,38,https://api.github.com/repos/microsoft/A-CLIP/stargazers,https://api.github.com/repos/microsoft/A-CLIP/statuses/{sha},https://api.github.com/repos/microsoft/A-CLIP/subscribers,https://api.github.com/repos/microsoft/A-CLIP/subscription,https://github.com/microsoft/A-CLIP,https://api.github.com/repos/microsoft/A-CLIP/tags,https://api.github.com/repos/microsoft/A-CLIP/teams,[],https://api.github.com/repos/microsoft/A-CLIP/git/trees{/sha},2026-08-27T10:53:05Z,https://api.github.com/repos/microsoft/A-CLIP,public,38,38,False
True,https://api.github.com/repos/microsoft/A-TALE-OF-THREE-CITIES/{archive_format}{/ref},True,https://api.github.com/repos/microsoft/A-TALE-OF-THREE-CITIES/assignees{/user},https://api.github.com/repos/microsoft/A-TALE-OF-THREE-CITIES/git/blobs{/sha},https://api.github.com/repos/microsoft/A-TALE-OF-THREE-CITIES/branches{/branch},https://github.com/microsoft/A-TALE-OF-THREE-CITIES.git,https://api.github.com/repos/microsoft/A-TALE-OF-THREE-CITIES/collaborators{/collaborator},https://api.github.com/repos/microsoft/A-TALE-OF-THREE-CITIES/comments{/number},https://api.github.com/repos/microsoft/A-TALE-OF-THREE-CITIES/commits{/sha},https://api.github.com/repos/microsoft/A-TALE-OF-THREE-CITIES/compare/{base}...{head},https://api.github.com/repos/microsoft/A-TALE-OF-THREE-CITIES/contents/{+path},https://api.github.com/repos/microsoft/A-TALE-OF-THREE-CITIES/contributors,2020-05-18T23:59:05Z,master,https://api.github.com/repos/microsoft/A-TALE-OF-THREE-CITIES/deployments,"Analyzing the safety (311) dataset published by Azure Open Datasets for Chicago, Boston and New York City using SparkR, SParkSQL, Azure Databricks, visualization using ggplot2 and leaflet. Focus is on descriptive analytics, visualization, clustering, time series forecasting and anomaly detection.",False,https://api.github.com/repos/microsoft/A-TALE-OF-THREE-CITIES/downloads,https://api.github.com/repos/microsoft/A-TALE-OF-THREE-CITIES/events,False,37,37,https://api.github.com/repos/microsoft/A-TALE-OF-THREE-CITIES/forks,microsoft/A-TALE-OF-THREE-CITIES,https://api.github.com/repos/microsoft/A-TALE-OF-THREE-CITIES/git/commits{/sha},https://api.github.com/repos/microsoft/A-TALE-OF-THREE-CITIES/git/refs{/sha},https://api.github.com/repos/microsoft/A-TALE-OF-THREE-CITIES/git/tags{/sha},git://github.com/microsoft/A-TALE-OF-THREE-CITIES.git,False,False,True,False,True,True,True,https://github.com/microsoft/A-TALE-OF-THREE-CITIES,https://api.github.com/repos/microsoft/A-TALE-OF-THREE-CITIES/hooks,https://github.com/microsoft/A-TALE-OF-THREE-CITIES,265093175,False,https://api.github.com/repos/microsoft/A-TALE-OF-THREE-CITIES/issues/comments{/number},https://api.github.com/repos/microsoft/A-TALE-OF-THREE-CITIES/issues/events{/number},https://api.github.com/repos/microsoft/A-TALE-OF-THREE-CITIES/issues{/number},https://api.github.com/repos/microsoft/A-TALE-OF-THREE-CITIES/keys{/key_id},https://api.github.com/repos/microsoft/A-TALE-OF-THREE-CITIES/labels{/name},R,https://api.github.com/repos/microsoft/A-TALE-OF-THREE-CITIES/languages,,mit,MIT License,MDc6TGljZW5zZTEz,MIT,https://api.github.com/licenses/mit,https://api.github.com/repos/microsoft/A-TALE-OF-THREE-CITIES/merges,https://api.github.com/repos/microsoft/A-TALE-OF-THREE-CITIES/milestones{/number},,A-TALE-OF-THREE-CITIES,MDEwOlJlcG9zaXRvcnkyNjUwOTMxNzU=,"https://api.github.com/repos/microsoft/A-TALE-OF-THREE-CITIES/notifications{?since,all,participating}",1,1,https://avatars.githubusercontent.com/u/6154722?v=4,https://api.github.com/users/microsoft/events{/privacy},https://api.github.com/users/microsoft/followers,https://api.github.com/users/microsoft/following{/other_user},https://api.github.com/users/microsoft/gists{/gist_id},,https://github.com/microsoft,6154722,microsoft,MDEyOk9yZ2FuaXphdGlvbjYxNTQ3MjI=,https://api.github.com/users/microsoft/orgs,https://api.github.com/users/microsoft/received_events,https://api.github.com/users/microsoft/repos,False,https://api.github.com/users/microsoft/starred{/owner}{/repo},https://api.github.com/users/microsoft/subscriptions,Organization,https://api.github.com/users/microsoft,public,False,all,https://api.github.com/repos/microsoft/A-TALE-OF-THREE-CITIES/pulls{/number},2021-05-03T20:14:01Z,https://api.github.com/repos/microsoft/A-TALE-OF-THREE-CITIES/releases{/id},22814,git@github.com:microsoft/A-TALE-OF-THREE-CITIES.git,89,https://api.github.com/repos/microsoft/A-TALE-OF-THREE-CITIES/stargazers,https://api.github.com/repos/microsoft/A-TALE-OF-THREE-CITIES/statuses/{sha},https://api.github.com/repos/microsoft/A-TALE-OF-THREE-CITIES/subscribers,https://api.github.com/repos/microsoft/A-TALE-OF-THREE-CITIES/subscription,https://github.com/microsoft/A-TALE-OF-THREE-CITIES,https://api.github.com/repos/microsoft/A-TALE-OF-THREE-CITIES/tags,https://api.github.com/repos/microsoft/A-TALE-OF-THREE-CITIES/teams,"[""311-data"", ""aiforsocialgood"", ""anomaly-detection"", ""anomalydiscovery"", ""azure"", ""azure-databricks"", ""data"", ""databricks-notebooks"", ""datascience-machinelearning"", ""eda"", ""geospatial"", ""leaflet"", ""opendata"", ""r"", ""sparkr"", ""sparksql"", ""time-series-analysis"", ""timeseries-forecasting"", ""visualization"", ""workshop-materials""]",https://api.github.com/repos/microsoft/A-TALE-OF-THREE-CITIES/git/trees{/sha},2026-08-27T10:53:06Z,https://api.github.com/repos/microsoft/A-TALE-OF-THREE-CITIES,public,89,89,False
True,https://api.github.com/repos/microsoft/a11y-llm-eval/{archive_format}{/ref},False,https://api.github.com/repos/microsoft/a11y-llm-eval/assignees{/user},https://api.github.com/repos/microsoft/a11y-llm-eval/git/blobs{/sha},https://api.github.com/repos/microsoft/a11y-llm-eval/branches{/branch},https://github.com/microsoft/a11y-llm-eval.git,https://api.github.com/repos/microsoft/a11y-llm-eval/collaborators{/collaborator},https://api.github.com/repos/microsoft/a11y-llm-eval/comments{/number},https://api.github.com/repos/microsoft/a11y-llm-eval/commits{/sha},https://api.github.com/repos/microsoft/a11y-llm-eval/compare/{base}...{head},https://api.github.com/repos/microsoft/a11y-llm-eval/contents/{+path},https://api.github.com/repos/microsoft/a11y-llm-eval/contributors,2025-09-24T19:35:50Z,main,https://api.github.com/repos/microsoft/a11y-llm-eval/deployments,An eval tool to benchmark how well LLMs generate accessible HTML,False,https://api.github.com/repos/microsoft/a11y-llm-eval/downloads,https://api.github.com/repos/microsoft/a11y-llm-eval/events,False,9,9,https://api.github.com/repos/microsoft/a11y-llm-eval/forks,microsoft/a11y-llm-eval,https://api.github.com/repos/microsoft/a11y-llm-eval/git/commits{/sha},https://api.github.com/repos/microsoft/a11y-llm-eval/git/refs{/sha},https://api.github.com/repos/microsoft/a11y-llm-eval/git/tags{/sha},git://github.com/microsoft/a11y-llm-eval.git,False,False,True,False,True,True,True,https://microsoft.github.io/a11y-llm-eval-report/,https://api.github.com/repos/microsoft/a11y-llm-eval/hooks,https://github.com/microsoft/a11y-llm-eval,1063553193,False,https://api.github.com/repos/microsoft/a11y-llm-eval/issues/comments{/number},https://api.github.com/repos/microsoft/a11y-llm-eval/issues/events{/number},https://api.github.com/repos/microsoft/a11y-llm-eval/issues{/number},https://api.github.com/repos/microsoft/a11y-llm-eval/keys{/key_id},https://api.github.com/repos/microsoft/a11y-llm-eval/labels{/name},Python,https://api.github.com/repos/microsoft/a11y-llm-eval/languages,,mit,MIT License,MDc6TGljZW5zZTEz,MIT,https://api.github.com/licenses/mit,https://api.github.com/repos/microsoft/a11y-llm-eval/merges,https://api.github.com/repos/microsoft/a11y-llm-eval/milestones{/number},,a11y-llm-eval,R_kgDOP2SIqQ,"https://api.github.com/repos/microsoft/a11y-llm-eval/notifications{?since,all,participating}",4,4,https://avatars.githubusercontent.com/u/6154722?v=4,https://api.github.com/users/microsoft/events{/privacy},https://api.github.com/users/microsoft/followers,https://api.github.com/users/microsoft/following{/other_user},https://api.github.com/users/microsoft/gists{/gist_id},,https://github.com/microsoft,6154722,microsoft,MDEyOk9yZ2FuaXphdGlvbjYxNTQ3MjI=,https://api.github.com/users/microsoft/orgs,https://api.github.com/users/microsoft/received_events,https://api.github.com/users/microsoft/repos,False,https://api.github.com/users/microsoft/starred{/owner}{/repo},https://api.github.com/users/microsoft/subscriptions,Organization,https://api.github.com/users/microsoft,public,False,all,https://api.github.com/repos/microsoft/a11y-llm-eval/pulls{/number},2026-05-07T16:37:37Z,https://api.github.com/repos/microsoft/a11y-llm-eval/releases{/id},1041,git@github.com:microsoft/a11y-llm-eval.git,59,https://api.github.com/repos/microsoft/a11y-llm-eval/stargazers,https://api.github.com/repos/microsoft/a11y-llm-eval/statuses/{sha},https://api.github.com/repos/microsoft/a11y-llm-eval/subscribers,https://api.github.com/repos/microsoft/a11y-llm-eval/subscription,https://github.com/microsoft/a11y-llm-eval,https://api.github.com/repos/microsoft/a11y-llm-eval/tags,https://api.github.com/repos/microsoft/a11y-llm-eval/teams,[],https://api.github.com/repos/microsoft/a11y-llm-eval/git/trees{/sha},2026-08-27T10:53:07Z,https://api.github.com/repos/microsoft/a11y-llm-eval,public,59,59,False
True,https://api.github.com/repos/microsoft/a11y-llm-eval-report/{archive_format}{/ref},False,https://api.github.com/repos/microsoft/a11y-llm-eval-report/assignees{/user},https://api.github.com/repos/microsoft/a11y-llm-eval-report/git/blobs{/sha},https://api.github.com/repos/microsoft/a11y-llm-eval-report/branches{/branch},https://github.com/microsoft/a11y-llm-eval-report.git,https://api.github.com/repos/microsoft/a11y-llm-eval-report/collaborators{/collaborator},https://api.github.com/repos/microsoft/a11y-llm-eval-report/comments{/number},https://api.github.com/repos/microsoft/a11y-llm-eval-report/commits{/sha},https://api.github.com/repos/microsoft/a11y-llm-eval-report/compare/{base}...{head},https://api.github.com/repos/microsoft/a11y-llm-eval-report/contents/{+path},https://api.github.com/repos/microsoft/a11y-llm-eval-report/contributors,2025-10-28T15:33:48Z,main,https://api.github.com/repos/microsoft/a11y-llm-eval-report/deployments,,False,https://api.github.com/repos/microsoft/a11y-llm-eval-report/downloads,https://api.github.com/repos/microsoft/a11y-llm-eval-report/events,False,2,2,https://api.github.com/repos/microsoft/a11y-llm-eval-report/forks,microsoft/a11y-llm-eval-report,https://api.github.com/repos/microsoft/a11y-llm-eval-report/git/commits{/sha},https://api.github.com/repos/microsoft/a11y-llm-eval-report/git/refs{/sha},https://api.github.com/repos/microsoft/a11y-llm-eval-report/git/tags{/sha},git://github.com/microsoft/a11y-llm-eval-report.git,False,False,True,True,True,True,True,,https://api.github.com/repos/microsoft/a11y-llm-eval-report/hooks,https://github.com/microsoft/a11y-llm-eval-report,1085103626,False,https://api.github.com/repos/microsoft/a11y-llm-eval-report/issues/comments{/number},https://api.github.com/repos/microsoft/a11y-llm-eval-report/issues/events{/number},https://api.github.com/repos/microsoft/a11y-llm-eval-report/issues{/number},https://api.github.com/repos/microsoft/a11y-llm-eval-report/keys{/key_id},https://api.github.com/repos/microsoft/a11y-llm-eval-report/labels{/name},,https://api.github.com/repos/microsoft/a11y-llm-eval-report/languages,,mit,MIT License,MDc6TGljZW5zZTEz,MIT,https://api.github.com/licenses/mit,https://api.github.com/repos/microsoft/a11y-llm-eval-report/merges,https://api.github.com/repos/microsoft/a11y-llm-eval-report/milestones{/number},,a11y-llm-eval-report,R_kgDOQK1eCg,"https://api.github.com/repos/microsoft/a11y-llm-eval-report/notifications{?since,all,participating}",0,0,https://avatars.githubusercontent.com/u/6154722?v=4,https://api.github.com/users/microsoft/events{/privacy},https://api.github.com/users/microsoft/followers,https://api.github.com/users/microsoft/following{/other_user},https://api.github.com/users/microsoft/gists{/gist_id},,https://github.com/microsoft,6154722,microsoft,MDEyOk9yZ2FuaXphdGlvbjYxNTQ3MjI=,https://api.github.com/users/microsoft/orgs,https://api.github.com/users/microsoft/received_events,https://api.github.com/users/microsoft/repos,False,https://api.github.com/users/microsoft/starred{/owner}{/repo},https://api.github.com/users/microsoft/subscriptions,Organization,https://api.github.com/users/microsoft,public,False,all,https://api.github.com/repos/microsoft/a11y-llm-eval-report/pulls{/number},2026-05-12T15:06:29Z,https://api.github.com/repos/microsoft/a11y-llm-eval-report/releases{/id},2885386,git@github.com:microsoft/a11y-llm-eval-report.git,3,https://api.github.com/repos/microsoft/a11y-llm-eval-report/stargazers,https://api.github.com/repos/microsoft/a11y-llm-eval-report/statuses/{sha},https://api.github.com/repos/microsoft/a11y-llm-eval-report/subscribers,https://api.github.com/repos/microsoft/a11y-llm-eval-report/subscription,https://github.com/microsoft/a11y-llm-eval-report,https://api.github.com/repos/microsoft/a11y-llm-eval-report/tags,https://api.github.com/repos/microsoft/a11y-llm-eval-report/teams,[],https://api.github.com/repos/microsoft/a11y-llm-eval-report/git/trees{/sha},2026-08-27T10:53:07Z,https://api.github.com/repos/microsoft/a11y-llm-eval-report,public,3,3,False
True,https://api.github.com/repos/microsoft/aaai21-copy-that/{archive_format}{/ref},True,https://api.github.com/repos/microsoft/aaai21-copy-that/assignees{/user},https://api.github.com/repos/microsoft/aaai21-copy-that/git/blobs{/sha},https://api.github.com/repos/microsoft/aaai21-copy-that/branches{/branch},https://github.com/microsoft/aaai21-copy-that.git,https://api.github.com/repos/microsoft/aaai21-copy-that/collaborators{/collaborator},https://api.github.com/repos/microsoft/aaai21-copy-that/comments{/number},https://api.github.com/repos/microsoft/aaai21-copy-that/commits{/sha},https://api.github.com/repos/microsoft/aaai21-copy-that/compare/{base}...{head},https://api.github.com/repos/microsoft/aaai21-copy-that/contents/{+path},https://api.github.com/repos/microsoft/aaai21-copy-that/contributors,2021-06-14T14:17:22Z,main,https://api.github.com/repos/microsoft/aaai21-copy-that/deployments,"Source code for the ""Copy that! Editing Sequences by Copying Spans"" AAAI'21 paper",False,https://api.github.com/repos/microsoft/aaai21-copy-that/downloads,https://api.github.com/repos/microsoft/aaai21-copy-that/events,False,7,7,https://api.github.com/repos/microsoft/aaai21-copy-that/forks,microsoft/aaai21-copy-that,https://api.github.com/repos/microsoft/aaai21-copy-that/git/commits{/sha},https://api.github.com/repos/microsoft/aaai21-copy-that/git/refs{/sha},https://api.github.com/repos/microsoft/aaai21-copy-that/git/tags{/sha},git://github.com/microsoft/aaai21-copy-that.git,False,False,True,False,True,True,True,,https://api.github.com/repos/microsoft/aaai21-copy-that/hooks,https://github.com/microsoft/aaai21-copy-that,376848872,False,https://api.github.com/repos/microsoft/aaai21-copy-that/issues/comments{/number},https://api.github.com/repos/microsoft/aaai21-copy-that/issues/events{/number},https://api.github.com/repos/microsoft/aaai21-copy-that/issues{/number},https://api.github.com/repos/microsoft/aaai21-copy-that/keys{/key_id},https://api.github.com/repos/microsoft/aaai21-copy-that/labels{/name},Python,https://api.github.com/repos/microsoft/aaai21-copy-that/languages,,mit,MIT License,MDc6TGljZW5zZTEz,MIT,https://api.github.com/licenses/mit,https://api.github.com/repos/microsoft/aaai21-copy-that/merges,https://api.github.com/repos/microsoft/aaai21-copy-that/milestones{/number},,aaai21-copy-that,MDEwOlJlcG9zaXRvcnkzNzY4NDg4NzI=,"https://api.github.com/repos/microsoft/aaai21-copy-that/notifications{?since,all,participating}",1,1,https://avatars.githubusercontent.com/u/6154722?v=4,https://api.github.com/users/microsoft/events{/privacy},https://api.github.com/users/microsoft/followers,https://api.github.com/users/microsoft/following{/other_user},https://api.github.com/users/microsoft/gists{/gist_id},,https://github.com/microsoft,6154722,microsoft,MDEyOk9yZ2FuaXphdGlvbjYxNTQ3MjI=,https://api.github.com/users/microsoft/orgs,https://api.github.com/users/microsoft/received_events,https://api.github.com/users/microsoft/repos,False,https://api.github.com/users/microsoft/starred{/owner}{/repo},https://api.github.com/users/microsoft/subscriptions,Organization,https://api.github.com/users/microsoft,public,False,all,https://api.github.com/repos/microsoft/aaai21-copy-that/pulls{/number},2021-06-14T14:34:00Z,https://api.github.com/repos/microsoft/aaai21-copy-that/releases{/id},67,git@github.com:microsoft/aaai21-copy-that.git,12,https://api.github.com/repos/microsoft/aaai21-copy-that/stargazers,https://api.github.com/repos/microsoft/aaai21-copy-that/statuses/{sha},https://api.github.com/repos/microsoft/aaai21-copy-that/subscribers,https://api.github.com/repos/microsoft/aaai21-copy-that/subscription,https://github.com/microsoft/aaai21-copy-that,https://api.github.com/repos/microsoft/aaai21-copy-that/tags,https://api.github.com/repos/microsoft/aaai21-copy-that/teams,[],https://api.github.com/repos/microsoft/aaai21-copy-that/git/trees{/sha},2026-08-27T10:53:08Z,https://api.github.com/repos/microsoft/aaai21-copy-that,public,12,12,False
True,https://api.github.com/repos/microsoft/aad-app-credential-tools/{archive_format}{/ref},False,https://api.github.com/repos/microsoft/aad-app-credential-tools/assignees{/user},https://api.github.com/repos/microsoft/aad-app-credential-tools/git/blobs{/sha},https://api.github.com/repos/microsoft/aad-app-credential-tools/branches{/branch},https://github.com/microsoft/aad-app-credential-tools.git,https://api.github.com/repos/microsoft/aad-app-credential-tools/collaborators{/collaborator},https://api.github.com/repos/microsoft/aad-app-credential-tools/comments{/number},https://api.github.com/repos/microsoft/aad-app-credential-tools/commits{/sha},https://api.github.com/repos/microsoft/aad-app-credential-tools/compare/{base}...{head},https://api.github.com/repos/microsoft/aad-app-credential-tools/contents/{+path},https://api.github.com/repos/microsoft/aad-app-credential-tools/contributors,2021-10-29T01:20:41Z,main,https://api.github.com/repos/microsoft/aad-app-credential-tools/deployments,Tooling for application credentials,False,https://api.github.com/repos/microsoft/aad-app-credential-tools/downloads,https://api.github.com/repos/microsoft/aad-app-credential-tools/events,False,26,26,https://api.github.com/repos/microsoft/aad-app-credential-tools/forks,microsoft/aad-app-credential-tools,https://api.github.com/repos/microsoft/aad-app-credential-tools/git/commits{/sha},https://api.github.com/repos/microsoft/aad-app-credential-tools/git/refs{/sha},https://api.github.com/repos/microsoft/aad-app-credential-tools/git/tags{/sha},git://github.com/microsoft/aad-app-credential-tools.git,False,False,True,False,True,True,True,,https://api.github.com/repos/microsoft/aad-app-credential-tools/hooks,https://github.com/microsoft/aad-app-credential-tools,422403818,False,https://api.github.com/repos/microsoft/aad-app-credential-tools/issues/comments{/number},https://api.github.com/repos/microsoft/aad-app-credential-tools/issues/events{/number},https://api.github.com/repos/microsoft/aad-app-credential-tools/issues{/number},https://api.github.com/repos/microsoft/aad-app-credential-tools/keys{/key_id},https://api.github.com/repos/microsoft/aad-app-credential-tools/labels{/name},PowerShell,https://api.github.com/repos/microsoft/aad-app-credential-tools/languages,,mit,MIT License,MDc6TGljZW5zZTEz,MIT,https://api.github.com/licenses/mit,https://api.github.com/repos/microsoft/aad-app-credential-tools/merges,https://api.github.com/repos/microsoft/aad-app-credential-tools/milestones{/number},,aad-app-credential-tools,R_kgDOGS1e6g,"https://api.github.com/repos/microsoft/aad-app-credential-tools/notifications{?since,all,participating}",10,10,https://avatars.githubusercontent.com/u/6154722?v=4,https://api.github.com/users/microsoft/events{/privacy},https://api.github.com/users/microsoft/followers,https://api.github.com/users/microsoft/following{/other_user},https://api.github.com/users/microsoft/gists{/gist_id},,https://github.com/microsoft,6154722,microsoft,MDEyOk9yZ2FuaXphdGlvbjYxNTQ3MjI=,https://api.github.com/users/microsoft/orgs,https://api.github.com/users/microsoft/received_events,https://api.github.com/users/microsoft/repos,False,https://api.github.com/users/microsoft/starred{/owner}{/repo},https://api.github.com/users/microsoft/subscriptions,Organization,https://api.github.com/users/microsoft,public,False,all,https://api.github.com/repos/microsoft/aad-app-credential-tools/pulls{/number},2022-02-08T11:55:34Z,https://api.github.com/repos/microsoft/aad-app-credential-tools/releases{/id},384,git@github.com:microsoft/aad-app-credential-tools.git,22,https://api.github.com/repos/microsoft/aad-app-credential-tools/stargazers,https://api.github.com/repos/microsoft/aad-app-credential-tools/statuses/{sha},https://api.github.com/repos/microsoft/aad-app-credential-tools/subscribers,https://api.github.com/repos/microsoft/aad-app-credential-tools/subscription,https://github.com/microsoft/aad-app-credential-tools,https://api.github.com/repos/microsoft/aad-app-credential-tools/tags,https://api.github.com/repos/microsoft/aad-app-credential-tools/teams,[],https://api.github.com/repos/microsoft/aad-app-credential-tools/git/trees{/sha},2026-08-27T10:53:09Z,https://api.github.com/repos/microsoft/aad-app-credential-tools,public,22,22,False
True,https://api.github.com/repos/microsoft/aad-hybrid-lab/{archive_format}{/ref},True,https://api.github.com/repos/microsoft/aad-hybrid-lab/assignees{/user},https://api.github.com/repos/microsoft/aad-hybrid-lab/git/blobs{/sha},https://api.github.com/repos/microsoft/aad-hybrid-lab/branches{/branch},https://github.com/microsoft/aad-hybrid-lab.git,https://api.github.com/repos/microsoft/aad-hybrid-lab/collaborators{/collaborator},https://api.github.com/repos/microsoft/aad-hybrid-lab/comments{/number},https://api.github.com/repos/microsoft/aad-hybrid-lab/commits{/sha},https://api.github.com/repos/microsoft/aad-hybrid-lab/compare/{base}...{head},https://api.github.com/repos/microsoft/aad-hybrid-lab/contents/{+path},https://api.github.com/repos/microsoft/aad-hybrid-lab/contributors,2018-08-27T12:28:59Z,master,https://api.github.com/repos/microsoft/aad-hybrid-lab/deployments,"Create a new VM with AD installed, test users created, PowerShell Azure AD modules, and Azure AD Connect installer ready to go.",False,https://api.github.com/repos/microsoft/aad-hybrid-lab/downloads,https://api.github.com/repos/microsoft/aad-hybrid-lab/events,False,39,39,https://api.github.com/repos/microsoft/aad-hybrid-lab/forks,microsoft/aad-hybrid-lab,https://api.github.com/repos/microsoft/aad-hybrid-lab/git/commits{/sha},https://api.github.com/repos/microsoft/aad-hybrid-lab/git/refs{/sha},https://api.github.com/repos/microsoft/aad-hybrid-lab/git/tags{/sha},git://github.com/microsoft/aad-hybrid-lab.git,False,False,True,False,True,True,True,,https://api.github.com/repos/microsoft/aad-hybrid-lab/hooks,https://github.com/microsoft/aad-hybrid-lab,146294473,False,https://api.github.com/repos/microsoft/aad-hybrid-lab/issues/comments{/number},https://api.github.com/repos/microsoft/aad-hybrid-lab/issues/events{/number},https://api.github.com/repos/microsoft/aad-hybrid-lab/issues{/number},https://api.github.com/repos/microsoft/aad-hybrid-lab/keys{/key_id},https://api.github.com/repos/microsoft/aad-hybrid-lab/labels{/name},PowerShell,https://api.github.com/repos/microsoft/aad-hybrid-lab/languages,,mit,MIT License,MDc6TGljZW5zZTEz,MIT,https://api.github.com/licenses/mit,https://api.github.com/repos/microsoft/aad-hybrid-lab/merges,https://api.github.com/repos/microsoft/aad-hybrid-lab/milestones{/number},,aad-hybrid-lab,MDEwOlJlcG9zaXRvcnkxNDYyOTQ0NzM=,"https://api.github.com/repos/microsoft/aad-hybrid-lab/notifications{?since,all,participating}",3,3,https://avatars.githubusercontent.com/u/6154722?v=4,https://api.github.com/users/microsoft/events{/privacy},https://api.github.com/users/microsoft/followers,https://api.github.com/users/microsoft/following{/other_user},https://api.github.com/users/microsoft/gists{/gist_id},,https://github.com/microsoft,6154722,microsoft,MDEyOk9yZ2FuaXphdGlvbjYxNTQ3MjI=,https://api.github.com/users/microsoft/orgs,https://api.github.com/users/microsoft/received_events,https://api.github.com/users/microsoft/repos,False,https://api.github.com/users/microsoft/starred{/owner}{/repo},https://api.github.com/users/microsoft/subscriptions,Organization,https://api.github.com/users/microsoft,public,False,all,https://api.github.com/repos/microsoft/aad-hybrid-lab/pulls{/number},2023-06-12T19:01:59Z,https://api.github.com/repos/microsoft/aad-hybrid-lab/releases{/id},597,git@github.com:microsoft/aad-hybrid-lab.git,40,https://api.github.com/repos/microsoft/aad-hybrid-lab/stargazers,https://api.github.com/repos/microsoft/aad-hybrid-lab/statuses/{sha},https://api.github.com/repos/microsoft/aad-hybrid-lab/subscribers,https://api.github.com/repos/microsoft/aad-hybrid-lab/subscription,https://github.com/microsoft/aad-hybrid-lab,https://api.github.com/repos/microsoft/aad-hybrid-lab/tags,https://api.github.com/repos/microsoft/aad-hybrid-lab/teams,[],https://api.github.com/repos/microsoft/aad-hybrid-lab/git/trees{/sha},2026-08-27T10:53:10Z,https://api.github.com/repos/microsoft/aad-hybrid-lab,public,40,40,False
True,https://api.github.com/repos/microsoft/AADB2C-migration/{archive_format}{/ref},False,https://api.github.com/repos/microsoft/AADB2C-migration/assignees{/user},https://api.github.com/repos/microsoft/AADB2C-migration/git/blobs{/sha},https://api.github.com/repos/microsoft/AADB2C-migration/branches{/branch},https://github.com/microsoft/AADB2C-migration.git,https://api.github.com/repos/microsoft/AADB2C-migration/collaborators{/collaborator},https://api.github.com/repos/microsoft/AADB2C-migration/comments{/number},https://api.github.com/repos/microsoft/AADB2C-migration/commits{/sha},https://api.github.com/repos/microsoft/AADB2C-migration/compare/{base}...{head},https://api.github.com/repos/microsoft/AADB2C-migration/contents/{+path},https://api.github.com/repos/microsoft/AADB2C-migration/contributors,2025-11-10T15:06:32Z,main,https://api.github.com/repos/microsoft/AADB2C-migration/deployments,,False,https://api.github.com/repos/microsoft/AADB2C-migration/downloads,https://api.github.com/repos/microsoft/AADB2C-migration/events,False,2,2,https://api.github.com/repos/microsoft/AADB2C-migration/forks,microsoft/AADB2C-migration,https://api.github.com/repos/microsoft/AADB2C-migration/git/commits{/sha},https://api.github.com/repos/microsoft/AADB2C-migration/git/refs{/sha},https://api.github.com/repos/microsoft/AADB2C-migration/git/tags{/sha},git://github.com/microsoft/AADB2C-migration.git,False,False,True,False,True,True,True,,https://api.github.com/repos/microsoft/AADB2C-migration/hooks,https://github.com/microsoft/AADB2C-migration,1093581650,False,https://api.github.com/repos/microsoft/AADB2C-migration/issues/comments{/number},https://api.github.com/repos/microsoft/AADB2C-migration/issues/events{/number},https://api.github.com/repos/microsoft/AADB2C-migration/issues{/number},https://api.github.com/repos/microsoft/AADB2C-migration/keys{/key_id},https://api.github.com/repos/microsoft/AADB2C-migration/labels{/name},,https://api.github.com/repos/microsoft/AADB2C-migration/languages,,mit,MIT License,MDc6TGljZW5zZTEz,MIT,https://api.github.com/licenses/mit,https://api.github.com/repos/microsoft/AADB2C-migration/merges,https://api.github.com/repos/microsoft/AADB2C-migration/milestones{/number},,AADB2C-migration,R_kgDOQS67Ug,"https://api.github.com/repos/microsoft/AADB2C-migration/notifications{?since,all,participating}",0,0,https://avatars.githubusercontent.com/u/6154722?v=4,https://api.github.com/users/microsoft/events{/privacy},https://api.github.com/users/microsoft/followers,https://api.github.com/users/microsoft/following{/other_user},https://api.github.com/users/microsoft/gists{/gist_id},,https://github.com/microsoft,6154722,microsoft,MDEyOk9yZ2FuaXphdGlvbjYxNTQ3MjI=,https://api.github.com/users/microsoft/orgs,https://api.github.com/users/microsoft/received_events,https://api.github.com/users/microsoft/repos,False,https://api.github.com/users/microsoft/starred{/owner}{/repo},https://api.github.com/users/microsoft/subscriptions,Organization,https://api.github.com/users/microsoft,public,False,all,https://api.github.com/repos/microsoft/AADB2C-migration/pulls{/number},2025-12-12T16:09:43Z,https://api.github.com/repos/microsoft/AADB2C-migration/releases{/id},3,git@github.com:microsoft/AADB2C-migration.git,2,https://api.github.com/repos/microsoft/AADB2C-migration/stargazers,https://api.github.com/repos/microsoft/AADB2C-migration/statuses/{sha},https://api.github.com/repos/microsoft/AADB2C-migration/subscribers,https://api.github.com/repos/microsoft/AADB2C-migration/subscription,https://github.com/microsoft/AADB2C-migration,https://api.github.com/repos/microsoft/AADB2C-migration/tags,https://api.github.com/repos/microsoft/AADB2C-migration/teams,[],https://api.github.com/repos/microsoft/AADB2C-migration/git/trees{/sha},2026-08-27T10:53:10Z,https://api.github.com/repos/microsoft/AADB2C-migration,public,2,2,False
True,https://api.github.com/repos/microsoft/aadb2c-starter-kit/{archive_format}{/ref},True,https://api.github.com/repos/microsoft/aadb2c-starter-kit/assignees{/user},https://api.github.com/repos/microsoft/aadb2c-starter-kit/git/blobs{/sha},https://api.github.com/repos/microsoft/aadb2c-starter-kit/branches{/branch},https://github.com/microsoft/aadb2c-starter-kit.git,https://api.github.com/repos/microsoft/aadb2c-starter-kit/collaborators{/collaborator},https://api.github.com/repos/microsoft/aadb2c-starter-kit/comments{/number},https://api.github.com/repos/microsoft/aadb2c-starter-kit/commits{/sha},https://api.github.com/repos/microsoft/aadb2c-starter-kit/compare/{base}...{head},https://api.github.com/repos/microsoft/aadb2c-starter-kit/contents/{+path},https://api.github.com/repos/microsoft/aadb2c-starter-kit/contributors,2021-04-09T16:20:52Z,main,https://api.github.com/repos/microsoft/aadb2c-starter-kit/deployments,,False,https://api.github.com/repos/microsoft/aadb2c-starter-kit/downloads,https://api.github.com/repos/microsoft/aadb2c-starter-kit/events,False,4,4,https://api.github.com/repos/microsoft/aadb2c-starter-kit/forks,microsoft/aadb2c-starter-kit,https://api.github.com/repos/microsoft/aadb2c-starter-kit/git/commits{/sha},https://api.github.com/repos/microsoft/aadb2c-starter-kit/git/refs{/sha},https://api.github.com/repos/microsoft/aadb2c-starter-kit/git/tags{/sha},git://github.com/microsoft/aadb2c-starter-kit.git,False,False,True,False,True,True,True,,https://api.github.com/repos/microsoft/aadb2c-starter-kit/hooks,https://github.com/microsoft/aadb2c-starter-kit,356332292,False,https://api.github.com/repos/microsoft/aadb2c-starter-kit/issues/comments{/number},https://api.github.com/repos/microsoft/aadb2c-starter-kit/issues/events{/number},https://api.github.com/repos/microsoft/aadb2c-starter-kit/issues{/number},https://api.github.com/repos/microsoft/aadb2c-starter-kit/keys{/key_id},https://api.github.com/repos/microsoft/aadb2c-starter-kit/labels{/name},JavaScript,https://api.github.com/repos/microsoft/aadb2c-starter-kit/languages,,mit,MIT License,MDc6TGljZW5zZTEz,MIT,https://api.github.com/licenses/mit,https://api.github.com/repos/microsoft/aadb2c-starter-kit/merges,https://api.github.com/repos/microsoft/aadb2c-starter-kit/milestones{/number},,aadb2c-starter-kit,MDEwOlJlcG9zaXRvcnkzNTYzMzIyOTI=,"https://api.github.com/repos/microsoft/aadb2c-starter-kit/notifications{?since,all,participating}",35,35,https://avatars.githubusercontent.com/u/6154722?v=4,https://api.github.com/users/microsoft/events{/privacy},https://api.github.com/users/microsoft/followers,https://api.github.com/users/microsoft/following{/other_user},https://api.github.com/users/microsoft/gists{/gist_id},,https://github.com/microsoft,6154722,microsoft,MDEyOk9yZ2FuaXphdGlvbjYxNTQ3MjI=,https://api.github.com/users/microsoft/orgs,https://api.github.com/users/microsoft/received_events,https://api.github.com/users/microsoft/repos,False,https://api.github.com/users/microsoft/starred{/owner}{/repo},https://api.github.com/users/microsoft/subscriptions,Organization,https://api.github.com/users/microsoft,public,False,all,https://api.github.com/repos/microsoft/aadb2c-starter-kit/pulls{/number},2023-08-30T22:17:54Z,https://api.github.com/repos/microsoft/aadb2c-starter-kit/releases{/id},2283,git@github.com:microsoft/aadb2c-starter-kit.git,8,https://api.github.com/repos/microsoft/aadb2c-starter-kit/stargazers,https://api.github.com/repos/microsoft/aadb2c-starter-kit/statuses/{sha},https://api.github.com/repos/microsoft/aadb2c-starter-kit/subscribers,https://api.github.com/repos/microsoft/aadb2c-starter-kit/subscription,https://github.com/microsoft/aadb2c-starter-kit,https://api.github.com/repos/microsoft/aadb2c-starter-kit/tags,https://api.github.com/repos/microsoft/aadb2c-starter-kit/teams,[],https://api.github.com/repos/microsoft/aadb2c-starter-kit/git/trees{/sha},2026-08-27T10:53:11Z,https://api.github.com/repos/microsoft/aadb2c-starter-kit,public,8,8,False
True,https://api.github.com/repos/microsoft/AADConnectConfigDocumenter/{archive_format}{/ref},False,https://api.github.com/repos/microsoft/AADConnectConfigDocumenter/assignees{/user},https://api.github.com/repos/microsoft/AADConnectConfigDocumenter/git/blobs{/sha},https://api.github.com/repos/microsoft/AADConnectConfigDocumenter/branches{/branch},https://github.com/microsoft/AADConnectConfigDocumenter.git,https://api.github.com/repos/microsoft/AADConnectConfigDocumenter/collaborators{/collaborator},https://api.github.com/repos/microsoft/AADConnectConfigDocumenter/comments{/number},https://api.github.com/repos/microsoft/AADConnectConfigDocumenter/commits{/sha},https://api.github.com/repos/microsoft/AADConnectConfigDocumenter/compare/{base}...{head},https://api.github.com/repos/microsoft/AADConnectConfigDocumenter/contents/{+path},https://api.github.com/repos/microsoft/AADConnectConfigDocumenter/contributors,2016-04-28T13:46:09Z,master,https://api.github.com/repos/microsoft/AADConnectConfigDocumenter/deployments,AAD Connect configuration documenter is a tool to generate documentation of an AAD Connect installation.,False,https://api.github.com/repos/microsoft/AADConnectConfigDocumenter/downloads,https://api.github.com/repos/microsoft/AADConnectConfigDocumenter/events,False,55,55,https://api.github.com/repos/microsoft/AADConnectConfigDocumenter/forks,microsoft/AADConnectConfigDocumenter,https://api.github.com/repos/microsoft/AADConnectConfigDocumenter/git/commits{/sha},https://api.github.com/repos/microsoft/AADConnectConfigDocumenter/git/refs{/sha},https://api.github.com/repos/microsoft/AADConnectConfigDocumenter/git/tags{/sha},git://github.com/microsoft/AADConnectConfigDocumenter.git,True,False,True,False,True,True,True,,https://api.github.com/repos/microsoft/AADConnectConfigDocumenter/hooks,https://github.com/microsoft/AADConnectConfigDocumenter,57305206,False,https://api.github.com/repos/microsoft/AADConnectConfigDocumenter/issues/comments{/number},https://api.github.com/repos/microsoft/AADConnectConfigDocumenter/issues/events{/number},https://api.github.com/repos/microsoft/AADConnectConfigDocumenter/issues{/number},https://api.github.com/repos/microsoft/AADConnectConfigDocumenter/keys{/key_id},https://api.github.com/repos/microsoft/AADConnectConfigDocumenter/labels{/name},C#,https://api.github.com/repos/microsoft/AADConnectConfigDocumenter/languages,,other,Other,MDc6TGljZW5zZTA=,NOASSERTION,,https://api.github.com/repos/microsoft/AADConnectConfigDocumenter/merges,https://api.github.com/repos/microsoft/AADConnectConfigDocumenter/milestones{/number},,AADConnectConfigDocumenter,MDEwOlJlcG9zaXRvcnk1NzMwNTIwNg==,"https://api.github.com/repos/microsoft/AADConnectConfigDocumenter/notifications{?since,all,participating}",7,7,https://avatars.githubusercontent.com/u/6154722?v=4,https://api.github.com/users/microsoft/events{/privacy},https://api.github.com/users/microsoft/followers,https://api.github.com/users/microsoft/following{/other_user},https://api.github.com/users/microsoft/gists{/gist_id},,https://github.com/microsoft,6154722,microsoft,MDEyOk9yZ2FuaXphdGlvbjYxNTQ3MjI=,https://api.github.com/users/microsoft/orgs,https://api.github.com/users/microsoft/received_events,https://api.github.com/users/microsoft/repos,False,https://api.github.com/users/microsoft/starred{/owner}{/repo},https://api.github.com/users/microsoft/subscriptions,Organization,https://api.github.com/users/microsoft,public,False,all,https://api.github.com/repos/microsoft/AADConnectConfigDocumenter/pulls{/number},2024-04-26T21:01:42Z,https://api.github.com/repos/microsoft/AADConnectConfigDocumenter/releases{/id},6258,git@github.com:microsoft/AADConnectConfigDocumenter.git,266,https://api.github.com/repos/microsoft/AADConnectConfigDocumenter/stargazers,https://api.github.com/repos/microsoft/AADConnectConfigDocumenter/statuses/{sha},https://api.github.com/repos/microsoft/AADConnectConfigDocumenter/subscribers,https://api.github.com/repos/microsoft/AADConnectConfigDocumenter/subscription,https://github.com/microsoft/AADConnectConfigDocumenter,https://api.github.com/repos/microsoft/AADConnectConfigDocumenter/tags,https://api.github.com/repos/microsoft/AADConnectConfigDocumenter/teams,[],https://api.github.com/repos/microsoft/AADConnectConfigDocumenter/git/trees{/sha},2026-08-27T10:53:12Z,https://api.github.com/repos/microsoft/AADConnectConfigDocumenter,public,266,266,False
True,https://api.github.com/repos/microsoft/aad_b2c_webview/{archive_format}{/ref},True,https://api.github.com/repos/microsoft/aad_b2c_webview/assignees{/user},https://api.github.com/repos/microsoft/aad_b2c_webview/git/blobs{/sha},https://api.github.com/repos/microsoft/aad_b2c_webview/branches{/branch},https://github.com/microsoft/aad_b2c_webview.git,https://api.github.com/repos/microsoft/aad_b2c_webview/collaborators{/collaborator},https://api.github.com/repos/microsoft/aad_b2c_webview/comments{/number},https://api.github.com/repos/microsoft/aad_b2c_webview/commits{/sha},https://api.github.com/repos/microsoft/aad_b2c_webview/compare/{base}...{head},https://api.github.com/repos/microsoft/aad_b2c_webview/contents/{+path},https://api.github.com/repos/microsoft/aad_b2c_webview/contributors,2023-01-16T07:54:09Z,main,https://api.github.com/repos/microsoft/aad_b2c_webview/deployments,Azure AD B2C Embedded Webview is a very simple Flutter package that demonstrates how to use the embedded web view to sign in users with Azure AD B2C.,False,https://api.github.com/repos/microsoft/aad_b2c_webview/downloads,https://api.github.com/repos/microsoft/aad_b2c_webview/events,False,30,30,https://api.github.com/repos/microsoft/aad_b2c_webview/forks,microsoft/aad_b2c_webview,https://api.github.com/repos/microsoft/aad_b2c_webview/git/commits{/sha},https://api.github.com/repos/microsoft/aad_b2c_webview/git/refs{/sha},https://api.github.com/repos/microsoft/aad_b2c_webview/git/tags{/sha},git://github.com/microsoft/aad_b2c_webview.git,False,False,True,False,True,True,True,,https://api.github.com/repos/microsoft/aad_b2c_webview/hooks,https://github.com/microsoft/aad_b2c_webview,589474387,False,https://api.github.com/repos/microsoft/aad_b2c_webview/issues/comments{/number},https://api.github.com/repos/microsoft/aad_b2c_webview/issues/events{/number},https://api.github.com/repos/microsoft/aad_b2c_webview/issues{/number},https://api.github.com/repos/microsoft/aad_b2c_webview/keys{/key_id},https://api.github.com/repos/microsoft/aad_b2c_webview/labels{/name},Dart,https://api.github.com/repos/microsoft/aad_b2c_webview/languages,,mit,MIT License,MDc6TGljZW5zZTEz,MIT,https://api.github.com/licenses/mit,https://api.github.com/repos/microsoft/aad_b2c_webview/merges,https://api.github.com/repos/microsoft/aad_b2c_webview/milestones{/number},,aad_b2c_webview,R_kgDOIyKqUw,"https://api.github.com/repos/microsoft/aad_b2c_webview/notifications{?since,all,participating}",6,6,https://avatars.githubusercontent.com/u/6154722?v=4,https://api.github.com/users/microsoft/events{/privacy},https://api.github.com/users/microsoft/followers,https://api.github.com/users/microsoft/following{/other_user},https://api.github.com/users/microsoft/gists{/gist_id},,https://github.com/microsoft,6154722,microsoft,MDEyOk9yZ2FuaXphdGlvbjYxNTQ3MjI=,https://api.github.com/users/microsoft/orgs,https://api.github.com/users/microsoft/received_events,https://api.github.com/users/microsoft/repos,False,https://api.github.com/users/microsoft/starred{/owner}{/repo},https://api.github.com/users/microsoft/subscriptions,Organization,https://api.github.com/users/microsoft,public,False,all,https://api.github.com/repos/microsoft/aad_b2c_webview/pulls{/number},2025-08-05T20:25:51Z,https://api.github.com/repos/microsoft/aad_b2c_webview/releases{/id},29462,git@github.com:microsoft/aad_b2c_webview.git,43,https://api.github.com/repos/microsoft/aad_b2c_webview/stargazers,https://api.github.com/repos/microsoft/aad_b2c_webview/statuses/{sha},https://api.github.com/repos/microsoft/aad_b2c_webview/subscribers,https://api.github.com/repos/microsoft/aad_b2c_webview/subscription,https://github.com/microsoft/aad_b2c_webview,https://api.github.com/repos/microsoft/aad_b2c_webview/tags,https://api.github.com/repos/microsoft/aad_b2c_webview/teams,[],https://api.github.com/repos/microsoft/aad_b2c_webview/git/trees{/sha},2026-08-27T10:53:12Z,https://api.github.com/repos/microsoft/aad_b2c_webview,public,43,43,False
True,https://api.github.com/repos/microsoft/aaq/{archive_format}{/ref},False,https://api.github.com/repos/microsoft/aaq/assignees{/user},https://api.github.com/repos/microsoft/aaq/git/blobs{/sha},https://api.github.com/repos/microsoft/aaq/branches{/branch},https://github.com/microsoft/aaq.git,https://api.github.com/repos/microsoft/aaq/collaborators{/collaborator},https://api.github.com/repos/microsoft/aaq/comments{/number},https://api.github.com/repos/microsoft/aaq/commits{/sha},https://api.github.com/repos/microsoft/aaq/compare/{base}...{head},https://api.github.com/repos/microsoft/aaq/contents/{+path},https://api.github.com/repos/microsoft/aaq/contributors,2023-12-01T21:41:05Z,main,https://api.github.com/repos/microsoft/aaq/deployments,Code and Data artifact for Affective Air Quality: A Dataset of Gas Sensor Data during Emotional Experiences,False,https://api.github.com/repos/microsoft/aaq/downloads,https://api.github.com/repos/microsoft/aaq/events,False,2,2,https://api.github.com/repos/microsoft/aaq/forks,microsoft/aaq,https://api.github.com/repos/microsoft/aaq/git/commits{/sha},https://api.github.com/repos/microsoft/aaq/git/refs{/sha},https://api.github.com/repos/microsoft/aaq/git/tags{/sha},git://github.com/microsoft/aaq.git,False,False,True,False,True,True,True,https://www.microsoft.com/en-us/research/publication/affective-air-quality-dataset-personal-chemical-emissions-from-emotional-videos/,https://api.github.com/repos/microsoft/aaq/hooks,https://github.com/microsoft/aaq,726252160,False,https://api.github.com/repos/microsoft/aaq/issues/comments{/number},https://api.github.com/repos/microsoft/aaq/issues/events{/number},https://api.github.com/repos/microsoft/aaq/issues{/number},https://api.github.com/repos/microsoft/aaq/keys{/key_id},https://api.github.com/repos/microsoft/aaq/labels{/name},,https://api.github.com/repos/microsoft/aaq/languages,,other,Other,MDc6TGljZW5zZTA=,NOASSERTION,,https://api.github.com/repos/microsoft/aaq/merges,https://api.github.com/repos/microsoft/aaq/milestones{/number},,aaq,R_kgDOK0m6gA,"https://api.github.com/repos/microsoft/aaq/notifications{?since,all,participating}",1,1,https://avatars.githubusercontent.com/u/6154722?v=4,https://api.github.com/users/microsoft/events{/privacy},https://api.github.com/users/microsoft/followers,https://api.github.com/users/microsoft/following{/other_user},https://api.github.com/users/microsoft/gists{/gist_id},,https://github.com/microsoft,6154722,microsoft,MDEyOk9yZ2FuaXphdGlvbjYxNTQ3MjI=,https://api.github.com/users/microsoft/orgs,https://api.github.com/users/microsoft/received_events,https://api.github.com/users/microsoft/repos,False,https://api.github.com/users/microsoft/starred{/owner}{/repo},https://api.github.com/users/microsoft/subscriptions,Organization,https://api.github.com/users/microsoft,public,False,all,https://api.github.com/repos/microsoft/aaq/pulls{/number},2025-09-24T14:58:12Z,https://api.github.com/repos/microsoft/aaq/releases{/id},99638,git@github.com:microsoft/aaq.git,6,https://api.github.com/repos/microsoft/aaq/stargazers,https://api.github.com/repos/microsoft/aaq/statuses/{sha},https://api.github.com/repos/microsoft/aaq/subscribers,https://api.github.com/repos/microsoft/aaq/subscription,https://github.com/microsoft/aaq,https://api.github.com/repos/microsoft/aaq/tags,https://api.github.com/repos/microsoft/aaq/teams,"[""affective"", ""gas-sensor"", ""olfaction"", ""smell"", ""smell-detector""]",https://api.github.com/repos/microsoft/aaq/git/trees{/sha},2026-08-27T10:53:13Z,https://api.github.com/repos/microsoft/aaq,public,6,6,False
True,https://api.github.com/repos/microsoft/AaronLocker/{archive_format}{/ref},False,https://api.github.com/repos/microsoft/AaronLocker/assignees{/user},https://api.github.com/repos/microsoft/AaronLocker/git/blobs{/sha},https://api.github.com/repos/microsoft/AaronLocker/branches{/branch},https://github.com/microsoft/AaronLocker.git,https://api.github.com/repos/microsoft/AaronLocker/collaborators{/collaborator},https://api.github.com/repos/microsoft/AaronLocker/comments{/number},https://api.github.com/repos/microsoft/AaronLocker/commits{/sha},https://api.github.com/repos/microsoft/AaronLocker/compare/{base}...{head},https://api.github.com/repos/microsoft/AaronLocker/contents/{+path},https://api.github.com/repos/microsoft/AaronLocker/contributors,2018-12-18T02:41:00Z,main,https://api.github.com/repos/microsoft/AaronLocker/deployments,Robust and practical application control for Windows,False,https://api.github.com/repos/microsoft/AaronLocker/downloads,https://api.github.com/repos/microsoft/AaronLocker/events,False,89,89,https://api.github.com/repos/microsoft/AaronLocker/forks,microsoft/AaronLocker,https://api.github.com/repos/microsoft/AaronLocker/git/commits{/sha},https://api.github.com/repos/microsoft/AaronLocker/git/refs{/sha},https://api.github.com/repos/microsoft/AaronLocker/git/tags{/sha},git://github.com/microsoft/AaronLocker.git,False,False,True,False,True,True,True,,https://api.github.com/repos/microsoft/AaronLocker/hooks,https://github.com/microsoft/AaronLocker,162219743,False,https://api.github.com/repos/microsoft/AaronLocker/issues/comments{/number},https://api.github.com/repos/microsoft/AaronLocker/issues/events{/number},https://api.github.com/repos/microsoft/AaronLocker/issues{/number},https://api.github.com/repos/microsoft/AaronLocker/keys{/key_id},https://api.github.com/repos/microsoft/AaronLocker/labels{/name},PowerShell,https://api.github.com/repos/microsoft/AaronLocker/languages,,mit,MIT License,MDc6TGljZW5zZTEz,MIT,https://api.github.com/licenses/mit,https://api.github.com/repos/microsoft/AaronLocker/merges,https://api.github.com/repos/microsoft/AaronLocker/milestones{/number},,AaronLocker,MDEwOlJlcG9zaXRvcnkxNjIyMTk3NDM=,"https://api.github.com/repos/microsoft/AaronLocker/notifications{?since,all,participating}",16,16,https://avatars.githubusercontent.com/u/6154722?v=4,https://api.github.com/users/microsoft/events{/privacy},https://api.github.com/users/microsoft/followers,https://api.github.com/users/microsoft/following{/other_user},https://api.github.com/users/microsoft/gists{/gist_id},,https://github.com/microsoft,6154722,microsoft,MDEyOk9yZ2FuaXphdGlvbjYxNTQ3MjI=,https://api.github.com/users/microsoft/orgs,https://api.github.com/users/microsoft/received_events,https://api.github.com/users/microsoft/repos,False,https://api.github.com/users/microsoft/starred{/owner}{/repo},https://api.github.com/users/microsoft/subscriptions,Organization,https://api.github.com/users/microsoft,public,False,all,https://api.github.com/repos/microsoft/AaronLocker/pulls{/number},2022-08-12T20:23:06Z,https://api.github.com/repos/microsoft/AaronLocker/releases{/id},3680,git@github.com:microsoft/AaronLocker.git,706,https://api.github.com/repos/microsoft/AaronLocker/stargazers,https://api.github.com/repos/microsoft/AaronLocker/statuses/{sha},https://api.github.com/repos/microsoft/AaronLocker/subscribers,https://api.github.com/repos/microsoft/AaronLocker/subscription,https://github.com/microsoft/AaronLocker,https://api.github.com/repos/microsoft/AaronLocker/tags,https://api.github.com/repos/microsoft/AaronLocker/teams,[],https://api.github.com/repos/microsoft/AaronLocker/git/trees{/sha},2026-08-27T10:53:14Z,https://api.github.com/repos/microsoft/AaronLocker,public,706,706,False
True,https://api.github.com/repos/microsoft/ABAP-SDK-for-Azure/{archive_format}{/ref},False,https://api.github.com/repos/microsoft/ABAP-SDK-for-Azure/assignees{/user},https://api.github.com/repos/microsoft/ABAP-SDK-for-Azure/git/blobs{/sha},https://api.github.com/repos/microsoft/ABAP-SDK-for-Azure/branches{/branch},https://github.com/microsoft/ABAP-SDK-for-Azure.git,https://api.github.com/repos/microsoft/ABAP-SDK-for-Azure/collaborators{/collaborator},https://api.github.com/repos/microsoft/ABAP-SDK-for-Azure/comments{/number},https://api.github.com/repos/microsoft/ABAP-SDK-for-Azure/commits{/sha},https://api.github.com/repos/microsoft/ABAP-SDK-for-Azure/compare/{base}...{head},https://api.github.com/repos/microsoft/ABAP-SDK-for-Azure/contents/{+path},https://api.github.com/repos/microsoft/ABAP-SDK-for-Azure/contributors,2018-03-10T20:01:50Z,master,https://api.github.com/repos/microsoft/ABAP-SDK-for-Azure/deployments,ABAP Libraries for SAP native Integration with Azure Services,False,https://api.github.com/repos/microsoft/ABAP-SDK-for-Azure/downloads,https://api.github.com/repos/microsoft/ABAP-SDK-for-Azure/events,False,69,69,https://api.github.com/repos/microsoft/ABAP-SDK-for-Azure/forks,microsoft/ABAP-SDK-for-Azure,https://api.github.com/repos/microsoft/ABAP-SDK-for-Azure/git/commits{/sha},https://api.github.com/repos/microsoft/ABAP-SDK-for-Azure/git/refs{/sha},https://api.github.com/repos/microsoft/ABAP-SDK-for-Azure/git/tags{/sha},git://github.com/microsoft/ABAP-SDK-for-Azure.git,False,False,True,False,True,True,True,,https://api.github.com/repos/microsoft/ABAP-SDK-for-Azure/hooks,https://github.com/microsoft/ABAP-SDK-for-Azure,124694095,False,https://api.github.com/repos/microsoft/ABAP-SDK-for-Azure/issues/comments{/number},https://api.github.com/repos/microsoft/ABAP-SDK-for-Azure/issues/events{/number},https://api.github.com/repos/microsoft/ABAP-SDK-for-Azure/issues{/number},https://api.github.com/repos/microsoft/ABAP-SDK-for-Azure/keys{/key_id},https://api.github.com/repos/microsoft/ABAP-SDK-for-Azure/labels{/name},ABAP,https://api.github.com/repos/microsoft/ABAP-SDK-for-Azure/languages,,mit,MIT License,MDc6TGljZW5zZTEz,MIT,https://api.github.com/licenses/mit,https://api.github.com/repos/microsoft/ABAP-SDK-for-Azure/merges,https://api.github.com/repos/microsoft/ABAP-SDK-for-Azure/milestones{/number},,ABAP-SDK-for-Azure,MDEwOlJlcG9zaXRvcnkxMjQ2OTQwOTU=,"https://api.github.com/repos/microsoft/ABAP-SDK-for-Azure/notifications{?since,all,participating}",4,4,https://avatars.githubusercontent.com/u/6154722?v=4,https://api.github.com/users/microsoft/events{/privacy},https://api.github.com/users/microsoft/followers,https://api.github.com/users/microsoft/following{/other_user},https://api.github.com/users/microsoft/gists{/gist_id},,https://github.com/microsoft,6154722,microsoft,MDEyOk9yZ2FuaXphdGlvbjYxNTQ3MjI=,https://api.github.com/users/microsoft/orgs,https://api.github.com/users/microsoft/received_events,https://api.github.com/users/microsoft/repos,False,https://api.github.com/users/microsoft/starred{/owner}{/repo},https://api.github.com/users/microsoft/subscriptions,Organization,https://api.github.com/users/microsoft,public,False,all,https://api.github.com/repos/microsoft/ABAP-SDK-for-Azure/pulls{/number},2026-07-14T12:55:51Z,https://api.github.com/repos/microsoft/ABAP-SDK-for-Azure/releases{/id},20538,git@github.com:microsoft/ABAP-SDK-for-Azure.git,195,https://api.github.com/repos/microsoft/ABAP-SDK-for-Azure/stargazers,https://api.github.com/repos/microsoft/ABAP-SDK-for-Azure/statuses/{sha},https://api.github.com/repos/microsoft/ABAP-SDK-for-Azure/subscribers,https://api.github.com/repos/microsoft/ABAP-SDK-for-Azure/subscription,https://github.com/microsoft/ABAP-SDK-for-Azure,https://api.github.com/repos/microsoft/ABAP-SDK-for-Azure/tags,https://api.github.com/repos/microsoft/ABAP-SDK-for-Azure/teams,"[""abap"", ""abap-sdk"", ""abapgit"", ""azure"", ""azuresdk""]",https://api.github.com/repos/microsoft/ABAP-SDK-for-Azure/git/trees{/sha},2026-08-27T10:53:15Z,https://api.github.com/repos/microsoft/ABAP-SDK-for-Azure,public,195,195,False
True,https://api.github.com/repos/microsoft/abap2git/{archive_format}{/ref},True,https://api.github.com/repos/microsoft/abap2git/assignees{/user},https://api.github.com/repos/microsoft/abap2git/git/blobs{/sha},https://api.github.com/repos/microsoft/abap2git/branches{/branch},https://github.com/microsoft/abap2git.git,https://api.github.com/repos/microsoft/abap2git/collaborators{/collaborator},https://api.github.com/repos/microsoft/abap2git/comments{/number},https://api.github.com/repos/microsoft/abap2git/commits{/sha},https://api.github.com/repos/microsoft/abap2git/compare/{base}...{head},https://api.github.com/repos/microsoft/abap2git/contents/{+path},https://api.github.com/repos/microsoft/abap2git/contributors,2022-11-09T06:17:49Z,main,https://api.github.com/repos/microsoft/abap2git/deployments,"One-way sync from SAP to Git repo for ABAP objects allowing multiple systems in branches and multiple packages in one branch, supporting code objects plus configuration delta and HR/payroll PCR/schema",False,https://api.github.com/repos/microsoft/abap2git/downloads,https://api.github.com/repos/microsoft/abap2git/events,False,6,6,https://api.github.com/repos/microsoft/abap2git/forks,microsoft/abap2git,https://api.github.com/repos/microsoft/abap2git/git/commits{/sha},https://api.github.com/repos/microsoft/abap2git/git/refs{/sha},https://api.github.com/repos/microsoft/abap2git/git/tags{/sha},git://github.com/microsoft/abap2git.git,True,False,True,False,True,True,True,,https://api.github.com/repos/microsoft/abap2git/hooks,https://github.com/microsoft/abap2git,563697236,False,https://api.github.com/repos/microsoft/abap2git/issues/comments{/number},https://api.github.com/repos/microsoft/abap2git/issues/events{/number},https://api.github.com/repos/microsoft/abap2git/issues{/number},https://api.github.com/repos/microsoft/abap2git/keys{/key_id},https://api.github.com/repos/microsoft/abap2git/labels{/name},ABAP,https://api.github.com/repos/microsoft/abap2git/languages,,mit,MIT License,MDc6TGljZW5zZTEz,MIT,https://api.github.com/licenses/mit,https://api.github.com/repos/microsoft/abap2git/merges,https://api.github.com/repos/microsoft/abap2git/milestones{/number},,abap2git,R_kgDOIZlWVA,"https://api.github.com/repos/microsoft/abap2git/notifications{?since,all,participating}",1,1,https://avatars.githubusercontent.com/u/6154722?v=4,https://api.github.com/users/microsoft/events{/privacy},https://api.github.com/users/microsoft/followers,https://api.github.com/users/microsoft/following{/other_user},https://api.github.com/users/microsoft/gists{/gist_id},,https://github.com/microsoft,6154722,microsoft,MDEyOk9yZ2FuaXphdGlvbjYxNTQ3MjI=,https://api.github.com/users/microsoft/orgs,https://api.github.com/users/microsoft/received_events,https://api.github.com/users/microsoft/repos,False,https://api.github.com/users/microsoft/starred{/owner}{/repo},https://api.github.com/users/microsoft/subscriptions,Organization,https://api.github.com/users/microsoft,public,False,all,https://api.github.com/repos/microsoft/abap2git/pulls{/number},2023-10-27T23:14:55Z,https://api.github.com/repos/microsoft/abap2git/releases{/id},231,git@github.com:microsoft/abap2git.git,18,https://api.github.com/repos/microsoft/abap2git/stargazers,https://api.github.com/repos/microsoft/abap2git/statuses/{sha},https://api.github.com/repos/microsoft/abap2git/subscribers,https://api.github.com/repos/microsoft/abap2git/subscription,https://github.com/microsoft/abap2git,https://api.github.com/repos/microsoft/abap2git/tags,https://api.github.com/repos/microsoft/abap2git/teams,[],https://api.github.com/repos/microsoft/abap2git/git/trees{/sha},2026-08-27T10:53:15Z,https://api.github.com/repos/microsoft/abap2git,public,18,18,False
True,https://api.github.com/repos/microsoft/ability-attributes/{archive_format}{/ref},True,https://api.github.com/repos/microsoft/ability-attributes/assignees{/user},https://api.github.com/repos/microsoft/ability-attributes/git/blobs{/sha},https://api.github.com/repos/microsoft/ability-attributes/branches{/branch},https://github.com/microsoft/ability-attributes.git,https://api.github.com/repos/microsoft/ability-attributes/collaborators{/collaborator},https://api.github.com/repos/microsoft/ability-attributes/comments{/number},https://api.github.com/repos/microsoft/ability-attributes/commits{/sha},https://api.github.com/repos/microsoft/ability-attributes/compare/{base}...{head},https://api.github.com/repos/microsoft/ability-attributes/contents/{+path},https://api.github.com/repos/microsoft/ability-attributes/contributors,2019-08-28T16:17:49Z,master,https://api.github.com/repos/microsoft/ability-attributes/deployments,Web Application Accessibility Attributes Runtime Validator,False,https://api.github.com/repos/microsoft/ability-attributes/downloads,https://api.github.com/repos/microsoft/ability-attributes/events,False,8,8,https://api.github.com/repos/microsoft/ability-attributes/forks,microsoft/ability-attributes,https://api.github.com/repos/microsoft/ability-attributes/git/commits{/sha},https://api.github.com/repos/microsoft/ability-attributes/git/refs{/sha},https://api.github.com/repos/microsoft/ability-attributes/git/tags{/sha},git://github.com/microsoft/ability-attributes.git,False,False,True,False,True,True,True,,https://api.github.com/repos/microsoft/ability-attributes/hooks,https://github.com/microsoft/ability-attributes,204974165,False,https://api.github.com/repos/microsoft/ability-attributes/issues/comments{/number},https://api.github.com/repos/microsoft/ability-attributes/issues/events{/number},https://api.github.com/repos/microsoft/ability-attributes/issues{/number},https://api.github.com/repos/microsoft/ability-attributes/keys{/key_id},https://api.github.com/repos/microsoft/ability-attributes/labels{/name},TypeScript,https://api.github.com/repos/microsoft/ability-attributes/languages,,mit,MIT License,MDc6TGljZW5zZTEz,MIT,https://api.github.com/licenses/mit,https://api.github.com/repos/microsoft/ability-attributes/merges,https://api.github.com/repos/microsoft/ability-attributes/milestones{/number},,ability-attributes,MDEwOlJlcG9zaXRvcnkyMDQ5NzQxNjU=,"https://api.github.com/repos/microsoft/ability-attributes/notifications{?since,all,participating}",4,4,https://avatars.githubusercontent.com/u/6154722?v=4,https://api.github.com/users/microsoft/events{/privacy},https://api.github.com/users/microsoft/followers,https://api.github.com/users/microsoft/following{/other_user},https://api.github.com/users/microsoft/gists{/gist_id},,https://github.com/microsoft,6154722,microsoft,MDEyOk9yZ2FuaXphdGlvbjYxNTQ3MjI=,https://api.github.com/users/microsoft/orgs,https://api.github.com/users/microsoft/received_events,https://api.github.com/users/microsoft/repos,False,https://api.github.com/users/microsoft/starred{/owner}{/repo},https://api.github.com/users/microsoft/subscriptions,Organization,https://api.github.com/users/microsoft,public,False,all,https://api.github.com/repos/microsoft/ability-attributes/pulls{/number},2023-11-01T09:17:33Z,https://api.github.com/repos/microsoft/ability-attributes/releases{/id},90,git@github.com:microsoft/ability-attributes.git,7,https://api.github.com/repos/microsoft/ability-attributes/stargazers,https://api.github.com/repos/microsoft/ability-attributes/statuses/{sha},https://api.github.com/repos/microsoft/ability-attributes/subscribers,https://api.github.com/repos/microsoft/ability-attributes/subscription,https://github.com/microsoft/ability-attributes,https://api.github.com/repos/microsoft/ability-attributes/tags,https://api.github.com/repos/microsoft/ability-attributes/teams,[],https://api.github.com/repos/microsoft/ability-attributes/git/trees{/sha},2026-08-27T10:53:16Z,https://api.github.com/repos/microsoft/ability-attributes,public,7,7,False
True,https://api.github.com/repos/microsoft/abledom/{archive_format}{/ref},False,https://api.github.com/repos/microsoft/abledom/assignees{/user},https://api.github.com/repos/microsoft/abledom/git/blobs{/sha},https://api.github.com/repos/microsoft/abledom/branches{/branch},https://github.com/microsoft/abledom.git,https://api.github.com/repos/microsoft/abledom/collaborators{/collaborator},https://api.github.com/repos/microsoft/abledom/comments{/number},https://api.github.com/repos/microsoft/abledom/commits{/sha},https://api.github.com/repos/microsoft/abledom/compare/{base}...{head},https://api.github.com/repos/microsoft/abledom/contents/{+path},https://api.github.com/repos/microsoft/abledom/contributors,2025-03-25T18:00:31Z,main,https://api.github.com/repos/microsoft/abledom/deployments,Continuous detection of typical web application accessibility problems.,False,https://api.github.com/repos/microsoft/abledom/downloads,https://api.github.com/repos/microsoft/abledom/events,False,7,7,https://api.github.com/repos/microsoft/abledom/forks,microsoft/abledom,https://api.github.com/repos/microsoft/abledom/git/commits{/sha},https://api.github.com/repos/microsoft/abledom/git/refs{/sha},https://api.github.com/repos/microsoft/abledom/git/tags{/sha},git://github.com/microsoft/abledom.git,False,False,True,False,True,True,True,,https://api.github.com/repos/microsoft/abledom/hooks,https://github.com/microsoft/abledom,954851140,False,https://api.github.com/repos/microsoft/abledom/issues/comments{/number},https://api.github.com/repos/microsoft/abledom/issues/events{/number},https://api.github.com/repos/microsoft/abledom/issues{/number},https://api.github.com/repos/microsoft/abledom/keys{/key_id},https://api.github.com/repos/microsoft/abledom/labels{/name},TypeScript,https://api.github.com/repos/microsoft/abledom/languages,,mit,MIT License,MDc6TGljZW5zZTEz,MIT,https://api.github.com/licenses/mit,https://api.github.com/repos/microsoft/abledom/merges,https://api.github.com/repos/microsoft/abledom/milestones{/number},,abledom,R_kgDOOOnfRA,"https://api.github.com/repos/microsoft/abledom/notifications{?since,all,participating}",9,9,https://avatars.githubusercontent.com/u/6154722?v=4,https://api.github.com/users/microsoft/events{/privacy},https://api.github.com/users/microsoft/followers,https://api.github.com/users/microsoft/following{/other_user},https://api.github.com/users/microsoft/gists{/gist_id},,https://github.com/microsoft,6154722,microsoft,MDEyOk9yZ2FuaXphdGlvbjYxNTQ3MjI=,https://api.github.com/users/microsoft/orgs,https://api.github.com/users/microsoft/received_events,https://api.github.com/users/microsoft/repos,False,https://api.github.com/users/microsoft/starred{/owner}{/repo},https://api.github.com/users/microsoft/subscriptions,Organization,https://api.github.com/users/microsoft,public,False,all,https://api.github.com/repos/microsoft/abledom/pulls{/number},2026-08-04T04:39:43Z,https://api.github.com/repos/microsoft/abledom/releases{/id},977,git@github.com:microsoft/abledom.git,6,https://api.github.com/repos/microsoft/abledom/stargazers,https://api.github.com/repos/microsoft/abledom/statuses/{sha},https://api.github.com/repos/microsoft/abledom/subscribers,https://api.github.com/repos/microsoft/abledom/subscription,https://github.com/microsoft/abledom,https://api.github.com/repos/microsoft/abledom/tags,https://api.github.com/repos/microsoft/abledom/teams,[],https://api.github.com/repos/microsoft/abledom/git/trees{/sha},2026-08-27T10:53:17Z,https://api.github.com/repos/microsoft/abledom,public,6,6,False
True,https://api.github.com/repos/microsoft/ABS-CSA-Assets/{archive_format}{/ref},False,https://api.github.com/repos/microsoft/ABS-CSA-Assets/assignees{/user},https://api.github.com/repos/microsoft/ABS-CSA-Assets/git/blobs{/sha},https://api.github.com/repos/microsoft/ABS-CSA-Assets/branches{/branch},https://github.com/microsoft/ABS-CSA-Assets.git,https://api.github.com/repos/microsoft/ABS-CSA-Assets/collaborators{/collaborator},https://api.github.com/repos/microsoft/ABS-CSA-Assets/comments{/number},https://api.github.com/repos/microsoft/ABS-CSA-Assets/commits{/sha},https://api.github.com/repos/microsoft/ABS-CSA-Assets/compare/{base}...{head},https://api.github.com/repos/microsoft/ABS-CSA-Assets/contents/{+path},https://api.github.com/repos/microsoft/ABS-CSA-Assets/contributors,2024-01-17T15:44:55Z,main,https://api.github.com/repos/microsoft/ABS-CSA-Assets/deployments,This repo centralizes assets used by Microsoft CSAs. It is available to all organizations for educational purposes.,False,https://api.github.com/repos/microsoft/ABS-CSA-Assets/downloads,https://api.github.com/repos/microsoft/ABS-CSA-Assets/events,False,4,4,https://api.github.com/repos/microsoft/ABS-CSA-Assets/forks,microsoft/ABS-CSA-Assets,https://api.github.com/repos/microsoft/ABS-CSA-Assets/git/commits{/sha},https://api.github.com/repos/microsoft/ABS-CSA-Assets/git/refs{/sha},https://api.github.com/repos/microsoft/ABS-CSA-Assets/git/tags{/sha},git://github.com/microsoft/ABS-CSA-Assets.git,False,False,True,True,True,True,True,,https://api.github.com/repos/microsoft/ABS-CSA-Assets/hooks,https://github.com/microsoft/ABS-CSA-Assets,744583961,False,https://api.github.com/repos/microsoft/ABS-CSA-Assets/issues/comments{/number},https://api.github.com/repos/microsoft/ABS-CSA-Assets/issues/events{/number},https://api.github.com/repos/microsoft/ABS-CSA-Assets/issues{/number},https://api.github.com/repos/microsoft/ABS-CSA-Assets/keys{/key_id},https://api.github.com/repos/microsoft/ABS-CSA-Assets/labels{/name},JavaScript,https://api.github.com/repos/microsoft/ABS-CSA-Assets/languages,,mit,MIT License,MDc6TGljZW5zZTEz,MIT,https://api.github.com/licenses/mit,https://api.github.com/repos/microsoft/ABS-CSA-Assets/merges,https://api.github.com/repos/microsoft/ABS-CSA-Assets/milestones{/number},,ABS-CSA-Assets,R_kgDOLGFzGQ,"https://api.github.com/repos/microsoft/ABS-CSA-Assets/notifications{?since,all,participating}",5,5,https://avatars.githubusercontent.com/u/6154722?v=4,https://api.github.com/users/microsoft/events{/privacy},https://api.github.com/users/microsoft/followers,https://api.github.com/users/microsoft/following{/other_user},https://api.github.com/users/microsoft/gists{/gist_id},,https://github.com/microsoft,6154722,microsoft,MDEyOk9yZ2FuaXphdGlvbjYxNTQ3MjI=,https://api.github.com/users/microsoft/orgs,https://api.github.com/users/microsoft/received_events,https://api.github.com/users/microsoft/repos,False,https://api.github.com/users/microsoft/starred{/owner}{/repo},https://api.github.com/users/microsoft/subscriptions,Organization,https://api.github.com/users/microsoft,public,False,all,https://api.github.com/repos/microsoft/ABS-CSA-Assets/pulls{/number},2026-01-15T21:24:37Z,https://api.github.com/repos/microsoft/ABS-CSA-Assets/releases{/id},20314,git@github.com:microsoft/ABS-CSA-Assets.git,11,https://api.github.com/repos/microsoft/ABS-CSA-Assets/stargazers,https://api.github.com/repos/microsoft/ABS-CSA-Assets/statuses/{sha},https://api.github.com/repos/microsoft/ABS-CSA-Assets/subscribers,https://api.github.com/repos/microsoft/ABS-CSA-Assets/subscription,https://github.com/microsoft/ABS-CSA-Assets,https://api.github.com/repos/microsoft/ABS-CSA-Assets/tags,https://api.github.com/repos/microsoft/ABS-CSA-Assets/teams,[],https://api.github.com/repos/microsoft/ABS-CSA-Assets/git/trees{/sha},2026-08-27T10:53:18Z,https://api.github.com/repos/microsoft/ABS-CSA-Assets,public,11,11,False
True,https://api.github.com/repos/microsoft/abskorea/{archive_format}{/ref},False,https://api.github.com/repos/microsoft/abskorea/assignees{/user},https://api.github.com/repos/microsoft/abskorea/git/blobs{/sha},https://api.github.com/repos/microsoft/abskorea/branches{/branch},https://github.com/microsoft/abskorea.git,https://api.github.com/repos/microsoft/abskorea/collaborators{/collaborator},https://api.github.com/repos/microsoft/abskorea/comments{/number},https://api.github.com/repos/microsoft/abskorea/commits{/sha},https://api.github.com/repos/microsoft/abskorea/compare/{base}...{head},https://api.github.com/repos/microsoft/abskorea/contents/{+path},https://api.github.com/repos/microsoft/abskorea/contributors,2026-02-10T14:53:13Z,main,https://api.github.com/repos/microsoft/abskorea/deployments,Korea STU ABS Team Blog,False,https://api.github.com/repos/microsoft/abskorea/downloads,https://api.github.com/repos/microsoft/abskorea/events,False,2,2,https://api.github.com/repos/microsoft/abskorea/forks,microsoft/abskorea,https://api.github.com/repos/microsoft/abskorea/git/commits{/sha},https://api.github.com/repos/microsoft/abskorea/git/refs{/sha},https://api.github.com/repos/microsoft/abskorea/git/tags{/sha},git://github.com/microsoft/abskorea.git,False,False,True,True,True,True,True,,https://api.github.com/repos/microsoft/abskorea/hooks,https://github.com/microsoft/abskorea,1154581516,False,https://api.github.com/repos/microsoft/abskorea/issues/comments{/number},https://api.github.com/repos/microsoft/abskorea/issues/events{/number},https://api.github.com/repos/microsoft/abskorea/issues{/number},https://api.github.com/repos/microsoft/abskorea/keys{/key_id},https://api.github.com/repos/microsoft/abskorea/labels{/name},Shell,https://api.github.com/repos/microsoft/abskorea/languages,,mit,MIT License,MDc6TGljZW5zZTEz,MIT,https://api.github.com/licenses/mit,https://api.github.com/repos/microsoft/abskorea/merges,https://api.github.com/repos/microsoft/abskorea/milestones{/number},,abskorea,R_kgDORNGEDA,"https://api.github.com/repos/microsoft/abskorea/notifications{?since,all,participating}",1,1,https://avatars.githubusercontent.com/u/6154722?v=4,https://api.github.com/users/microsoft/events{/privacy},https://api.github.com/users/microsoft/followers,https://api.github.com/users/microsoft/following{/other_user},https://api.github.com/users/microsoft/gists{/gist_id},,https://github.com/microsoft,6154722,microsoft,MDEyOk9yZ2FuaXphdGlvbjYxNTQ3MjI=,https://api.github.com/users/microsoft/orgs,https://api.github.com/users/microsoft/received_events,https://api.github.com/users/microsoft/repos,False,https://api.github.com/users/microsoft/starred{/owner}{/repo},https://api.github.com/users/microsoft/subscriptions,Organization,https://api.github.com/users/microsoft,public,False,all,https://api.github.com/repos/microsoft/abskorea/pulls{/number},2026-03-08T15:54:40Z,https://api.github.com/repos/microsoft/abskorea/releases{/id},37,git@github.com:microsoft/abskorea.git,1,https://api.github.com/repos/microsoft/abskorea/stargazers,https://api.github.com/repos/microsoft/abskorea/statuses/{sha},https://api.github.com/repos/microsoft/abskorea/subscribers,https://api.github.com/repos/microsoft/abskorea/subscription,https://github.com/microsoft/abskorea,https://api.github.com/repos/microsoft/abskorea/tags,https://api.github.com/repos/microsoft/abskorea/teams,[],https://api.github.com/repos/microsoft/abskorea/git/trees{/sha},2026-08-27T10:53:18Z,https://api.github.com/repos/microsoft/abskorea,public,1,1,False
True,https://api.github.com/repos/microsoft/abstrakt/{archive_format}{/ref},True,https://api.github.com/repos/microsoft/abstrakt/assignees{/user},https://api.github.com/repos/microsoft/abstrakt/git/blobs{/sha},https://api.github.com/repos/microsoft/abstrakt/branches{/branch},https://github.com/microsoft/abstrakt.git,https://api.github.com/repos/microsoft/abstrakt/collaborators{/collaborator},https://api.github.com/repos/microsoft/abstrakt/comments{/number},https://api.github.com/repos/microsoft/abstrakt/commits{/sha},https://api.github.com/repos/microsoft/abstrakt/compare/{base}...{head},https://api.github.com/repos/microsoft/abstrakt/contents/{+path},https://api.github.com/repos/microsoft/abstrakt/contributors,2019-09-02T05:20:12Z,master,https://api.github.com/repos/microsoft/abstrakt/deployments,"Business oriented, config driven DevOps",False,https://api.github.com/repos/microsoft/abstrakt/downloads,https://api.github.com/repos/microsoft/abstrakt/events,False,9,9,https://api.github.com/repos/microsoft/abstrakt/forks,microsoft/abstrakt,https://api.github.com/repos/microsoft/abstrakt/git/commits{/sha},https://api.github.com/repos/microsoft/abstrakt/git/refs{/sha},https://api.github.com/repos/microsoft/abstrakt/git/tags{/sha},git://github.com/microsoft/abstrakt.git,False,False,True,False,True,True,True,,https://api.github.com/repos/microsoft/abstrakt/hooks,https://github.com/microsoft/abstrakt,205781888,False,https://api.github.com/repos/microsoft/abstrakt/issues/comments{/number},https://api.github.com/repos/microsoft/abstrakt/issues/events{/number},https://api.github.com/repos/microsoft/abstrakt/issues{/number},https://api.github.com/repos/microsoft/abstrakt/keys{/key_id},https://api.github.com/repos/microsoft/abstrakt/labels{/name},Go,https://api.github.com/repos/microsoft/abstrakt/languages,,mit,MIT License,MDc6TGljZW5zZTEz,MIT,https://api.github.com/licenses/mit,https://api.github.com/repos/microsoft/abstrakt/merges,https://api.github.com/repos/microsoft/abstrakt/milestones{/number},,abstrakt,MDEwOlJlcG9zaXRvcnkyMDU3ODE4ODg=,"https://api.github.com/repos/microsoft/abstrakt/notifications{?since,all,participating}",15,15,https://avatars.githubusercontent.com/u/6154722?v=4,https://api.github.com/users/microsoft/events{/privacy},https://api.github.com/users/microsoft/followers,https://api.github.com/users/microsoft/following{/other_user},https://api.github.com/users/microsoft/gists{/gist_id},,https://github.com/microsoft,6154722,microsoft,MDEyOk9yZ2FuaXphdGlvbjYxNTQ3MjI=,https://api.github.com/users/microsoft/orgs,https://api.github.com/users/microsoft/received_events,https://api.github.com/users/microsoft/repos,False,https://api.github.com/users/microsoft/starred{/owner}{/repo},https://api.github.com/users/microsoft/subscriptions,Organization,https://api.github.com/users/microsoft,public,False,all,https://api.github.com/repos/microsoft/abstrakt/pulls{/number},2023-10-25T16:50:26Z,https://api.github.com/repos/microsoft/abstrakt/releases{/id},15363,git@github.com:microsoft/abstrakt.git,10,https://api.github.com/repos/microsoft/abstrakt/stargazers,https://api.github.com/repos/microsoft/abstrakt/statuses/{sha},https://api.github.com/repos/microsoft/abstrakt/subscribers,https://api.github.com/repos/microsoft/abstrakt/subscription,https://github.com/microsoft/abstrakt,https://api.github.com/repos/microsoft/abstrakt/tags,https://api.github.com/repos/microsoft/abstrakt/teams,[],https://api.github.com/repos/microsoft/abstrakt/git/trees{/sha},2026-08-27T10:53:19Z,https://api.github.com/repos/microsoft/abstrakt,public,10,10,False
True,https://api.github.com/repos/microsoft/aca-dev-day/{archive_format}{/ref},False,https://api.github.com/repos/microsoft/aca-dev-day/assignees{/user},https://api.github.com/repos/microsoft/aca-dev-day/git/blobs{/sha},https://api.github.com/repos/microsoft/aca-dev-day/branches{/branch},https://github.com/microsoft/aca-dev-day.git,https://api.github.com/repos/microsoft/aca-dev-day/collaborators{/collaborator},https://api.github.com/repos/microsoft/aca-dev-day/comments{/number},https://api.github.com/repos/microsoft/aca-dev-day/commits{/sha},https://api.github.com/repos/microsoft/aca-dev-day/compare/{base}...{head},https://api.github.com/repos/microsoft/aca-dev-day/contents/{+path},https://api.github.com/repos/microsoft/aca-dev-day/contributors,2023-02-02T16:24:08Z,main,https://api.github.com/repos/microsoft/aca-dev-day/deployments,Documentation and Workshop steps for Azure Container Apps Dev Day,False,https://api.github.com/repos/microsoft/aca-dev-day/downloads,https://api.github.com/repos/microsoft/aca-dev-day/events,False,3,3,https://api.github.com/repos/microsoft/aca-dev-day/forks,microsoft/aca-dev-day,https://api.github.com/repos/microsoft/aca-dev-day/git/commits{/sha},https://api.github.com/repos/microsoft/aca-dev-day/git/refs{/sha},https://api.github.com/repos/microsoft/aca-dev-day/git/tags{/sha},git://github.com/microsoft/aca-dev-day.git,False,False,True,False,True,True,True,,https://api.github.com/repos/microsoft/aca-dev-day/hooks,https://github.com/microsoft/aca-dev-day,596644036,False,https://api.github.com/repos/microsoft/aca-dev-day/issues/comments{/number},https://api.github.com/repos/microsoft/aca-dev-day/issues/events{/number},https://api.github.com/repos/microsoft/aca-dev-day/issues{/number},https://api.github.com/repos/microsoft/aca-dev-day/keys{/key_id},https://api.github.com/repos/microsoft/aca-dev-day/labels{/name},JavaScript,https://api.github.com/repos/microsoft/aca-dev-day/languages,,mit,MIT License,MDc6TGljZW5zZTEz,MIT,https://api.github.com/licenses/mit,https://api.github.com/repos/microsoft/aca-dev-day/merges,https://api.github.com/repos/microsoft/aca-dev-day/milestones{/number},,aca-dev-day,R_kgDOI5AQxA,"https://api.github.com/repos/microsoft/aca-dev-day/notifications{?since,all,participating}",9,9,https://avatars.githubusercontent.com/u/6154722?v=4,https://api.github.com/users/microsoft/events{/privacy},https://api.github.com/users/microsoft/followers,https://api.github.com/users/microsoft/following{/other_user},https://api.github.com/users/microsoft/gists{/gist_id},,https://github.com/microsoft,6154722,microsoft,MDEyOk9yZ2FuaXphdGlvbjYxNTQ3MjI=,https://api.github.com/users/microsoft/orgs,https://api.github.com/users/microsoft/received_events,https://api.github.com/users/microsoft/repos,False,https://api.github.com/users/microsoft/starred{/owner}{/repo},https://api.github.com/users/microsoft/subscriptions,Organization,https://api.github.com/users/microsoft,public,False,all,https://api.github.com/repos/microsoft/aca-dev-day/pulls{/number},2024-12-05T23:35:46Z,https://api.github.com/repos/microsoft/aca-dev-day/releases{/id},4470,git@github.com:microsoft/aca-dev-day.git,4,https://api.github.com/repos/microsoft/aca-dev-day/stargazers,https://api.github.com/repos/microsoft/aca-dev-day/statuses/{sha},https://api.github.com/repos/microsoft/aca-dev-day/subscribers,https://api.github.com/repos/microsoft/aca-dev-day/subscription,https://github.com/microsoft/aca-dev-day,https://api.github.com/repos/microsoft/aca-dev-day/tags,https://api.github.com/repos/microsoft/aca-dev-day/teams,[],https://api.github.com/repos/microsoft/aca-dev-day/git/trees{/sha},2026-08-27T10:53:20Z,https://api.github.com/repos/microsoft/aca-dev-day,public,4,4,False
True,https://api.github.com/repos/microsoft/academic-knowledge-exploration-services-utilities/{archive_format}{/ref},True,https://api.github.com/repos/microsoft/academic-knowledge-exploration-services-utilities/assignees{/user},https://api.github.com/repos/microsoft/academic-knowledge-exploration-services-utilities/git/blobs{/sha},https://api.github.com/repos/microsoft/academic-knowledge-exploration-services-utilities/branches{/branch},https://github.com/microsoft/academic-knowledge-exploration-services-utilities.git,https://api.github.com/repos/microsoft/academic-knowledge-exploration-services-utilities/collaborators{/collaborator},https://api.github.com/repos/microsoft/academic-knowledge-exploration-services-utilities/comments{/number},https://api.github.com/repos/microsoft/academic-knowledge-exploration-services-utilities/commits{/sha},https://api.github.com/repos/microsoft/academic-knowledge-exploration-services-utilities/compare/{base}...{head},https://api.github.com/repos/microsoft/academic-knowledge-exploration-services-utilities/contents/{+path},https://api.github.com/repos/microsoft/academic-knowledge-exploration-services-utilities/contributors,2018-11-02T18:32:12Z,master,https://api.github.com/repos/microsoft/academic-knowledge-exploration-services-utilities/deployments,Utility tools and scripts for interacting with Microsoft Academic Knowledge Exploration Service (MAKES),False,https://api.github.com/repos/microsoft/academic-knowledge-exploration-services-utilities/downloads,https://api.github.com/repos/microsoft/academic-knowledge-exploration-services-utilities/events,False,8,8,https://api.github.com/repos/microsoft/academic-knowledge-exploration-services-utilities/forks,microsoft/academic-knowledge-exploration-services-utilities,https://api.github.com/repos/microsoft/academic-knowledge-exploration-services-utilities/git/commits{/sha},https://api.github.com/repos/microsoft/academic-knowledge-exploration-services-utilities/git/refs{/sha},https://api.github.com/repos/microsoft/academic-knowledge-exploration-services-utilities/git/tags{/sha},git://github.com/microsoft/academic-knowledge-exploration-services-utilities.git,False,False,True,False,True,True,True,,https://api.github.com/repos/microsoft/academic-knowledge-exploration-services-utilities/hooks,https://github.com/microsoft/academic-knowledge-exploration-services-utilities,155906961,False,https://api.github.com/repos/microsoft/academic-knowledge-exploration-services-utilities/issues/comments{/number},https://api.github.com/repos/microsoft/academic-knowledge-exploration-services-utilities/issues/events{/number},https://api.github.com/repos/microsoft/academic-knowledge-exploration-services-utilities/issues{/number},https://api.github.com/repos/microsoft/academic-knowledge-exploration-services-utilities/keys{/key_id},https://api.github.com/repos/microsoft/academic-knowledge-exploration-services-utilities/labels{/name},PowerShell,https://api.github.com/repos/microsoft/academic-knowledge-exploration-services-utilities/languages,,mit,MIT License,MDc6TGljZW5zZTEz,MIT,https://api.github.com/licenses/mit,https://api.github.com/repos/microsoft/academic-knowledge-exploration-services-utilities/merges,https://api.github.com/repos/microsoft/academic-knowledge-exploration-services-utilities/milestones{/number},,academic-knowledge-exploration-services-utilities,MDEwOlJlcG9zaXRvcnkxNTU5MDY5NjE=,"https://api.github.com/repos/microsoft/academic-knowledge-exploration-services-utilities/notifications{?since,all,participating}",1,1,https://avatars.githubusercontent.com/u/6154722?v=4,https://api.github.com/users/microsoft/events{/privacy},https://api.github.com/users/microsoft/followers,https://api.github.com/users/microsoft/following{/other_user},https://api.github.com/users/microsoft/gists{/gist_id},,https://github.com/microsoft,6154722,microsoft,MDEyOk9yZ2FuaXphdGlvbjYxNTQ3MjI=,https://api.github.com/users/microsoft/orgs,https://api.github.com/users/microsoft/received_events,https://api.github.com/users/microsoft/repos,False,https://api.github.com/users/microsoft/starred{/owner}{/repo},https://api.github.com/users/microsoft/subscriptions,Organization,https://api.github.com/users/microsoft,public,False,all,https://api.github.com/repos/microsoft/academic-knowledge-exploration-services-utilities/pulls{/number},2022-08-15T14:49:03Z,https://api.github.com/repos/microsoft/academic-knowledge-exploration-services-utilities/releases{/id},11,git@github.com:microsoft/academic-knowledge-exploration-services-utilities.git,13,https://api.github.com/repos/microsoft/academic-knowledge-exploration-services-utilities/stargazers,https://api.github.com/repos/microsoft/academic-knowledge-exploration-services-utilities/statuses/{sha},https://api.github.com/repos/microsoft/academic-knowledge-exploration-services-utilities/subscribers,https://api.github.com/repos/microsoft/academic-knowledge-exploration-services-utilities/subscription,https://github.com/microsoft/academic-knowledge-exploration-services-utilities,https://api.github.com/repos/microsoft/academic-knowledge-exploration-services-utilities/tags,https://api.github.com/repos/microsoft/academic-knowledge-exploration-services-utilities/teams,[],https://api.github.com/repos/microsoft/academic-knowledge-exploration-services-utilities/git/trees{/sha},2026-08-27T10:53:20Z,https://api.github.com/repos/microsoft/academic-knowledge-exploration-services-utilities,public,13,13,False
True,https://api.github.com/repos/microsoft/AcademicContent/{archive_format}{/ref},True,https://api.github.com/repos/microsoft/AcademicContent/assignees{/user},https://api.github.com/repos/microsoft/AcademicContent/git/blobs{/sha},https://api.github.com/repos/microsoft/AcademicContent/branches{/branch},https://github.com/microsoft/AcademicContent.git,https://api.github.com/repos/microsoft/AcademicContent/collaborators{/collaborator},https://api.github.com/repos/microsoft/AcademicContent/comments{/number},https://api.github.com/repos/microsoft/AcademicContent/commits{/sha},https://api.github.com/repos/microsoft/AcademicContent/compare/{base}...{head},https://api.github.com/repos/microsoft/AcademicContent/contents/{+path},https://api.github.com/repos/microsoft/AcademicContent/contributors,2016-06-17T19:28:18Z,main,https://api.github.com/repos/microsoft/AcademicContent/deployments,"Free tech resources for faculty, students, researchers, life-long learners, and academic community builders for use in tech based courses, workshops, and hackathons.",False,https://api.github.com/repos/microsoft/AcademicContent/downloads,https://api.github.com/repos/microsoft/AcademicContent/events,False,952,952,https://api.github.com/repos/microsoft/AcademicContent/forks,microsoft/AcademicContent,https://api.github.com/repos/microsoft/AcademicContent/git/commits{/sha},https://api.github.com/repos/microsoft/AcademicContent/git/refs{/sha},https://api.github.com/repos/microsoft/AcademicContent/git/tags{/sha},git://github.com/microsoft/AcademicContent.git,False,False,True,False,True,True,False,,https://api.github.com/repos/microsoft/AcademicContent/hooks,https://github.com/microsoft/AcademicContent,61397447,False,https://api.github.com/repos/microsoft/AcademicContent/issues/comments{/number},https://api.github.com/repos/microsoft/AcademicContent/issues/events{/number},https://api.github.com/repos/microsoft/AcademicContent/issues{/number},https://api.github.com/repos/microsoft/AcademicContent/keys{/key_id},https://api.github.com/repos/microsoft/AcademicContent/labels{/name},,https://api.github.com/repos/microsoft/AcademicContent/languages,,mit,MIT License,MDc6TGljZW5zZTEz,MIT,https://api.github.com/licenses/mit,https://api.github.com/repos/microsoft/AcademicContent/merges,https://api.github.com/repos/microsoft/AcademicContent/milestones{/number},,AcademicContent,MDEwOlJlcG9zaXRvcnk2MTM5NzQ0Nw==,"https://api.github.com/repos/microsoft/AcademicContent/notifications{?since,all,participating}",0,0,https://avatars.githubusercontent.com/u/6154722?v=4,https://api.github.com/users/microsoft/events{/privacy},https://api.github.com/users/microsoft/followers,https://api.github.com/users/microsoft/following{/other_user},https://api.github.com/users/microsoft/gists{/gist_id},,https://github.com/microsoft,6154722,microsoft,MDEyOk9yZ2FuaXphdGlvbjYxNTQ3MjI=,https://api.github.com/users/microsoft/orgs,https://api.github.com/users/microsoft/received_events,https://api.github.com/users/microsoft/repos,False,https://api.github.com/users/microsoft/starred{/owner}{/repo},https://api.github.com/users/microsoft/subscriptions,Organization,https://api.github.com/users/microsoft,public,False,all,https://api.github.com/repos/microsoft/AcademicContent/pulls{/number},2025-08-21T15:25:38Z,https://api.github.com/repos/microsoft/AcademicContent/releases{/id},1533036,git@github.com:microsoft/AcademicContent.git,2815,https://api.github.com/repos/microsoft/AcademicContent/stargazers,https://api.github.com/repos/microsoft/AcademicContent/statuses/{sha},https://api.github.com/repos/microsoft/AcademicContent/subscribers,https://api.github.com/repos/microsoft/AcademicContent/subscription,https://github.com/microsoft/AcademicContent,https://api.github.com/repos/microsoft/AcademicContent/tags,https://api.github.com/repos/microsoft/AcademicContent/teams,"[""azure"", ""classroom"", ""computer-science"", ""faculty"", ""hackathons"", ""labs"", ""python"", ""students"", ""tech"", ""tech-resources"", ""tech-talks"", ""workshops""]",https://api.github.com/repos/microsoft/AcademicContent/git/trees{/sha},2026-08-27T10:53:21Z,https://api.github.com/repos/microsoft/AcademicContent,public,2815,2815,False
True,https://api.github.com/repos/microsoft/acc/{archive_format}{/ref},True,https://api.github.com/repos/microsoft/acc/assignees{/user},https://api.github.com/repos/microsoft/acc/git/blobs{/sha},https://api.github.com/repos/microsoft/acc/branches{/branch},https://github.com/microsoft/acc.git,https://api.github.com/repos/microsoft/acc/collaborators{/collaborator},https://api.github.com/repos/microsoft/acc/comments{/number},https://api.github.com/repos/microsoft/acc/commits{/sha},https://api.github.com/repos/microsoft/acc/compare/{base}...{head},https://api.github.com/repos/microsoft/acc/contents/{+path},https://api.github.com/repos/microsoft/acc/contributors,2023-05-15T18:50:29Z,main,https://api.github.com/repos/microsoft/acc/deployments,Apps Command Center Accelerator,False,https://api.github.com/repos/microsoft/acc/downloads,https://api.github.com/repos/microsoft/acc/events,False,2,2,https://api.github.com/repos/microsoft/acc/forks,microsoft/acc,https://api.github.com/repos/microsoft/acc/git/commits{/sha},https://api.github.com/repos/microsoft/acc/git/refs{/sha},https://api.github.com/repos/microsoft/acc/git/tags{/sha},git://github.com/microsoft/acc.git,False,False,True,False,True,True,True,,https://api.github.com/repos/microsoft/acc/hooks,https://github.com/microsoft/acc,641087409,False,https://api.github.com/repos/microsoft/acc/issues/comments{/number},https://api.github.com/repos/microsoft/acc/issues/events{/number},https://api.github.com/repos/microsoft/acc/issues{/number},https://api.github.com/repos/microsoft/acc/keys{/key_id},https://api.github.com/repos/microsoft/acc/labels{/name},Bicep,https://api.github.com/repos/microsoft/acc/languages,,mit,MIT License,MDc6TGljZW5zZTEz,MIT,https://api.github.com/licenses/mit,https://api.github.com/repos/microsoft/acc/merges,https://api.github.com/repos/microsoft/acc/milestones{/number},,acc,R_kgDOJjY3sQ,"https://api.github.com/repos/microsoft/acc/notifications{?since,all,participating}",1,1,https://avatars.githubusercontent.com/u/6154722?v=4,https://api.github.com/users/microsoft/events{/privacy},https://api.github.com/users/microsoft/followers,https://api.github.com/users/microsoft/following{/other_user},https://api.github.com/users/microsoft/gists{/gist_id},,https://github.com/microsoft,6154722,microsoft,MDEyOk9yZ2FuaXphdGlvbjYxNTQ3MjI=,https://api.github.com/users/microsoft/orgs,https://api.github.com/users/microsoft/received_events,https://api.github.com/users/microsoft/repos,False,https://api.github.com/users/microsoft/starred{/owner}{/repo},https://api.github.com/users/microsoft/subscriptions,Organization,https://api.github.com/users/microsoft,public,False,all,https://api.github.com/repos/microsoft/acc/pulls{/number},2023-06-08T21:18:19Z,https://api.github.com/repos/microsoft/acc/releases{/id},36,git@github.com:microsoft/acc.git,5,https://api.github.com/repos/microsoft/acc/stargazers,https://api.github.com/repos/microsoft/acc/statuses/{sha},https://api.github.com/repos/microsoft/acc/subscribers,https://api.github.com/repos/microsoft/acc/subscription,https://github.com/microsoft/acc,https://api.github.com/repos/microsoft/acc/tags,https://api.github.com/repos/microsoft/acc/teams,[],https://api.github.com/repos/microsoft/acc/git/trees{/sha},2026-08-27T10:53:22Z,https://api.github.com/repos/microsoft/acc,public,5,5,False
True,https://api.github.com/repos/microsoft/acc-vm-engine/{archive_format}{/ref},True,https://api.github.com/repos/microsoft/acc-vm-engine/assignees{/user},https://api.github.com/repos/microsoft/acc-vm-engine/git/blobs{/sha},https://api.github.com/repos/microsoft/acc-vm-engine/branches{/branch},https://github.com/microsoft/acc-vm-engine.git,https://api.github.com/repos/microsoft/acc-vm-engine/collaborators{/collaborator},https://api.github.com/repos/microsoft/acc-vm-engine/comments{/number},https://api.github.com/repos/microsoft/acc-vm-engine/commits{/sha},https://api.github.com/repos/microsoft/acc-vm-engine/compare/{base}...{head},https://api.github.com/repos/microsoft/acc-vm-engine/contents/{+path},https://api.github.com/repos/microsoft/acc-vm-engine/contributors,2020-10-27T22:45:26Z,main,https://api.github.com/repos/microsoft/acc-vm-engine/deployments,ACC VM template generator,False,https://api.github.com/repos/microsoft/acc-vm-engine/downloads,https://api.github.com/repos/microsoft/acc-vm-engine/events,False,10,10,https://api.github.com/repos/microsoft/acc-vm-engine/forks,microsoft/acc-vm-engine,https://api.github.com/repos/microsoft/acc-vm-engine/git/commits{/sha},https://api.github.com/repos/microsoft/acc-vm-engine/git/refs{/sha},https://api.github.com/repos/microsoft/acc-vm-engine/git/tags{/sha},git://github.com/microsoft/acc-vm-engine.git,False,False,True,False,True,True,True,,https://api.github.com/repos/microsoft/acc-vm-engine/hooks,https://github.com/microsoft/acc-vm-engine,307846249,False,https://api.github.com/repos/microsoft/acc-vm-engine/issues/comments{/number},https://api.github.com/repos/microsoft/acc-vm-engine/issues/events{/number},https://api.github.com/repos/microsoft/acc-vm-engine/issues{/number},https://api.github.com/repos/microsoft/acc-vm-engine/keys{/key_id},https://api.github.com/repos/microsoft/acc-vm-engine/labels{/name},Go,https://api.github.com/repos/microsoft/acc-vm-engine/languages,,mit,MIT License,MDc6TGljZW5zZTEz,MIT,https://api.github.com/licenses/mit,https://api.github.com/repos/microsoft/acc-vm-engine/merges,https://api.github.com/repos/microsoft/acc-vm-engine/milestones{/number},,acc-vm-engine,MDEwOlJlcG9zaXRvcnkzMDc4NDYyNDk=,"https://api.github.com/repos/microsoft/acc-vm-engine/notifications{?since,all,participating}",2,2,https://avatars.githubusercontent.com/u/6154722?v=4,https://api.github.com/users/microsoft/events{/privacy},https://api.github.com/users/microsoft/followers,https://api.github.com/users/microsoft/following{/other_user},https://api.github.com/users/microsoft/gists{/gist_id},,https://github.com/microsoft,6154722,microsoft,MDEyOk9yZ2FuaXphdGlvbjYxNTQ3MjI=,https://api.github.com/users/microsoft/orgs,https://api.github.com/users/microsoft/received_events,https://api.github.com/users/microsoft/repos,False,https://api.github.com/users/microsoft/starred{/owner}{/repo},https://api.github.com/users/microsoft/subscriptions,Organization,https://api.github.com/users/microsoft,public,False,all,https://api.github.com/repos/microsoft/acc-vm-engine/pulls{/number},2023-12-18T21:56:44Z,https://api.github.com/repos/microsoft/acc-vm-engine/releases{/id},194,git@github.com:microsoft/acc-vm-engine.git,8,https://api.github.com/repos/microsoft/acc-vm-engine/stargazers,https://api.github.com/repos/microsoft/acc-vm-engine/statuses/{sha},https://api.github.com/repos/microsoft/acc-vm-engine/subscribers,https://api.github.com/repos/microsoft/acc-vm-engine/subscription,https://github.com/microsoft/acc-vm-engine,https://api.github.com/repos/microsoft/acc-vm-engine/tags,https://api.github.com/repos/microsoft/acc-vm-engine/teams,[],https://api.github.com/repos/microsoft/acc-vm-engine/git/trees{/sha},2026-08-27T10:53:22Z,https://api.github.com/repos/microsoft/acc-vm-engine,public,8,8,False
True,https://api.github.com/repos/microsoft/accbpg/{archive_format}{/ref},True,https://api.github.com/repos/microsoft/accbpg/assignees{/user},https://api.github.com/repos/microsoft/accbpg/git/blobs{/sha},https://api.github.com/repos/microsoft/accbpg/branches{/branch},https://github.com/microsoft/accbpg.git,https://api.github.com/repos/microsoft/accbpg/collaborators{/collaborator},https://api.github.com/repos/microsoft/accbpg/comments{/number},https://api.github.com/repos/microsoft/accbpg/commits{/sha},https://api.github.com/repos/microsoft/accbpg/compare/{base}...{head},https://api.github.com/repos/microsoft/accbpg/contents/{+path},https://api.github.com/repos/microsoft/accbpg/contributors,2018-07-31T23:23:10Z,master,https://api.github.com/repos/microsoft/accbpg/deployments,Accelerated Bregman Proximal Gradient Methods,False,https://api.github.com/repos/microsoft/accbpg/downloads,https://api.github.com/repos/microsoft/accbpg/events,False,12,12,https://api.github.com/repos/microsoft/accbpg/forks,microsoft/accbpg,https://api.github.com/repos/microsoft/accbpg/git/commits{/sha},https://api.github.com/repos/microsoft/accbpg/git/refs{/sha},https://api.github.com/repos/microsoft/accbpg/git/tags{/sha},git://github.com/microsoft/accbpg.git,False,False,True,False,True,True,True,,https://api.github.com/repos/microsoft/accbpg/hooks,https://github.com/microsoft/accbpg,143079769,False,https://api.github.com/repos/microsoft/accbpg/issues/comments{/number},https://api.github.com/repos/microsoft/accbpg/issues/events{/number},https://api.github.com/repos/microsoft/accbpg/issues{/number},https://api.github.com/repos/microsoft/accbpg/keys{/key_id},https://api.github.com/repos/microsoft/accbpg/labels{/name},Jupyter Notebook,https://api.github.com/repos/microsoft/accbpg/languages,,mit,MIT License,MDc6TGljZW5zZTEz,MIT,https://api.github.com/licenses/mit,https://api.github.com/repos/microsoft/accbpg/merges,https://api.github.com/repos/microsoft/accbpg/milestones{/number},,accbpg,MDEwOlJlcG9zaXRvcnkxNDMwNzk3Njk=,"https://api.github.com/repos/microsoft/accbpg/notifications{?since,all,participating}",0,0,https://avatars.githubusercontent.com/u/6154722?v=4,https://api.github.com/users/microsoft/events{/privacy},https://api.github.com/users/microsoft/followers,https://api.github.com/users/microsoft/following{/other_user},https://api.github.com/users/microsoft/gists{/gist_id},,https://github.com/microsoft,6154722,microsoft,MDEyOk9yZ2FuaXphdGlvbjYxNTQ3MjI=,https://api.github.com/users/microsoft/orgs,https://api.github.com/users/microsoft/received_events,https://api.github.com/users/microsoft/repos,False,https://api.github.com/users/microsoft/starred{/owner}{/repo},https://api.github.com/users/microsoft/subscriptions,Organization,https://api.github.com/users/microsoft,public,False,all,https://api.github.com/repos/microsoft/accbpg/pulls{/number},2023-06-12T19:02:37Z,https://api.github.com/repos/microsoft/accbpg/releases{/id},2552,git@github.com:microsoft/accbpg.git,30,https://api.github.com/repos/microsoft/accbpg/stargazers,https://api.github.com/repos/microsoft/accbpg/statuses/{sha},https://api.github.com/repos/microsoft/accbpg/subscribers,https://api.github.com/repos/microsoft/accbpg/subscription,https://github.com/microsoft/accbpg,https://api.github.com/repos/microsoft/accbpg/tags,https://api.github.com/repos/microsoft/accbpg/teams,[],https://api.github.com/repos/microsoft/accbpg/git/trees{/sha},2026-08-27T10:53:23Z,https://api.github.com/repos/microsoft/accbpg,public,30,30,False
True,https://api.github.com/repos/microsoft/AccCheckerExtensionForVS/{archive_format}{/ref},True,https://api.github.com/repos/microsoft/AccCheckerExtensionForVS/assignees{/user},https://api.github.com/repos/microsoft/AccCheckerExtensionForVS/git/blobs{/sha},https://api.github.com/repos/microsoft/AccCheckerExtensionForVS/branches{/branch},https://github.com/microsoft/AccCheckerExtensionForVS.git,https://api.github.com/repos/microsoft/AccCheckerExtensionForVS/collaborators{/collaborator},https://api.github.com/repos/microsoft/AccCheckerExtensionForVS/comments{/number},https://api.github.com/repos/microsoft/AccCheckerExtensionForVS/commits{/sha},https://api.github.com/repos/microsoft/AccCheckerExtensionForVS/compare/{base}...{head},https://api.github.com/repos/microsoft/AccCheckerExtensionForVS/contents/{+path},https://api.github.com/repos/microsoft/AccCheckerExtensionForVS/contributors,2015-03-17T20:57:51Z,master,https://api.github.com/repos/microsoft/AccCheckerExtensionForVS/deployments,Detect and resolve common accessibility issues before you ship your code with a free Visual Studio extension.,False,https://api.github.com/repos/microsoft/AccCheckerExtensionForVS/downloads,https://api.github.com/repos/microsoft/AccCheckerExtensionForVS/events,False,11,11,https://api.github.com/repos/microsoft/AccCheckerExtensionForVS/forks,microsoft/AccCheckerExtensionForVS,https://api.github.com/repos/microsoft/AccCheckerExtensionForVS/git/commits{/sha},https://api.github.com/repos/microsoft/AccCheckerExtensionForVS/git/refs{/sha},https://api.github.com/repos/microsoft/AccCheckerExtensionForVS/git/tags{/sha},git://github.com/microsoft/AccCheckerExtensionForVS.git,False,False,True,False,True,True,False,,https://api.github.com/repos/microsoft/AccCheckerExtensionForVS/hooks,https://github.com/microsoft/AccCheckerExtensionForVS,32419990,False,https://api.github.com/repos/microsoft/AccCheckerExtensionForVS/issues/comments{/number},https://api.github.com/repos/microsoft/AccCheckerExtensionForVS/issues/events{/number},https://api.github.com/repos/microsoft/AccCheckerExtensionForVS/issues{/number},https://api.github.com/repos/microsoft/AccCheckerExtensionForVS/keys{/key_id},https://api.github.com/repos/microsoft/AccCheckerExtensionForVS/labels{/name},C#,https://api.github.com/repos/microsoft/AccCheckerExtensionForVS/languages,,mit,MIT License,MDc6TGljZW5zZTEz,MIT,https://api.github.com/licenses/mit,https://api.github.com/repos/microsoft/AccCheckerExtensionForVS/merges,https://api.github.com/repos/microsoft/AccCheckerExtensionForVS/milestones{/number},,AccCheckerExtensionForVS,MDEwOlJlcG9zaXRvcnkzMjQxOTk5MA==,"https://api.github.com/repos/microsoft/AccCheckerExtensionForVS/notifications{?since,all,participating}",2,2,https://avatars.githubusercontent.com/u/6154722?v=4,https://api.github.com/users/microsoft/events{/privacy},https://api.github.com/users/microsoft/followers,https://api.github.com/users/microsoft/following{/other_user},https://api.github.com/users/microsoft/gists{/gist_id},,https://github.com/microsoft,6154722,microsoft,MDEyOk9yZ2FuaXphdGlvbjYxNTQ3MjI=,https://api.github.com/users/microsoft/orgs,https://api.github.com/users/microsoft/received_events,https://api.github.com/users/microsoft/repos,False,https://api.github.com/users/microsoft/starred{/owner}{/repo},https://api.github.com/users/microsoft/subscriptions,Organization,https://api.github.com/users/microsoft,public,False,all,https://api.github.com/repos/microsoft/AccCheckerExtensionForVS/pulls{/number},2022-11-28T19:14:33Z,https://api.github.com/repos/microsoft/AccCheckerExtensionForVS/releases{/id},2956,git@github.com:microsoft/AccCheckerExtensionForVS.git,24,https://api.github.com/repos/microsoft/AccCheckerExtensionForVS/stargazers,https://api.github.com/repos/microsoft/AccCheckerExtensionForVS/statuses/{sha},https://api.github.com/repos/microsoft/AccCheckerExtensionForVS/subscribers,https://api.github.com/repos/microsoft/AccCheckerExtensionForVS/subscription,https://github.com/microsoft/AccCheckerExtensionForVS,https://api.github.com/repos/microsoft/AccCheckerExtensionForVS/tags,https://api.github.com/repos/microsoft/AccCheckerExtensionForVS/teams,[],https://api.github.com/repos/microsoft/AccCheckerExtensionForVS/git/trees{/sha},2026-08-27T10:53:24Z,https://api.github.com/repos/microsoft/AccCheckerExtensionForVS,public,24,24,False
True,https://api.github.com/repos/microsoft/accelerated-dft/{archive_format}{/ref},False,https://api.github.com/repos/microsoft/accelerated-dft/assignees{/user},https://api.github.com/repos/microsoft/accelerated-dft/git/blobs{/sha},https://api.github.com/repos/microsoft/accelerated-dft/branches{/branch},https://github.com/microsoft/accelerated-dft.git,https://api.github.com/repos/microsoft/accelerated-dft/collaborators{/collaborator},https://api.github.com/repos/microsoft/accelerated-dft/comments{/number},https://api.github.com/repos/microsoft/accelerated-dft/commits{/sha},https://api.github.com/repos/microsoft/accelerated-dft/compare/{base}...{head},https://api.github.com/repos/microsoft/accelerated-dft/contents/{+path},https://api.github.com/repos/microsoft/accelerated-dft/contributors,2024-06-13T05:53:57Z,main,https://api.github.com/repos/microsoft/accelerated-dft/deployments,Repository to host supporting information and code samples for Accelerated DFT,False,https://api.github.com/repos/microsoft/accelerated-dft/downloads,https://api.github.com/repos/microsoft/accelerated-dft/events,False,3,3,https://api.github.com/repos/microsoft/accelerated-dft/forks,microsoft/accelerated-dft,https://api.github.com/repos/microsoft/accelerated-dft/git/commits{/sha},https://api.github.com/repos/microsoft/accelerated-dft/git/refs{/sha},https://api.github.com/repos/microsoft/accelerated-dft/git/tags{/sha},git://github.com/microsoft/accelerated-dft.git,False,False,True,False,True,True,True,,https://api.github.com/repos/microsoft/accelerated-dft/hooks,https://github.com/microsoft/accelerated-dft,814489792,False,https://api.github.com/repos/microsoft/accelerated-dft/issues/comments{/number},https://api.github.com/repos/microsoft/accelerated-dft/issues/events{/number},https://api.github.com/repos/microsoft/accelerated-dft/issues{/number},https://api.github.com/repos/microsoft/accelerated-dft/keys{/key_id},https://api.github.com/repos/microsoft/accelerated-dft/labels{/name},Jupyter Notebook,https://api.github.com/repos/microsoft/accelerated-dft/languages,,mit,MIT License,MDc6TGljZW5zZTEz,MIT,https://api.github.com/licenses/mit,https://api.github.com/repos/microsoft/accelerated-dft/merges,https://api.github.com/repos/microsoft/accelerated-dft/milestones{/number},,accelerated-dft,R_kgDOMIwgwA,"https://api.github.com/repos/microsoft/accelerated-dft/notifications{?since,all,participating}",1,1,https://avatars.githubusercontent.com/u/6154722?v=4,https://api.github.com/users/microsoft/events{/privacy},https://api.github.com/users/microsoft/followers,https://api.github.com/users/microsoft/following{/other_user},https://api.github.com/users/microsoft/gists{/gist_id},,https://github.com/microsoft,6154722,microsoft,MDEyOk9yZ2FuaXphdGlvbjYxNTQ3MjI=,https://api.github.com/users/microsoft/orgs,https://api.github.com/users/microsoft/received_events,https://api.github.com/users/microsoft/repos,False,https://api.github.com/users/microsoft/starred{/owner}{/repo},https://api.github.com/users/microsoft/subscriptions,Organization,https://api.github.com/users/microsoft,public,False,all,https://api.github.com/repos/microsoft/accelerated-dft/pulls{/number},2025-04-29T21:04:44Z,https://api.github.com/repos/microsoft/accelerated-dft/releases{/id},1732,git@github.com:microsoft/accelerated-dft.git,39,https://api.github.com/repos/microsoft/accelerated-dft/stargazers,https://api.github.com/repos/microsoft/accelerated-dft/statuses/{sha},https://api.github.com/repos/microsoft/accelerated-dft/subscribers,https://api.github.com/repos/microsoft/accelerated-dft/subscription,https://github.com/microsoft/accelerated-dft,https://api.github.com/repos/microsoft/accelerated-dft/tags,https://api.github.com/repos/microsoft/accelerated-dft/teams,[],https://api.github.com/repos/microsoft/accelerated-dft/git/trees{/sha},2026-08-27T10:53:25Z,https://api.github.com/repos/microsoft/accelerated-dft,public,39,39,False
True,https://api.github.com/repos/microsoft/acceleratoRs/{archive_format}{/ref},True,https://api.github.com/repos/microsoft/acceleratoRs/assignees{/user},https://api.github.com/repos/microsoft/acceleratoRs/git/blobs{/sha},https://api.github.com/repos/microsoft/acceleratoRs/branches{/branch},https://github.com/microsoft/acceleratoRs.git,https://api.github.com/repos/microsoft/acceleratoRs/collaborators{/collaborator},https://api.github.com/repos/microsoft/acceleratoRs/comments{/number},https://api.github.com/repos/microsoft/acceleratoRs/commits{/sha},https://api.github.com/repos/microsoft/acceleratoRs/compare/{base}...{head},https://api.github.com/repos/microsoft/acceleratoRs/contents/{+path},https://api.github.com/repos/microsoft/acceleratoRs/contributors,2017-02-14T06:04:55Z,master,https://api.github.com/repos/microsoft/acceleratoRs/deployments,"Data science and AI solution accelerator suite that provides templates for prototyping, reporting, and presenting data science analytics of specific domains",False,https://api.github.com/repos/microsoft/acceleratoRs/downloads,https://api.github.com/repos/microsoft/acceleratoRs/events,False,139,139,https://api.github.com/repos/microsoft/acceleratoRs/forks,microsoft/acceleratoRs,https://api.github.com/repos/microsoft/acceleratoRs/git/commits{/sha},https://api.github.com/repos/microsoft/acceleratoRs/git/refs{/sha},https://api.github.com/repos/microsoft/acceleratoRs/git/tags{/sha},git://github.com/microsoft/acceleratoRs.git,False,False,True,False,True,True,True,https://github.com/Microsoft/acceleratoRs,https://api.github.com/repos/microsoft/acceleratoRs/hooks,https://github.com/microsoft/acceleratoRs,81911108,False,https://api.github.com/repos/microsoft/acceleratoRs/issues/comments{/number},https://api.github.com/repos/microsoft/acceleratoRs/issues/events{/number},https://api.github.com/repos/microsoft/acceleratoRs/issues{/number},https://api.github.com/repos/microsoft/acceleratoRs/keys{/key_id},https://api.github.com/repos/microsoft/acceleratoRs/labels{/name},HTML,https://api.github.com/repos/microsoft/acceleratoRs/languages,,mit,MIT License,MDc6TGljZW5zZTEz,MIT,https://api.github.com/licenses/mit,https://api.github.com/repos/microsoft/acceleratoRs/merges,https://api.github.com/repos/microsoft/acceleratoRs/milestones{/number},,acceleratoRs,MDEwOlJlcG9zaXRvcnk4MTkxMTEwOA==,"https://api.github.com/repos/microsoft/acceleratoRs/notifications{?since,all,participating}",2,2,https://avatars.githubusercontent.com/u/6154722?v=4,https://api.github.com/users/microsoft/events{/privacy},https://api.github.com/users/microsoft/followers,https://api.github.com/users/microsoft/following{/other_user},https://api.github.com/users/microsoft/gists{/gist_id},,https://github.com/microsoft,6154722,microsoft,MDEyOk9yZ2FuaXphdGlvbjYxNTQ3MjI=,https://api.github.com/users/microsoft/orgs,https://api.github.com/users/microsoft/received_events,https://api.github.com/users/microsoft/repos,False,https://api.github.com/users/microsoft/starred{/owner}{/repo},https://api.github.com/users/microsoft/subscriptions,Organization,https://api.github.com/users/microsoft,public,False,all,https://api.github.com/repos/microsoft/acceleratoRs/pulls{/number},2022-08-31T15:22:04Z,https://api.github.com/repos/microsoft/acceleratoRs/releases{/id},65805,git@github.com:microsoft/acceleratoRs.git,148,https://api.github.com/repos/microsoft/acceleratoRs/stargazers,https://api.github.com/repos/microsoft/acceleratoRs/statuses/{sha},https://api.github.com/repos/microsoft/acceleratoRs/subscribers,https://api.github.com/repos/microsoft/acceleratoRs/subscription,https://github.com/microsoft/acceleratoRs,https://api.github.com/repos/microsoft/acceleratoRs/tags,https://api.github.com/repos/microsoft/acceleratoRs/teams,"[""data-science"", ""r""]",https://api.github.com/repos/microsoft/acceleratoRs/git/trees{/sha},2026-08-27T10:53:25Z,https://api.github.com/repos/microsoft/acceleratoRs,public,148,148,False
True,https://api.github.com/repos/microsoft/Accera/{archive_format}{/ref},False,https://api.github.com/repos/microsoft/Accera/assignees{/user},https://api.github.com/repos/microsoft/Accera/git/blobs{/sha},https://api.github.com/repos/microsoft/Accera/branches{/branch},https://github.com/microsoft/Accera.git,https://api.github.com/repos/microsoft/Accera/collaborators{/collaborator},https://api.github.com/repos/microsoft/Accera/comments{/number},https://api.github.com/repos/microsoft/Accera/commits{/sha},https://api.github.com/repos/microsoft/Accera/compare/{base}...{head},https://api.github.com/repos/microsoft/Accera/contents/{+path},https://api.github.com/repos/microsoft/Accera/contributors,2021-09-24T17:14:51Z,main,https://api.github.com/repos/microsoft/Accera/deployments,"Open source cross-platform compiler for compute-intensive loops used in AI algorithms, from Microsoft Research",False,https://api.github.com/repos/microsoft/Accera/downloads,https://api.github.com/repos/microsoft/Accera/events,False,23,23,https://api.github.com/repos/microsoft/Accera/forks,microsoft/Accera,https://api.github.com/repos/microsoft/Accera/git/commits{/sha},https://api.github.com/repos/microsoft/Accera/git/refs{/sha},https://api.github.com/repos/microsoft/Accera/git/tags{/sha},git://github.com/microsoft/Accera.git,False,False,True,True,True,True,True,https://microsoft.github.io/Accera,https://api.github.com/repos/microsoft/Accera/hooks,https://github.com/microsoft/Accera,410044642,False,https://api.github.com/repos/microsoft/Accera/issues/comments{/number},https://api.github.com/repos/microsoft/Accera/issues/events{/number},https://api.github.com/repos/microsoft/Accera/issues{/number},https://api.github.com/repos/microsoft/Accera/keys{/key_id},https://api.github.com/repos/microsoft/Accera/labels{/name},C++,https://api.github.com/repos/microsoft/Accera/languages,,mit,MIT License,MDc6TGljZW5zZTEz,MIT,https://api.github.com/licenses/mit,https://api.github.com/repos/microsoft/Accera/merges,https://api.github.com/repos/microsoft/Accera/milestones{/number},,Accera,R_kgDOGHDI4g,"https://api.github.com/repos/microsoft/Accera/notifications{?since,all,participating}",5,5,https://avatars.githubusercontent.com/u/6154722?v=4,https://api.github.com/users/microsoft/events{/privacy},https://api.github.com/users/microsoft/followers,https://api.github.com/users/microsoft/following{/other_user},https://api.github.com/users/microsoft/gists{/gist_id},,https://github.com/microsoft,6154722,microsoft,MDEyOk9yZ2FuaXphdGlvbjYxNTQ3MjI=,https://api.github.com/users/microsoft/orgs,https://api.github.com/users/microsoft/received_events,https://api.github.com/users/microsoft/repos,False,https://api.github.com/users/microsoft/starred{/owner}{/repo},https://api.github.com/users/microsoft/subscriptions,Organization,https://api.github.com/users/microsoft,public,False,all,https://api.github.com/repos/microsoft/Accera/pulls{/number},2026-08-25T02:24:24Z,https://api.github.com/repos/microsoft/Accera/releases{/id},14034,git@github.com:microsoft/Accera.git,116,https://api.github.com/repos/microsoft/Accera/stargazers,https://api.github.com/repos/microsoft/Accera/statuses/{sha},https://api.github.com/repos/microsoft/Accera/subscribers,https://api.github.com/repos/microsoft/Accera/subscription,https://github.com/microsoft/Accera,https://api.github.com/repos/microsoft/Accera/tags,https://api.github.com/repos/microsoft/Accera/teams,"[""compiler"", ""cpu-scheduling"", ""cross-compiler"", ""cross-platform"", ""cuda-kernels"", ""gpu-acceleration"", ""loop-fusion"", ""loop-scheduling"", ""loop-unrolling"", ""machine-learning-algorithms"", ""optimization-framework"", ""python-library"", ""research"", ""rocm-kernel"", ""tuning-parameters""]",https://api.github.com/repos/microsoft/Accera/git/trees{/sha},2026-08-27T10:53:26Z,https://api.github.com/repos/microsoft/Accera,public,116,116,False
True,https://api.github.com/repos/microsoft/access-reviews-samples/{archive_format}{/ref},True,https://api.github.com/repos/microsoft/access-reviews-samples/assignees{/user},https://api.github.com/repos/microsoft/access-reviews-samples/git/blobs{/sha},https://api.github.com/repos/microsoft/access-reviews-samples/branches{/branch},https://github.com/microsoft/access-reviews-samples.git,https://api.github.com/repos/microsoft/access-reviews-samples/collaborators{/collaborator},https://api.github.com/repos/microsoft/access-reviews-samples/comments{/number},https://api.github.com/repos/microsoft/access-reviews-samples/commits{/sha},https://api.github.com/repos/microsoft/access-reviews-samples/compare/{base}...{head},https://api.github.com/repos/microsoft/access-reviews-samples/contents/{+path},https://api.github.com/repos/microsoft/access-reviews-samples/contributors,2020-06-09T09:48:00Z,master,https://api.github.com/repos/microsoft/access-reviews-samples/deployments,"This repo contains sample code that demonstrates programmatic access to Azure AD Access Reviews. Sample code includes reading and managing Access Reviews, as well as working on decisions and results of Access Reviews.",False,https://api.github.com/repos/microsoft/access-reviews-samples/downloads,https://api.github.com/repos/microsoft/access-reviews-samples/events,False,18,18,https://api.github.com/repos/microsoft/access-reviews-samples/forks,microsoft/access-reviews-samples,https://api.github.com/repos/microsoft/access-reviews-samples/git/commits{/sha},https://api.github.com/repos/microsoft/access-reviews-samples/git/refs{/sha},https://api.github.com/repos/microsoft/access-reviews-samples/git/tags{/sha},git://github.com/microsoft/access-reviews-samples.git,False,False,True,False,True,True,True,,https://api.github.com/repos/microsoft/access-reviews-samples/hooks,https://github.com/microsoft/access-reviews-samples,270963908,False,https://api.github.com/repos/microsoft/access-reviews-samples/issues/comments{/number},https://api.github.com/repos/microsoft/access-reviews-samples/issues/events{/number},https://api.github.com/repos/microsoft/access-reviews-samples/issues{/number},https://api.github.com/repos/microsoft/access-reviews-samples/keys{/key_id},https://api.github.com/repos/microsoft/access-reviews-samples/labels{/name},PowerShell,https://api.github.com/repos/microsoft/access-reviews-samples/languages,,mit,MIT License,MDc6TGljZW5zZTEz,MIT,https://api.github.com/licenses/mit,https://api.github.com/repos/microsoft/access-reviews-samples/merges,https://api.github.com/repos/microsoft/access-reviews-samples/milestones{/number},,access-reviews-samples,MDEwOlJlcG9zaXRvcnkyNzA5NjM5MDg=,"https://api.github.com/repos/microsoft/access-reviews-samples/notifications{?since,all,participating}",3,3,https://avatars.githubusercontent.com/u/6154722?v=4,https://api.github.com/users/microsoft/events{/privacy},https://api.github.com/users/microsoft/followers,https://api.github.com/users/microsoft/following{/other_user},https://api.github.com/users/microsoft/gists{/gist_id},,https://github.com/microsoft,6154722,microsoft,MDEyOk9yZ2FuaXphdGlvbjYxNTQ3MjI=,https://api.github.com/users/microsoft/orgs,https://api.github.com/users/microsoft/received_events,https://api.github.com/users/microsoft/repos,False,https://api.github.com/users/microsoft/starred{/owner}{/repo},https://api.github.com/users/microsoft/subscriptions,Organization,https://api.github.com/users/microsoft,public,False,all,https://api.github.com/repos/microsoft/access-reviews-samples/pulls{/number},2021-07-08T12:30:45Z,https://api.github.com/repos/microsoft/access-reviews-samples/releases{/id},736,git@github.com:microsoft/access-reviews-samples.git,50,https://api.github.com/repos/microsoft/access-reviews-samples/stargazers,https://api.github.com/repos/microsoft/access-reviews-samples/statuses/{sha},https://api.github.com/repos/microsoft/access-reviews-samples/subscribers,https://api.github.com/repos/microsoft/access-reviews-samples/subscription,https://github.com/microsoft/access-reviews-samples,https://api.github.com/repos/microsoft/access-reviews-samples/tags,https://api.github.com/repos/microsoft/access-reviews-samples/teams,[],https://api.github.com/repos/microsoft/access-reviews-samples/git/trees{/sha},2026-08-27T10:53:27Z,https://api.github.com/repos/microsoft/access-reviews-samples,public,50,50,False
True,https://api.github.com/repos/microsoft/accessibility-announcer/{archive_format}{/ref},True,https://api.github.com/repos/microsoft/accessibility-announcer/assignees{/user},https://api.github.com/repos/microsoft/accessibility-announcer/git/blobs{/sha},https://api.github.com/repos/microsoft/accessibility-announcer/branches{/branch},https://github.com/microsoft/accessibility-announcer.git,https://api.github.com/repos/microsoft/accessibility-announcer/collaborators{/collaborator},https://api.github.com/repos/microsoft/accessibility-announcer/comments{/number},https://api.github.com/repos/microsoft/accessibility-announcer/commits{/sha},https://api.github.com/repos/microsoft/accessibility-announcer/compare/{base}...{head},https://api.github.com/repos/microsoft/accessibility-announcer/contents/{+path},https://api.github.com/repos/microsoft/accessibility-announcer/contributors,2020-02-04T11:37:30Z,master,https://api.github.com/repos/microsoft/accessibility-announcer/deployments,A tool to provide the screen reader announcements on the web.,False,https://api.github.com/repos/microsoft/accessibility-announcer/downloads,https://api.github.com/repos/microsoft/accessibility-announcer/events,False,3,3,https://api.github.com/repos/microsoft/accessibility-announcer/forks,microsoft/accessibility-announcer,https://api.github.com/repos/microsoft/accessibility-announcer/git/commits{/sha},https://api.github.com/repos/microsoft/accessibility-announcer/git/refs{/sha},https://api.github.com/repos/microsoft/accessibility-announcer/git/tags{/sha},git://github.com/microsoft/accessibility-announcer.git,False,False,True,False,True,True,True,,https://api.github.com/repos/microsoft/accessibility-announcer/hooks,https://github.com/microsoft/accessibility-announcer,238191527,False,https://api.github.com/repos/microsoft/accessibility-announcer/issues/comments{/number},https://api.github.com/repos/microsoft/accessibility-announcer/issues/events{/number},https://api.github.com/repos/microsoft/accessibility-announcer/issues{/number},https://api.github.com/repos/microsoft/accessibility-announcer/keys{/key_id},https://api.github.com/repos/microsoft/accessibility-announcer/labels{/name},TypeScript,https://api.github.com/repos/microsoft/accessibility-announcer/languages,,mit,MIT License,MDc6TGljZW5zZTEz,MIT,https://api.github.com/licenses/mit,https://api.github.com/repos/microsoft/accessibility-announcer/merges,https://api.github.com/repos/microsoft/accessibility-announcer/milestones{/number},,accessibility-announcer,MDEwOlJlcG9zaXRvcnkyMzgxOTE1Mjc=,"https://api.github.com/repos/microsoft/accessibility-announcer/notifications{?since,all,participating}",1,1,https://avatars.githubusercontent.com/u/6154722?v=4,https://api.github.com/users/microsoft/events{/privacy},https://api.github.com/users/microsoft/followers,https://api.github.com/users/microsoft/following{/other_user},https://api.github.com/users/microsoft/gists{/gist_id},,https://github.com/microsoft,6154722,microsoft,MDEyOk9yZ2FuaXphdGlvbjYxNTQ3MjI=,https://api.github.com/users/microsoft/orgs,https://api.github.com/users/microsoft/received_events,https://api.github.com/users/microsoft/repos,False,https://api.github.com/users/microsoft/starred{/owner}{/repo},https://api.github.com/users/microsoft/subscriptions,Organization,https://api.github.com/users/microsoft,public,False,all,https://api.github.com/repos/microsoft/accessibility-announcer/pulls{/number},2021-02-12T12:42:32Z,https://api.github.com/repos/microsoft/accessibility-announcer/releases{/id},17,git@github.com:microsoft/accessibility-announcer.git,8,https://api.github.com/repos/microsoft/accessibility-announcer/stargazers,https://api.github.com/repos/microsoft/accessibility-announcer/statuses/{sha},https://api.github.com/repos/microsoft/accessibility-announcer/subscribers,https://api.github.com/repos/microsoft/accessibility-announcer/subscription,https://github.com/microsoft/accessibility-announcer,https://api.github.com/repos/microsoft/accessibility-announcer/tags,https://api.github.com/repos/microsoft/accessibility-announcer/teams,[],https://api.github.com/repos/microsoft/accessibility-announcer/git/trees{/sha},2026-08-27T10:53:28Z,https://api.github.com/repos/microsoft/accessibility-announcer,public,8,8,False
True,https://api.github.com/repos/microsoft/accessibility-insights-action/{archive_format}{/ref},False,https://api.github.com/repos/microsoft/accessibility-insights-action/assignees{/user},https://api.github.com/repos/microsoft/accessibility-insights-action/git/blobs{/sha},https://api.github.com/repos/microsoft/accessibility-insights-action/branches{/branch},https://github.com/microsoft/accessibility-insights-action.git,https://api.github.com/repos/microsoft/accessibility-insights-action/collaborators{/collaborator},https://api.github.com/repos/microsoft/accessibility-insights-action/comments{/number},https://api.github.com/repos/microsoft/accessibility-insights-action/commits{/sha},https://api.github.com/repos/microsoft/accessibility-insights-action/compare/{base}...{head},https://api.github.com/repos/microsoft/accessibility-insights-action/contents/{+path},https://api.github.com/repos/microsoft/accessibility-insights-action/contributors,2020-02-03T19:20:37Z,main,https://api.github.com/repos/microsoft/accessibility-insights-action/deployments,Github Action to scan for accessibility issues in github pages,False,https://api.github.com/repos/microsoft/accessibility-insights-action/downloads,https://api.github.com/repos/microsoft/accessibility-insights-action/events,False,47,47,https://api.github.com/repos/microsoft/accessibility-insights-action/forks,microsoft/accessibility-insights-action,https://api.github.com/repos/microsoft/accessibility-insights-action/git/commits{/sha},https://api.github.com/repos/microsoft/accessibility-insights-action/git/refs{/sha},https://api.github.com/repos/microsoft/accessibility-insights-action/git/tags{/sha},git://github.com/microsoft/accessibility-insights-action.git,False,False,True,False,True,True,True,,https://api.github.com/repos/microsoft/accessibility-insights-action/hooks,https://github.com/microsoft/accessibility-insights-action,238042767,False,https://api.github.com/repos/microsoft/accessibility-insights-action/issues/comments{/number},https://api.github.com/repos/microsoft/accessibility-insights-action/issues/events{/number},https://api.github.com/repos/microsoft/accessibility-insights-action/issues{/number},https://api.github.com/repos/microsoft/accessibility-insights-action/keys{/key_id},https://api.github.com/repos/microsoft/accessibility-insights-action/labels{/name},TypeScript,https://api.github.com/repos/microsoft/accessibility-insights-action/languages,,mit,MIT License,MDc6TGljZW5zZTEz,MIT,https://api.github.com/licenses/mit,https://api.github.com/repos/microsoft/accessibility-insights-action/merges,https://api.github.com/repos/microsoft/accessibility-insights-action/milestones{/number},,accessibility-insights-action,MDEwOlJlcG9zaXRvcnkyMzgwNDI3Njc=,"https://api.github.com/repos/microsoft/accessibility-insights-action/notifications{?since,all,participating}",24,24,https://avatars.githubusercontent.com/u/6154722?v=4,https://api.github.com/users/microsoft/events{/privacy},https://api.github.com/users/microsoft/followers,https://api.github.com/users/microsoft/following{/other_user},https://api.github.com/users/microsoft/gists{/gist_id},,https://github.com/microsoft,6154722,microsoft,MDEyOk9yZ2FuaXphdGlvbjYxNTQ3MjI=,https://api.github.com/users/microsoft/orgs,https://api.github.com/users/microsoft/received_events,https://api.github.com/users/microsoft/repos,False,https://api.github.com/users/microsoft/starred{/owner}{/repo},https://api.github.com/users/microsoft/subscriptions,Organization,https://api.github.com/users/microsoft,public,False,all,https://api.github.com/repos/microsoft/accessibility-insights-action/pulls{/number},2026-08-20T05:17:13Z,https://api.github.com/repos/microsoft/accessibility-insights-action/releases{/id},23735,git@github.com:microsoft/accessibility-insights-action.git,98,https://api.github.com/repos/microsoft/accessibility-insights-action/stargazers,https://api.github.com/repos/microsoft/accessibility-insights-action/statuses/{sha},https://api.github.com/repos/microsoft/accessibility-insights-action/subscribers,https://api.github.com/repos/microsoft/accessibility-insights-action/subscription,https://github.com/microsoft/accessibility-insights-action,https://api.github.com/repos/microsoft/accessibility-insights-action/tags,https://api.github.com/repos/microsoft/accessibility-insights-action/teams,[],https://api.github.com/repos/microsoft/accessibility-insights-action/git/trees{/sha},2026-08-27T10:53:28Z,https://api.github.com/repos/microsoft/accessibility-insights-action,public,98,98,False
True,https://api.github.com/repos/microsoft/accessibility-insights-for-android-service/{archive_format}{/ref},True,https://api.github.com/repos/microsoft/accessibility-insights-for-android-service/assignees{/user},https://api.github.com/repos/microsoft/accessibility-insights-for-android-service/git/blobs{/sha},https://api.github.com/repos/microsoft/accessibility-insights-for-android-service/branches{/branch},https://github.com/microsoft/accessibility-insights-for-android-service.git,https://api.github.com/repos/microsoft/accessibility-insights-for-android-service/collaborators{/collaborator},https://api.github.com/repos/microsoft/accessibility-insights-for-android-service/comments{/number},https://api.github.com/repos/microsoft/accessibility-insights-for-android-service/commits{/sha},https://api.github.com/repos/microsoft/accessibility-insights-for-android-service/compare/{base}...{head},https://api.github.com/repos/microsoft/accessibility-insights-for-android-service/contents/{+path},https://api.github.com/repos/microsoft/accessibility-insights-for-android-service/contributors,2020-02-29T00:00:38Z,main,https://api.github.com/repos/microsoft/accessibility-insights-for-android-service/deployments,Accessibility Insights for Android service,False,https://api.github.com/repos/microsoft/accessibility-insights-for-android-service/downloads,https://api.github.com/repos/microsoft/accessibility-insights-for-android-service/events,False,51,51,https://api.github.com/repos/microsoft/accessibility-insights-for-android-service/forks,microsoft/accessibility-insights-for-android-service,https://api.github.com/repos/microsoft/accessibility-insights-for-android-service/git/commits{/sha},https://api.github.com/repos/microsoft/accessibility-insights-for-android-service/git/refs{/sha},https://api.github.com/repos/microsoft/accessibility-insights-for-android-service/git/tags{/sha},git://github.com/microsoft/accessibility-insights-for-android-service.git,False,False,True,False,True,True,False,,https://api.github.com/repos/microsoft/accessibility-insights-for-android-service/hooks,https://github.com/microsoft/accessibility-insights-for-android-service,243875832,False,https://api.github.com/repos/microsoft/accessibility-insights-for-android-service/issues/comments{/number},https://api.github.com/repos/microsoft/accessibility-insights-for-android-service/issues/events{/number},https://api.github.com/repos/microsoft/accessibility-insights-for-android-service/issues{/number},https://api.github.com/repos/microsoft/accessibility-insights-for-android-service/keys{/key_id},https://api.github.com/repos/microsoft/accessibility-insights-for-android-service/labels{/name},Java,https://api.github.com/repos/microsoft/accessibility-insights-for-android-service/languages,,mit,MIT License,MDc6TGljZW5zZTEz,MIT,https://api.github.com/licenses/mit,https://api.github.com/repos/microsoft/accessibility-insights-for-android-service/merges,https://api.github.com/repos/microsoft/accessibility-insights-for-android-service/milestones{/number},,accessibility-insights-for-android-service,MDEwOlJlcG9zaXRvcnkyNDM4NzU4MzI=,"https://api.github.com/repos/microsoft/accessibility-insights-for-android-service/notifications{?since,all,participating}",0,0,https://avatars.githubusercontent.com/u/6154722?v=4,https://api.github.com/users/microsoft/events{/privacy},https://api.github.com/users/microsoft/followers,https://api.github.com/users/microsoft/following{/other_user},https://api.github.com/users/microsoft/gists{/gist_id},,https://github.com/microsoft,6154722,microsoft,MDEyOk9yZ2FuaXphdGlvbjYxNTQ3MjI=,https://api.github.com/users/microsoft/orgs,https://api.github.com/users/microsoft/received_events,https://api.github.com/users/microsoft/repos,False,https://api.github.com/users/microsoft/starred{/owner}{/repo},https://api.github.com/users/microsoft/subscriptions,Organization,https://api.github.com/users/microsoft,public,False,all,https://api.github.com/repos/microsoft/accessibility-insights-for-android-service/pulls{/number},2023-06-26T13:08:27Z,https://api.github.com/repos/microsoft/accessibility-insights-for-android-service/releases{/id},571,git@github.com:microsoft/accessibility-insights-for-android-service.git,57,https://api.github.com/repos/microsoft/accessibility-insights-for-android-service/stargazers,https://api.github.com/repos/microsoft/accessibility-insights-for-android-service/statuses/{sha},https://api.github.com/repos/microsoft/accessibility-insights-for-android-service/subscribers,https://api.github.com/repos/microsoft/accessibility-insights-for-android-service/subscription,https://github.com/microsoft/accessibility-insights-for-android-service,https://api.github.com/repos/microsoft/accessibility-insights-for-android-service/tags,https://api.github.com/repos/microsoft/accessibility-insights-for-android-service/teams,[],https://api.github.com/repos/microsoft/accessibility-insights-for-android-service/git/trees{/sha},2026-08-27T10:53:29Z,https://api.github.com/repos/microsoft/accessibility-insights-for-android-service,public,57,57,False
True,https://api.github.com/repos/microsoft/accessibility-insights-service/{archive_format}{/ref},False,https://api.github.com/repos/microsoft/accessibility-insights-service/assignees{/user},https://api.github.com/repos/microsoft/accessibility-insights-service/git/blobs{/sha},https://api.github.com/repos/microsoft/accessibility-insights-service/branches{/branch},https://github.com/microsoft/accessibility-insights-service.git,https://api.github.com/repos/microsoft/accessibility-insights-service/collaborators{/collaborator},https://api.github.com/repos/microsoft/accessibility-insights-service/comments{/number},https://api.github.com/repos/microsoft/accessibility-insights-service/commits{/sha},https://api.github.com/repos/microsoft/accessibility-insights-service/compare/{base}...{head},https://api.github.com/repos/microsoft/accessibility-insights-service/contents/{+path},https://api.github.com/repos/microsoft/accessibility-insights-service/contributors,2018-12-07T00:55:32Z,main,https://api.github.com/repos/microsoft/accessibility-insights-service/deployments,Accessibility Insights Service,False,https://api.github.com/repos/microsoft/accessibility-insights-service/downloads,https://api.github.com/repos/microsoft/accessibility-insights-service/events,False,54,54,https://api.github.com/repos/microsoft/accessibility-insights-service/forks,microsoft/accessibility-insights-service,https://api.github.com/repos/microsoft/accessibility-insights-service/git/commits{/sha},https://api.github.com/repos/microsoft/accessibility-insights-service/git/refs{/sha},https://api.github.com/repos/microsoft/accessibility-insights-service/git/tags{/sha},git://github.com/microsoft/accessibility-insights-service.git,False,False,True,False,True,True,True,,https://api.github.com/repos/microsoft/accessibility-insights-service/hooks,https://github.com/microsoft/accessibility-insights-service,160751350,False,https://api.github.com/repos/microsoft/accessibility-insights-service/issues/comments{/number},https://api.github.com/repos/microsoft/accessibility-insights-service/issues/events{/number},https://api.github.com/repos/microsoft/accessibility-insights-service/issues{/number},https://api.github.com/repos/microsoft/accessibility-insights-service/keys{/key_id},https://api.github.com/repos/microsoft/accessibility-insights-service/labels{/name},TypeScript,https://api.github.com/repos/microsoft/accessibility-insights-service/languages,,other,Other,MDc6TGljZW5zZTA=,NOASSERTION,,https://api.github.com/repos/microsoft/accessibility-insights-service/merges,https://api.github.com/repos/microsoft/accessibility-insights-service/milestones{/number},,accessibility-insights-service,MDEwOlJlcG9zaXRvcnkxNjA3NTEzNTA=,"https://api.github.com/repos/microsoft/accessibility-insights-service/notifications{?since,all,participating}",15,15,https://avatars.githubusercontent.com/u/6154722?v=4,https://api.github.com/users/microsoft/events{/privacy},https://api.github.com/users/microsoft/followers,https://api.github.com/users/microsoft/following{/other_user},https://api.github.com/users/microsoft/gists{/gist_id},,https://github.com/microsoft,6154722,microsoft,MDEyOk9yZ2FuaXphdGlvbjYxNTQ3MjI=,https://api.github.com/users/microsoft/orgs,https://api.github.com/users/microsoft/received_events,https://api.github.com/users/microsoft/repos,False,https://api.github.com/users/microsoft/starred{/owner}{/repo},https://api.github.com/users/microsoft/subscriptions,Organization,https://api.github.com/users/microsoft,public,False,all,https://api.github.com/repos/microsoft/accessibility-insights-service/pulls{/number},2026-08-27T05:09:29Z,https://api.github.com/repos/microsoft/accessibility-insights-service/releases{/id},23453,git@github.com:microsoft/accessibility-insights-service.git,77,https://api.github.com/repos/microsoft/accessibility-insights-service/stargazers,https://api.github.com/repos/microsoft/accessibility-insights-service/statuses/{sha},https://api.github.com/repos/microsoft/accessibility-insights-service/subscribers,https://api.github.com/repos/microsoft/accessibility-insights-service/subscription,https://github.com/microsoft/accessibility-insights-service,https://api.github.com/repos/microsoft/accessibility-insights-service/tags,https://api.github.com/repos/microsoft/accessibility-insights-service/teams,"[""accessibility-insights""]",https://api.github.com/repos/microsoft/accessibility-insights-service/git/trees{/sha},2026-08-27T10:53:30Z,https://api.github.com/repos/microsoft/accessibility-insights-service,public,77,77,False
True,https://api.github.com/repos/microsoft/accessibility-insights-web/{archive_format}{/ref},False,https://api.github.com/repos/microsoft/accessibility-insights-web/assignees{/user},https://api.github.com/repos/microsoft/accessibility-insights-web/git/blobs{/sha},https://api.github.com/repos/microsoft/accessibility-insights-web/branches{/branch},https://github.com/microsoft/accessibility-insights-web.git,https://api.github.com/repos/microsoft/accessibility-insights-web/collaborators{/collaborator},https://api.github.com/repos/microsoft/accessibility-insights-web/comments{/number},https://api.github.com/repos/microsoft/accessibility-insights-web/commits{/sha},https://api.github.com/repos/microsoft/accessibility-insights-web/compare/{base}...{head},https://api.github.com/repos/microsoft/accessibility-insights-web/contents/{+path},https://api.github.com/repos/microsoft/accessibility-insights-web/contributors,2018-12-07T00:40:02Z,main,https://api.github.com/repos/microsoft/accessibility-insights-web/deployments,Accessibility Insights for Web,False,https://api.github.com/repos/microsoft/accessibility-insights-web/downloads,https://api.github.com/repos/microsoft/accessibility-insights-web/events,False,178,178,https://api.github.com/repos/microsoft/accessibility-insights-web/forks,microsoft/accessibility-insights-web,https://api.github.com/repos/microsoft/accessibility-insights-web/git/commits{/sha},https://api.github.com/repos/microsoft/accessibility-insights-web/git/refs{/sha},https://api.github.com/repos/microsoft/accessibility-insights-web/git/tags{/sha},git://github.com/microsoft/accessibility-insights-web.git,False,False,True,False,True,True,False,https://accessibilityinsights.io,https://api.github.com/repos/microsoft/accessibility-insights-web/hooks,https://github.com/microsoft/accessibility-insights-web,160750261,False,https://api.github.com/repos/microsoft/accessibility-insights-web/issues/comments{/number},https://api.github.com/repos/microsoft/accessibility-insights-web/issues/events{/number},https://api.github.com/repos/microsoft/accessibility-insights-web/issues{/number},https://api.github.com/repos/microsoft/accessibility-insights-web/keys{/key_id},https://api.github.com/repos/microsoft/accessibility-insights-web/labels{/name},TypeScript,https://api.github.com/repos/microsoft/accessibility-insights-web/languages,,mit,MIT License,MDc6TGljZW5zZTEz,MIT,https://api.github.com/licenses/mit,https://api.github.com/repos/microsoft/accessibility-insights-web/merges,https://api.github.com/repos/microsoft/accessibility-insights-web/milestones{/number},,accessibility-insights-web,MDEwOlJlcG9zaXRvcnkxNjA3NTAyNjE=,"https://api.github.com/repos/microsoft/accessibility-insights-web/notifications{?since,all,participating}",67,67,https://avatars.githubusercontent.com/u/6154722?v=4,https://api.github.com/users/microsoft/events{/privacy},https://api.github.com/users/microsoft/followers,https://api.github.com/users/microsoft/following{/other_user},https://api.github.com/users/microsoft/gists{/gist_id},,https://github.com/microsoft,6154722,microsoft,MDEyOk9yZ2FuaXphdGlvbjYxNTQ3MjI=,https://api.github.com/users/microsoft/orgs,https://api.github.com/users/microsoft/received_events,https://api.github.com/users/microsoft/repos,False,https://api.github.com/users/microsoft/starred{/owner}{/repo},https://api.github.com/users/microsoft/subscriptions,Organization,https://api.github.com/users/microsoft,public,False,all,https://api.github.com/repos/microsoft/accessibility-insights-web/pulls{/number},2026-08-24T10:24:52Z,https://api.github.com/repos/microsoft/accessibility-insights-web/releases{/id},133542,git@github.com:microsoft/accessibility-insights-web.git,928,https://api.github.com/repos/microsoft/accessibility-insights-web/stargazers,https://api.github.com/repos/microsoft/accessibility-insights-web/statuses/{sha},https://api.github.com/repos/microsoft/accessibility-insights-web/subscribers,https://api.github.com/repos/microsoft/accessibility-insights-web/subscription,https://github.com/microsoft/accessibility-insights-web,https://api.github.com/repos/microsoft/accessibility-insights-web/tags,https://api.github.com/repos/microsoft/accessibility-insights-web/teams,"[""accessibility"", ""accessibility-insights"", ""chromeextension"", ""hacktoberfest"", ""reactjs"", ""typescript""]",https://api.github.com/repos/microsoft/accessibility-insights-web/git/trees{/sha},2026-08-28T07:58:15Z,https://api.github.com/repos/microsoft/accessibility-insights-web,public,928,928,False
True,https://api.github.com/repos/microsoft/accessibility-insights-windows/{archive_format}{/ref},False,https://api.github.com/repos/microsoft/accessibility-insights-windows/assignees{/user},https://api.github.com/repos/microsoft/accessibility-insights-windows/git/blobs{/sha},https://api.github.com/repos/microsoft/accessibility-insights-windows/branches{/branch},https://github.com/microsoft/accessibility-insights-windows.git,https://api.github.com/repos/microsoft/accessibility-insights-windows/collaborators{/collaborator},https://api.github.com/repos/microsoft/accessibility-insights-windows/comments{/number},https://api.github.com/repos/microsoft/accessibility-insights-windows/commits{/sha},https://api.github.com/repos/microsoft/accessibility-insights-windows/compare/{base}...{head},https://api.github.com/repos/microsoft/accessibility-insights-windows/contents/{+path},https://api.github.com/repos/microsoft/accessibility-insights-windows/contributors,2018-12-07T00:48:10Z,main,https://api.github.com/repos/microsoft/accessibility-insights-windows/deployments,Accessibility Insights for Windows,False,https://api.github.com/repos/microsoft/accessibility-insights-windows/downloads,https://api.github.com/repos/microsoft/accessibility-insights-windows/events,False,115,115,https://api.github.com/repos/microsoft/accessibility-insights-windows/forks,microsoft/accessibility-insights-windows,https://api.github.com/repos/microsoft/accessibility-insights-windows/git/commits{/sha},https://api.github.com/repos/microsoft/accessibility-insights-windows/git/refs{/sha},https://api.github.com/repos/microsoft/accessibility-insights-windows/git/tags{/sha},git://github.com/microsoft/accessibility-insights-windows.git,False,False,True,False,True,True,True,https://accessibilityinsights.io,https://api.github.com/repos/microsoft/accessibility-insights-windows/hooks,https://github.com/microsoft/accessibility-insights-windows,160750843,False,https://api.github.com/repos/microsoft/accessibility-insights-windows/issues/comments{/number},https://api.github.com/repos/microsoft/accessibility-insights-windows/issues/events{/number},https://api.github.com/repos/microsoft/accessibility-insights-windows/issues{/number},https://api.github.com/repos/microsoft/accessibility-insights-windows/keys{/key_id},https://api.github.com/repos/microsoft/accessibility-insights-windows/labels{/name},C#,https://api.github.com/repos/microsoft/accessibility-insights-windows/languages,,other,Other,MDc6TGljZW5zZTA=,NOASSERTION,,https://api.github.com/repos/microsoft/accessibility-insights-windows/merges,https://api.github.com/repos/microsoft/accessibility-insights-windows/milestones{/number},,accessibility-insights-windows,MDEwOlJlcG9zaXRvcnkxNjA3NTA4NDM=,"https://api.github.com/repos/microsoft/accessibility-insights-windows/notifications{?since,all,participating}",23,23,https://avatars.githubusercontent.com/u/6154722?v=4,https://api.github.com/users/microsoft/events{/privacy},https://api.github.com/users/microsoft/followers,https://api.github.com/users/microsoft/following{/other_user},https://api.github.com/users/microsoft/gists{/gist_id},,https://github.com/microsoft,6154722,microsoft,MDEyOk9yZ2FuaXphdGlvbjYxNTQ3MjI=,https://api.github.com/users/microsoft/orgs,https://api.github.com/users/microsoft/received_events,https://api.github.com/users/microsoft/repos,False,https://api.github.com/users/microsoft/starred{/owner}{/repo},https://api.github.com/users/microsoft/subscriptions,Organization,https://api.github.com/users/microsoft,public,False,all,https://api.github.com/repos/microsoft/accessibility-insights-windows/pulls{/number},2026-08-11T02:20:56Z,https://api.github.com/repos/microsoft/accessibility-insights-windows/releases{/id},9253,git@github.com:microsoft/accessibility-insights-windows.git,543,https://api.github.com/repos/microsoft/accessibility-insights-windows/stargazers,https://api.github.com/repos/microsoft/accessibility-insights-windows/statuses/{sha},https://api.github.com/repos/microsoft/accessibility-insights-windows/subscribers,https://api.github.com/repos/microsoft/accessibility-insights-windows/subscription,https://github.com/microsoft/accessibility-insights-windows,https://api.github.com/repos/microsoft/accessibility-insights-windows/tags,https://api.github.com/repos/microsoft/accessibility-insights-windows/teams,"[""accessibility"", ""accessibility-insights"", ""hacktoberfest"", ""microsoft"", ""tool"", ""windows""]",https://api.github.com/repos/microsoft/accessibility-insights-windows/git/trees{/sha},2026-08-28T04:26:59Z,https://api.github.com/repos/microsoft/accessibility-insights-windows,public,543,543,False
True,https://api.github.com/repos/microsoft/Accessible-Connect/{archive_format}{/ref},True,https://api.github.com/repos/microsoft/Accessible-Connect/assignees{/user},https://api.github.com/repos/microsoft/Accessible-Connect/git/blobs{/sha},https://api.github.com/repos/microsoft/Accessible-Connect/branches{/branch},https://github.com/microsoft/Accessible-Connect.git,https://api.github.com/repos/microsoft/Accessible-Connect/collaborators{/collaborator},https://api.github.com/repos/microsoft/Accessible-Connect/comments{/number},https://api.github.com/repos/microsoft/Accessible-Connect/commits{/sha},https://api.github.com/repos/microsoft/Accessible-Connect/compare/{base}...{head},https://api.github.com/repos/microsoft/Accessible-Connect/contents/{+path},https://api.github.com/repos/microsoft/Accessible-Connect/contributors,2023-08-08T07:15:44Z,main,https://api.github.com/repos/microsoft/Accessible-Connect/deployments,Accessible videoconferencing platform focusing on DHH (Deaf and Hard of Hearing).,False,https://api.github.com/repos/microsoft/Accessible-Connect/downloads,https://api.github.com/repos/microsoft/Accessible-Connect/events,False,3,3,https://api.github.com/repos/microsoft/Accessible-Connect/forks,microsoft/Accessible-Connect,https://api.github.com/repos/microsoft/Accessible-Connect/git/commits{/sha},https://api.github.com/repos/microsoft/Accessible-Connect/git/refs{/sha},https://api.github.com/repos/microsoft/Accessible-Connect/git/tags{/sha},git://github.com/microsoft/Accessible-Connect.git,False,False,True,False,True,True,True,,https://api.github.com/repos/microsoft/Accessible-Connect/hooks,https://github.com/microsoft/Accessible-Connect,675986760,False,https://api.github.com/repos/microsoft/Accessible-Connect/issues/comments{/number},https://api.github.com/repos/microsoft/Accessible-Connect/issues/events{/number},https://api.github.com/repos/microsoft/Accessible-Connect/issues{/number},https://api.github.com/repos/microsoft/Accessible-Connect/keys{/key_id},https://api.github.com/repos/microsoft/Accessible-Connect/labels{/name},TypeScript,https://api.github.com/repos/microsoft/Accessible-Connect/languages,,mit,MIT License,MDc6TGljZW5zZTEz,MIT,https://api.github.com/licenses/mit,https://api.github.com/repos/microsoft/Accessible-Connect/merges,https://api.github.com/repos/microsoft/Accessible-Connect/milestones{/number},,Accessible-Connect,R_kgDOKEq9SA,"https://api.github.com/repos/microsoft/Accessible-Connect/notifications{?since,all,participating}",16,16,https://avatars.githubusercontent.com/u/6154722?v=4,https://api.github.com/users/microsoft/events{/privacy},https://api.github.com/users/microsoft/followers,https://api.github.com/users/microsoft/following{/other_user},https://api.github.com/users/microsoft/gists{/gist_id},,https://github.com/microsoft,6154722,microsoft,MDEyOk9yZ2FuaXphdGlvbjYxNTQ3MjI=,https://api.github.com/users/microsoft/orgs,https://api.github.com/users/microsoft/received_events,https://api.github.com/users/microsoft/repos,False,https://api.github.com/users/microsoft/starred{/owner}{/repo},https://api.github.com/users/microsoft/subscriptions,Organization,https://api.github.com/users/microsoft,public,False,all,https://api.github.com/repos/microsoft/Accessible-Connect/pulls{/number},2023-10-28T04:48:47Z,https://api.github.com/repos/microsoft/Accessible-Connect/releases{/id},8238,git@github.com:microsoft/Accessible-Connect.git,3,https://api.github.com/repos/microsoft/Accessible-Connect/stargazers,https://api.github.com/repos/microsoft/Accessible-Connect/statuses/{sha},https://api.github.com/repos/microsoft/Accessible-Connect/subscribers,https://api.github.com/repos/microsoft/Accessible-Connect/subscription,https://github.com/microsoft/Accessible-Connect,https://api.github.com/repos/microsoft/Accessible-Connect/tags,https://api.github.com/repos/microsoft/Accessible-Connect/teams,[],https://api.github.com/repos/microsoft/Accessible-Connect/git/trees{/sha},2026-08-27T10:53:32Z,https://api.github.com/repos/microsoft/Accessible-Connect,public,3,3,False
True,https://api.github.com/repos/microsoft/AccessorFramework/{archive_format}{/ref},True,https://api.github.com/repos/microsoft/AccessorFramework/assignees{/user},https://api.github.com/repos/microsoft/AccessorFramework/git/blobs{/sha},https://api.github.com/repos/microsoft/AccessorFramework/branches{/branch},https://github.com/microsoft/AccessorFramework.git,https://api.github.com/repos/microsoft/AccessorFramework/collaborators{/collaborator},https://api.github.com/repos/microsoft/AccessorFramework/comments{/number},https://api.github.com/repos/microsoft/AccessorFramework/commits{/sha},https://api.github.com/repos/microsoft/AccessorFramework/compare/{base}...{head},https://api.github.com/repos/microsoft/AccessorFramework/contents/{+path},https://api.github.com/repos/microsoft/AccessorFramework/contributors,2019-08-29T17:24:38Z,master,https://api.github.com/repos/microsoft/AccessorFramework/deployments,A C++ SDK for building cyber-physical applications using the Accessor Model,False,https://api.github.com/repos/microsoft/AccessorFramework/downloads,https://api.github.com/repos/microsoft/AccessorFramework/events,False,7,7,https://api.github.com/repos/microsoft/AccessorFramework/forks,microsoft/AccessorFramework,https://api.github.com/repos/microsoft/AccessorFramework/git/commits{/sha},https://api.github.com/repos/microsoft/AccessorFramework/git/refs{/sha},https://api.github.com/repos/microsoft/AccessorFramework/git/tags{/sha},git://github.com/microsoft/AccessorFramework.git,False,False,True,False,True,True,True,,https://api.github.com/repos/microsoft/AccessorFramework/hooks,https://github.com/microsoft/AccessorFramework,205215545,False,https://api.github.com/repos/microsoft/AccessorFramework/issues/comments{/number},https://api.github.com/repos/microsoft/AccessorFramework/issues/events{/number},https://api.github.com/repos/microsoft/AccessorFramework/issues{/number},https://api.github.com/repos/microsoft/AccessorFramework/keys{/key_id},https://api.github.com/repos/microsoft/AccessorFramework/labels{/name},C++,https://api.github.com/repos/microsoft/AccessorFramework/languages,,mit,MIT License,MDc6TGljZW5zZTEz,MIT,https://api.github.com/licenses/mit,https://api.github.com/repos/microsoft/AccessorFramework/merges,https://api.github.com/repos/microsoft/AccessorFramework/milestones{/number},,AccessorFramework,MDEwOlJlcG9zaXRvcnkyMDUyMTU1NDU=,"https://api.github.com/repos/microsoft/AccessorFramework/notifications{?since,all,participating}",2,2,https://avatars.githubusercontent.com/u/6154722?v=4,https://api.github.com/users/microsoft/events{/privacy},https://api.github.com/users/microsoft/followers,https://api.github.com/users/microsoft/following{/other_user},https://api.github.com/users/microsoft/gists{/gist_id},,https://github.com/microsoft,6154722,microsoft,MDEyOk9yZ2FuaXphdGlvbjYxNTQ3MjI=,https://api.github.com/users/microsoft/orgs,https://api.github.com/users/microsoft/received_events,https://api.github.com/users/microsoft/repos,False,https://api.github.com/users/microsoft/starred{/owner}{/repo},https://api.github.com/users/microsoft/subscriptions,Organization,https://api.github.com/users/microsoft,public,False,all,https://api.github.com/repos/microsoft/AccessorFramework/pulls{/number},2020-02-25T22:22:00Z,https://api.github.com/repos/microsoft/AccessorFramework/releases{/id},70,git@github.com:microsoft/AccessorFramework.git,14,https://api.github.com/repos/microsoft/AccessorFramework/stargazers,https://api.github.com/repos/microsoft/AccessorFramework/statuses/{sha},https://api.github.com/repos/microsoft/AccessorFramework/subscribers,https://api.github.com/repos/microsoft/AccessorFramework/subscription,https://github.com/microsoft/AccessorFramework,https://api.github.com/repos/microsoft/AccessorFramework/tags,https://api.github.com/repos/microsoft/AccessorFramework/teams,"[""accessors"", ""actor-model"", ""cpp"", ""cyber-physical-systems"", ""iot""]",https://api.github.com/repos/microsoft/AccessorFramework/git/trees{/sha},2026-08-27T10:53:33Z,https://api.github.com/repos/microsoft/AccessorFramework,public,14,14,False
True,https://api.github.com/repos/microsoft/accordant/{archive_format}{/ref},False,https://api.github.com/repos/microsoft/accordant/assignees{/user},https://api.github.com/repos/microsoft/accordant/git/blobs{/sha},https://api.github.com/repos/microsoft/accordant/branches{/branch},https://github.com/microsoft/accordant.git,https://api.github.com/repos/microsoft/accordant/collaborators{/collaborator},https://api.github.com/repos/microsoft/accordant/comments{/number},https://api.github.com/repos/microsoft/accordant/commits{/sha},https://api.github.com/repos/microsoft/accordant/compare/{base}...{head},https://api.github.com/repos/microsoft/accordant/contents/{+path},https://api.github.com/repos/microsoft/accordant/contributors,2026-03-16T03:09:13Z,main,https://api.github.com/repos/microsoft/accordant/deployments,A model-based testing framework for .NET that validates implementations against behavioral specifications.,False,https://api.github.com/repos/microsoft/accordant/downloads,https://api.github.com/repos/microsoft/accordant/events,False,8,8,https://api.github.com/repos/microsoft/accordant/forks,microsoft/accordant,https://api.github.com/repos/microsoft/accordant/git/commits{/sha},https://api.github.com/repos/microsoft/accordant/git/refs{/sha},https://api.github.com/repos/microsoft/accordant/git/tags{/sha},git://github.com/microsoft/accordant.git,True,False,True,True,True,True,True,https://microsoft.github.io/accordant/,https://api.github.com/repos/microsoft/accordant/hooks,https://github.com/microsoft/accordant,1182864768,False,https://api.github.com/repos/microsoft/accordant/issues/comments{/number},https://api.github.com/repos/microsoft/accordant/issues/events{/number},https://api.github.com/repos/microsoft/accordant/issues{/number},https://api.github.com/repos/microsoft/accordant/keys{/key_id},https://api.github.com/repos/microsoft/accordant/labels{/name},C#,https://api.github.com/repos/microsoft/accordant/languages,,mit,MIT License,MDc6TGljZW5zZTEz,MIT,https://api.github.com/licenses/mit,https://api.github.com/repos/microsoft/accordant/merges,https://api.github.com/repos/microsoft/accordant/milestones{/number},,accordant,R_kgDORoEVgA,"https://api.github.com/repos/microsoft/accordant/notifications{?since,all,participating}",6,6,https://avatars.githubusercontent.com/u/6154722?v=4,https://api.github.com/users/microsoft/events{/privacy},https://api.github.com/users/microsoft/followers,https://api.github.com/users/microsoft/following{/other_user},https://api.github.com/users/microsoft/gists{/gist_id},,https://github.com/microsoft,6154722,microsoft,MDEyOk9yZ2FuaXphdGlvbjYxNTQ3MjI=,https://api.github.com/users/microsoft/orgs,https://api.github.com/users/microsoft/received_events,https://api.github.com/users/microsoft/repos,False,https://api.github.com/users/microsoft/starred{/owner}{/repo},https://api.github.com/users/microsoft/subscriptions,Organization,https://api.github.com/users/microsoft,public,False,all,https://api.github.com/repos/microsoft/accordant/pulls{/number},2026-08-19T00:25:21Z,https://api.github.com/repos/microsoft/accordant/releases{/id},2696,git@github.com:microsoft/accordant.git,56,https://api.github.com/repos/microsoft/accordant/stargazers,https://api.github.com/repos/microsoft/accordant/statuses/{sha},https://api.github.com/repos/microsoft/accordant/subscribers,https://api.github.com/repos/microsoft/accordant/subscription,https://github.com/microsoft/accordant,https://api.github.com/repos/microsoft/accordant/tags,https://api.github.com/repos/microsoft/accordant/teams,"[""concurrency-testing"", ""conformance-testing"", ""linearizability"", ""model-based-testing"", ""test-generation""]",https://api.github.com/repos/microsoft/accordant/git/trees{/sha},2026-08-27T10:53:33Z,https://api.github.com/repos/microsoft/accordant,public,56,56,False
True,https://api.github.com/repos/microsoft/AccountGuard/{archive_format}{/ref},True,https://api.github.com/repos/microsoft/AccountGuard/assignees{/user},https://api.github.com/repos/microsoft/AccountGuard/git/blobs{/sha},https://api.github.com/repos/microsoft/AccountGuard/branches{/branch},https://github.com/microsoft/AccountGuard.git,https://api.github.com/repos/microsoft/AccountGuard/collaborators{/collaborator},https://api.github.com/repos/microsoft/AccountGuard/comments{/number},https://api.github.com/repos/microsoft/AccountGuard/commits{/sha},https://api.github.com/repos/microsoft/AccountGuard/compare/{base}...{head},https://api.github.com/repos/microsoft/AccountGuard/contents/{+path},https://api.github.com/repos/microsoft/AccountGuard/contributors,2019-12-04T12:19:12Z,master,https://api.github.com/repos/microsoft/AccountGuard/deployments,Security ARM Templates for AccountGuard Enrollees ,False,https://api.github.com/repos/microsoft/AccountGuard/downloads,https://api.github.com/repos/microsoft/AccountGuard/events,False,9,9,https://api.github.com/repos/microsoft/AccountGuard/forks,microsoft/AccountGuard,https://api.github.com/repos/microsoft/AccountGuard/git/commits{/sha},https://api.github.com/repos/microsoft/AccountGuard/git/refs{/sha},https://api.github.com/repos/microsoft/AccountGuard/git/tags{/sha},git://github.com/microsoft/AccountGuard.git,False,False,True,False,True,True,True,,https://api.github.com/repos/microsoft/AccountGuard/hooks,https://github.com/microsoft/AccountGuard,225860378,False,https://api.github.com/repos/microsoft/AccountGuard/issues/comments{/number},https://api.github.com/repos/microsoft/AccountGuard/issues/events{/number},https://api.github.com/repos/microsoft/AccountGuard/issues{/number},https://api.github.com/repos/microsoft/AccountGuard/keys{/key_id},https://api.github.com/repos/microsoft/AccountGuard/labels{/name},PowerShell,https://api.github.com/repos/microsoft/AccountGuard/languages,,cc-by-4.0,Creative Commons Attribution 4.0 International,MDc6TGljZW5zZTI1,CC-BY-4.0,https://api.github.com/licenses/cc-by-4.0,https://api.github.com/repos/microsoft/AccountGuard/merges,https://api.github.com/repos/microsoft/AccountGuard/milestones{/number},,AccountGuard,MDEwOlJlcG9zaXRvcnkyMjU4NjAzNzg=,"https://api.github.com/repos/microsoft/AccountGuard/notifications{?since,all,participating}",1,1,https://avatars.githubusercontent.com/u/6154722?v=4,https://api.github.com/users/microsoft/events{/privacy},https://api.github.com/users/microsoft/followers,https://api.github.com/users/microsoft/following{/other_user},https://api.github.com/users/microsoft/gists{/gist_id},,https://github.com/microsoft,6154722,microsoft,MDEyOk9yZ2FuaXphdGlvbjYxNTQ3MjI=,https://api.github.com/users/microsoft/orgs,https://api.github.com/users/microsoft/received_events,https://api.github.com/users/microsoft/repos,False,https://api.github.com/users/microsoft/starred{/owner}{/repo},https://api.github.com/users/microsoft/subscriptions,Organization,https://api.github.com/users/microsoft,public,False,all,https://api.github.com/repos/microsoft/AccountGuard/pulls{/number},2020-02-10T01:27:49Z,https://api.github.com/repos/microsoft/AccountGuard/releases{/id},114,git@github.com:microsoft/AccountGuard.git,9,https://api.github.com/repos/microsoft/AccountGuard/stargazers,https://api.github.com/repos/microsoft/AccountGuard/statuses/{sha},https://api.github.com/repos/microsoft/AccountGuard/subscribers,https://api.github.com/repos/microsoft/AccountGuard/subscription,https://github.com/microsoft/AccountGuard,https://api.github.com/repos/microsoft/AccountGuard/tags,https://api.github.com/repos/microsoft/AccountGuard/teams,[],https://api.github.com/repos/microsoft/AccountGuard/git/trees{/sha},2026-08-27T10:53:34Z,https://api.github.com/repos/microsoft/AccountGuard,public,9,9,False
True,https://api.github.com/repos/microsoft/ace/{archive_format}{/ref},True,https://api.github.com/repos/microsoft/ace/assignees{/user},https://api.github.com/repos/microsoft/ace/git/blobs{/sha},https://api.github.com/repos/microsoft/ace/branches{/branch},https://github.com/microsoft/ace.git,https://api.github.com/repos/microsoft/ace/collaborators{/collaborator},https://api.github.com/repos/microsoft/ace/comments{/number},https://api.github.com/repos/microsoft/ace/commits{/sha},https://api.github.com/repos/microsoft/ace/compare/{base}...{head},https://api.github.com/repos/microsoft/ace/contents/{+path},https://api.github.com/repos/microsoft/ace/contributors,2016-01-26T08:41:38Z,master,https://api.github.com/repos/microsoft/ace/deployments,Build Cordova apps with true native UI,False,https://api.github.com/repos/microsoft/ace/downloads,https://api.github.com/repos/microsoft/ace/events,False,152,152,https://api.github.com/repos/microsoft/ace/forks,microsoft/ace,https://api.github.com/repos/microsoft/ace/git/commits{/sha},https://api.github.com/repos/microsoft/ace/git/refs{/sha},https://api.github.com/repos/microsoft/ace/git/tags{/sha},git://github.com/microsoft/ace.git,False,False,True,True,True,True,True,http://microsoft.github.io/ace,https://api.github.com/repos/microsoft/ace/hooks,https://github.com/microsoft/ace,50415500,False,https://api.github.com/repos/microsoft/ace/issues/comments{/number},https://api.github.com/repos/microsoft/ace/issues/events{/number},https://api.github.com/repos/microsoft/ace/issues{/number},https://api.github.com/repos/microsoft/ace/keys{/key_id},https://api.github.com/repos/microsoft/ace/labels{/name},Objective-C++,https://api.github.com/repos/microsoft/ace/languages,,other,Other,MDc6TGljZW5zZTA=,NOASSERTION,,https://api.github.com/repos/microsoft/ace/merges,https://api.github.com/repos/microsoft/ace/milestones{/number},,ace,MDEwOlJlcG9zaXRvcnk1MDQxNTUwMA==,"https://api.github.com/repos/microsoft/ace/notifications{?since,all,participating}",25,25,https://avatars.githubusercontent.com/u/6154722?v=4,https://api.github.com/users/microsoft/events{/privacy},https://api.github.com/users/microsoft/followers,https://api.github.com/users/microsoft/following{/other_user},https://api.github.com/users/microsoft/gists{/gist_id},,https://github.com/microsoft,6154722,microsoft,MDEyOk9yZ2FuaXphdGlvbjYxNTQ3MjI=,https://api.github.com/users/microsoft/orgs,https://api.github.com/users/microsoft/received_events,https://api.github.com/users/microsoft/repos,False,https://api.github.com/users/microsoft/starred{/owner}{/repo},https://api.github.com/users/microsoft/subscriptions,Organization,https://api.github.com/users/microsoft,public,False,all,https://api.github.com/repos/microsoft/ace/pulls{/number},2024-03-06T10:31:58Z,https://api.github.com/repos/microsoft/ace/releases{/id},3038,git@github.com:microsoft/ace.git,851,https://api.github.com/repos/microsoft/ace/stargazers,https://api.github.com/repos/microsoft/ace/statuses/{sha},https://api.github.com/repos/microsoft/ace/subscribers,https://api.github.com/repos/microsoft/ace/subscription,https://github.com/microsoft/ace,https://api.github.com/repos/microsoft/ace/tags,https://api.github.com/repos/microsoft/ace/teams,[],https://api.github.com/repos/microsoft/ace/git/trees{/sha},2026-08-27T10:53:35Z,https://api.github.com/repos/microsoft/ace,public,851,851,False
True,https://api.github.com/repos/microsoft/ace-ux-components/{archive_format}{/ref},True,https://api.github.com/repos/microsoft/ace-ux-components/assignees{/user},https://api.github.com/repos/microsoft/ace-ux-components/git/blobs{/sha},https://api.github.com/repos/microsoft/ace-ux-components/branches{/branch},https://github.com/microsoft/ace-ux-components.git,https://api.github.com/repos/microsoft/ace-ux-components/collaborators{/collaborator},https://api.github.com/repos/microsoft/ace-ux-components/comments{/number},https://api.github.com/repos/microsoft/ace-ux-components/commits{/sha},https://api.github.com/repos/microsoft/ace-ux-components/compare/{base}...{head},https://api.github.com/repos/microsoft/ace-ux-components/contents/{+path},https://api.github.com/repos/microsoft/ace-ux-components/contributors,2023-01-30T21:56:14Z,main,https://api.github.com/repos/microsoft/ace-ux-components/deployments,,False,https://api.github.com/repos/microsoft/ace-ux-components/downloads,https://api.github.com/repos/microsoft/ace-ux-components/events,False,3,3,https://api.github.com/repos/microsoft/ace-ux-components/forks,microsoft/ace-ux-components,https://api.github.com/repos/microsoft/ace-ux-components/git/commits{/sha},https://api.github.com/repos/microsoft/ace-ux-components/git/refs{/sha},https://api.github.com/repos/microsoft/ace-ux-components/git/tags{/sha},git://github.com/microsoft/ace-ux-components.git,False,False,True,False,True,True,True,,https://api.github.com/repos/microsoft/ace-ux-components/hooks,https://github.com/microsoft/ace-ux-components,595338104,False,https://api.github.com/repos/microsoft/ace-ux-components/issues/comments{/number},https://api.github.com/repos/microsoft/ace-ux-components/issues/events{/number},https://api.github.com/repos/microsoft/ace-ux-components/issues{/number},https://api.github.com/repos/microsoft/ace-ux-components/keys{/key_id},https://api.github.com/repos/microsoft/ace-ux-components/labels{/name},TypeScript,https://api.github.com/repos/microsoft/ace-ux-components/languages,,mit,MIT License,MDc6TGljZW5zZTEz,MIT,https://api.github.com/licenses/mit,https://api.github.com/repos/microsoft/ace-ux-components/merges,https://api.github.com/repos/microsoft/ace-ux-components/milestones{/number},,ace-ux-components,R_kgDOI3wjeA,"https://api.github.com/repos/microsoft/ace-ux-components/notifications{?since,all,participating}",0,0,https://avatars.githubusercontent.com/u/6154722?v=4,https://api.github.com/users/microsoft/events{/privacy},https://api.github.com/users/microsoft/followers,https://api.github.com/users/microsoft/following{/other_user},https://api.github.com/users/microsoft/gists{/gist_id},,https://github.com/microsoft,6154722,microsoft,MDEyOk9yZ2FuaXphdGlvbjYxNTQ3MjI=,https://api.github.com/users/microsoft/orgs,https://api.github.com/users/microsoft/received_events,https://api.github.com/users/microsoft/repos,False,https://api.github.com/users/microsoft/starred{/owner}{/repo},https://api.github.com/users/microsoft/subscriptions,Organization,https://api.github.com/users/microsoft,public,False,all,https://api.github.com/repos/microsoft/ace-ux-components/pulls{/number},2024-11-21T21:24:30Z,https://api.github.com/repos/microsoft/ace-ux-components/releases{/id},11474,git@github.com:microsoft/ace-ux-components.git,15,https://api.github.com/repos/microsoft/ace-ux-components/stargazers,https://api.github.com/repos/microsoft/ace-ux-components/statuses/{sha},https://api.github.com/repos/microsoft/ace-ux-components/subscribers,https://api.github.com/repos/microsoft/ace-ux-components/subscription,https://github.com/microsoft/ace-ux-components,https://api.github.com/repos/microsoft/ace-ux-components/tags,https://api.github.com/repos/microsoft/ace-ux-components/teams,[],https://api.github.com/repos/microsoft/ace-ux-components/git/trees{/sha},2026-08-27T10:53:36Z,https://api.github.com/repos/microsoft/ace-ux-components,public,15,15,True
True,https://api.github.com/repos/microsoft/ACES/{archive_format}{/ref},False,https://api.github.com/repos/microsoft/ACES/assignees{/user},https://api.github.com/repos/microsoft/ACES/git/blobs{/sha},https://api.github.com/repos/microsoft/ACES/branches{/branch},https://github.com/microsoft/ACES.git,https://api.github.com/repos/microsoft/ACES/collaborators{/collaborator},https://api.github.com/repos/microsoft/ACES/comments{/number},https://api.github.com/repos/microsoft/ACES/commits{/sha},https://api.github.com/repos/microsoft/ACES/compare/{base}...{head},https://api.github.com/repos/microsoft/ACES/contents/{+path},https://api.github.com/repos/microsoft/ACES/contributors,2026-03-09T23:19:33Z,main,https://api.github.com/repos/microsoft/ACES/deployments,Security Agent Benchmarking and Evaluation Framework,False,https://api.github.com/repos/microsoft/ACES/downloads,https://api.github.com/repos/microsoft/ACES/events,False,1,1,https://api.github.com/repos/microsoft/ACES/forks,microsoft/ACES,https://api.github.com/repos/microsoft/ACES/git/commits{/sha},https://api.github.com/repos/microsoft/ACES/git/refs{/sha},https://api.github.com/repos/microsoft/ACES/git/tags{/sha},git://github.com/microsoft/ACES.git,False,False,True,False,True,True,True,,https://api.github.com/repos/microsoft/ACES/hooks,https://github.com/microsoft/ACES,1177324361,False,https://api.github.com/repos/microsoft/ACES/issues/comments{/number},https://api.github.com/repos/microsoft/ACES/issues/events{/number},https://api.github.com/repos/microsoft/ACES/issues{/number},https://api.github.com/repos/microsoft/ACES/keys{/key_id},https://api.github.com/repos/microsoft/ACES/labels{/name},Python,https://api.github.com/repos/microsoft/ACES/languages,,mit,MIT License,MDc6TGljZW5zZTEz,MIT,https://api.github.com/licenses/mit,https://api.github.com/repos/microsoft/ACES/merges,https://api.github.com/repos/microsoft/ACES/milestones{/number},,ACES,R_kgDORiyLSQ,"https://api.github.com/repos/microsoft/ACES/notifications{?since,all,participating}",10,10,https://avatars.githubusercontent.com/u/6154722?v=4,https://api.github.com/users/microsoft/events{/privacy},https://api.github.com/users/microsoft/followers,https://api.github.com/users/microsoft/following{/other_user},https://api.github.com/users/microsoft/gists{/gist_id},,https://github.com/microsoft,6154722,microsoft,MDEyOk9yZ2FuaXphdGlvbjYxNTQ3MjI=,https://api.github.com/users/microsoft/orgs,https://api.github.com/users/microsoft/received_events,https://api.github.com/users/microsoft/repos,False,https://api.github.com/users/microsoft/starred{/owner}{/repo},https://api.github.com/users/microsoft/subscriptions,Organization,https://api.github.com/users/microsoft,public,False,all,https://api.github.com/repos/microsoft/ACES/pulls{/number},2026-08-18T02:40:07Z,https://api.github.com/repos/microsoft/ACES/releases{/id},79146,git@github.com:microsoft/ACES.git,5,https://api.github.com/repos/microsoft/ACES/stargazers,https://api.github.com/repos/microsoft/ACES/statuses/{sha},https://api.github.com/repos/microsoft/ACES/subscribers,https://api.github.com/repos/microsoft/ACES/subscription,https://github.com/microsoft/ACES,https://api.github.com/repos/microsoft/ACES/tags,https://api.github.com/repos/microsoft/ACES/teams,"[""ai-agents"", ""benchmark-framework"", ""cybersecurity"", ""evaluation-framework""]",https://api.github.com/repos/microsoft/ACES/git/trees{/sha},2026-08-27T10:53:36Z,https://api.github.com/repos/microsoft/ACES,public,5,5,False
True,https://api.github.com/repos/microsoft/ACESEvals/{archive_format}{/ref},False,https://api.github.com/repos/microsoft/ACESEvals/assignees{/user},https://api.github.com/repos/microsoft/ACESEvals/git/blobs{/sha},https://api.github.com/repos/microsoft/ACESEvals/branches{/branch},https://github.com/microsoft/ACESEvals.git,https://api.github.com/repos/microsoft/ACESEvals/collaborators{/collaborator},https://api.github.com/repos/microsoft/ACESEvals/comments{/number},https://api.github.com/repos/microsoft/ACESEvals/commits{/sha},https://api.github.com/repos/microsoft/ACESEvals/compare/{base}...{head},https://api.github.com/repos/microsoft/ACESEvals/contents/{+path},https://api.github.com/repos/microsoft/ACESEvals/contributors,2026-03-09T23:20:59Z,main,https://api.github.com/repos/microsoft/ACESEvals/deployments,Security Agent Benchmarking and Evaluation Research,False,https://api.github.com/repos/microsoft/ACESEvals/downloads,https://api.github.com/repos/microsoft/ACESEvals/events,False,1,1,https://api.github.com/repos/microsoft/ACESEvals/forks,microsoft/ACESEvals,https://api.github.com/repos/microsoft/ACESEvals/git/commits{/sha},https://api.github.com/repos/microsoft/ACESEvals/git/refs{/sha},https://api.github.com/repos/microsoft/ACESEvals/git/tags{/sha},git://github.com/microsoft/ACESEvals.git,False,False,True,False,True,True,True,,https://api.github.com/repos/microsoft/ACESEvals/hooks,https://github.com/microsoft/ACESEvals,1177325050,False,https://api.github.com/repos/microsoft/ACESEvals/issues/comments{/number},https://api.github.com/repos/microsoft/ACESEvals/issues/events{/number},https://api.github.com/repos/microsoft/ACESEvals/issues{/number},https://api.github.com/repos/microsoft/ACESEvals/keys{/key_id},https://api.github.com/repos/microsoft/ACESEvals/labels{/name},Jupyter Notebook,https://api.github.com/repos/microsoft/ACESEvals/languages,,mit,MIT License,MDc6TGljZW5zZTEz,MIT,https://api.github.com/licenses/mit,https://api.github.com/repos/microsoft/ACESEvals/merges,https://api.github.com/repos/microsoft/ACESEvals/milestones{/number},,ACESEvals,R_kgDORiyN-g,"https://api.github.com/repos/microsoft/ACESEvals/notifications{?since,all,participating}",10,10,https://avatars.githubusercontent.com/u/6154722?v=4,https://api.github.com/users/microsoft/events{/privacy},https://api.github.com/users/microsoft/followers,https://api.github.com/users/microsoft/following{/other_user},https://api.github.com/users/microsoft/gists{/gist_id},,https://github.com/microsoft,6154722,microsoft,MDEyOk9yZ2FuaXphdGlvbjYxNTQ3MjI=,https://api.github.com/users/microsoft/orgs,https://api.github.com/users/microsoft/received_events,https://api.github.com/users/microsoft/repos,False,https://api.github.com/users/microsoft/starred{/owner}{/repo},https://api.github.com/users/microsoft/subscriptions,Organization,https://api.github.com/users/microsoft,public,False,all,https://api.github.com/repos/microsoft/ACESEvals/pulls{/number},2026-08-18T02:54:31Z,https://api.github.com/repos/microsoft/ACESEvals/releases{/id},161047,git@github.com:microsoft/ACESEvals.git,10,https://api.github.com/repos/microsoft/ACESEvals/stargazers,https://api.github.com/repos/microsoft/ACESEvals/statuses/{sha},https://api.github.com/repos/microsoft/ACESEvals/subscribers,https://api.github.com/repos/microsoft/ACESEvals/subscription,https://github.com/microsoft/ACESEvals,https://api.github.com/repos/microsoft/ACESEvals/tags,https://api.github.com/repos/microsoft/ACESEvals/teams,"[""agentic-ai"", ""benchmark-framework"", ""cyber-security"", ""evaluation-framework""]",https://api.github.com/repos/microsoft/ACESEvals/git/trees{/sha},2026-08-28T07:55:14Z,https://api.github.com/repos/microsoft/ACESEvals,public,10,10,False
True,https://api.github.com/repos/microsoft/aci-spinup/{archive_format}{/ref},False,https://api.github.com/repos/microsoft/aci-spinup/assignees{/user},https://api.github.com/repos/microsoft/aci-spinup/git/blobs{/sha},https://api.github.com/repos/microsoft/aci-spinup/branches{/branch},https://github.com/microsoft/aci-spinup.git,https://api.github.com/repos/microsoft/aci-spinup/collaborators{/collaborator},https://api.github.com/repos/microsoft/aci-spinup/comments{/number},https://api.github.com/repos/microsoft/aci-spinup/commits{/sha},https://api.github.com/repos/microsoft/aci-spinup/compare/{base}...{head},https://api.github.com/repos/microsoft/aci-spinup/contents/{+path},https://api.github.com/repos/microsoft/aci-spinup/contributors,2026-06-01T16:38:29Z,main,https://api.github.com/repos/microsoft/aci-spinup/deployments,,False,https://api.github.com/repos/microsoft/aci-spinup/downloads,https://api.github.com/repos/microsoft/aci-spinup/events,False,2,2,https://api.github.com/repos/microsoft/aci-spinup/forks,microsoft/aci-spinup,https://api.github.com/repos/microsoft/aci-spinup/git/commits{/sha},https://api.github.com/repos/microsoft/aci-spinup/git/refs{/sha},https://api.github.com/repos/microsoft/aci-spinup/git/tags{/sha},git://github.com/microsoft/aci-spinup.git,False,False,True,False,True,True,True,,https://api.github.com/repos/microsoft/aci-spinup/hooks,https://github.com/microsoft/aci-spinup,1256298471,False,https://api.github.com/repos/microsoft/aci-spinup/issues/comments{/number},https://api.github.com/repos/microsoft/aci-spinup/issues/events{/number},https://api.github.com/repos/microsoft/aci-spinup/issues{/number},https://api.github.com/repos/microsoft/aci-spinup/keys{/key_id},https://api.github.com/repos/microsoft/aci-spinup/labels{/name},,https://api.github.com/repos/microsoft/aci-spinup/languages,,mit,MIT License,MDc6TGljZW5zZTEz,MIT,https://api.github.com/licenses/mit,https://api.github.com/repos/microsoft/aci-spinup/merges,https://api.github.com/repos/microsoft/aci-spinup/milestones{/number},,aci-spinup,R_kgDOSuGX5w,"https://api.github.com/repos/microsoft/aci-spinup/notifications{?since,all,participating}",2,2,https://avatars.githubusercontent.com/u/6154722?v=4,https://api.github.com/users/microsoft/events{/privacy},https://api.github.com/users/microsoft/followers,https://api.github.com/users/microsoft/following{/other_user},https://api.github.com/users/microsoft/gists{/gist_id},,https://github.com/microsoft,6154722,microsoft,MDEyOk9yZ2FuaXphdGlvbjYxNTQ3MjI=,https://api.github.com/users/microsoft/orgs,https://api.github.com/users/microsoft/received_events,https://api.github.com/users/microsoft/repos,False,https://api.github.com/users/microsoft/starred{/owner}{/repo},https://api.github.com/users/microsoft/subscriptions,Organization,https://api.github.com/users/microsoft,public,False,all,https://api.github.com/repos/microsoft/aci-spinup/pulls{/number},2026-06-01T16:38:46Z,https://api.github.com/repos/microsoft/aci-spinup/releases{/id},8,git@github.com:microsoft/aci-spinup.git,1,https://api.github.com/repos/microsoft/aci-spinup/stargazers,https://api.github.com/repos/microsoft/aci-spinup/statuses/{sha},https://api.github.com/repos/microsoft/aci-spinup/subscribers,https://api.github.com/repos/microsoft/aci-spinup/subscription,https://github.com/microsoft/aci-spinup,https://api.github.com/repos/microsoft/aci-spinup/tags,https://api.github.com/repos/microsoft/aci-spinup/teams,[],https://api.github.com/repos/microsoft/aci-spinup/git/trees{/sha},2026-08-27T10:53:38Z,https://api.github.com/repos/microsoft/aci-spinup,public,1,1,False
True,https://api.github.com/repos/microsoft/acon/{archive_format}{/ref},False,https://api.github.com/repos/microsoft/acon/assignees{/user},https://api.github.com/repos/microsoft/acon/git/blobs{/sha},https://api.github.com/repos/microsoft/acon/branches{/branch},https://github.com/microsoft/acon.git,https://api.github.com/repos/microsoft/acon/collaborators{/collaborator},https://api.github.com/repos/microsoft/acon/comments{/number},https://api.github.com/repos/microsoft/acon/commits{/sha},https://api.github.com/repos/microsoft/acon/compare/{base}...{head},https://api.github.com/repos/microsoft/acon/contents/{+path},https://api.github.com/repos/microsoft/acon/contributors,2025-09-30T21:59:59Z,main,https://api.github.com/repos/microsoft/acon/deployments,"Official implementation of paper ""ACON: Optimizing Context Compression for Long-horizon LLM Agents""",False,https://api.github.com/repos/microsoft/acon/downloads,https://api.github.com/repos/microsoft/acon/events,False,16,16,https://api.github.com/repos/microsoft/acon/forks,microsoft/acon,https://api.github.com/repos/microsoft/acon/git/commits{/sha},https://api.github.com/repos/microsoft/acon/git/refs{/sha},https://api.github.com/repos/microsoft/acon/git/tags{/sha},git://github.com/microsoft/acon.git,False,False,True,False,True,True,True,,https://api.github.com/repos/microsoft/acon/hooks,https://github.com/microsoft/acon,1067453203,False,https://api.github.com/repos/microsoft/acon/issues/comments{/number},https://api.github.com/repos/microsoft/acon/issues/events{/number},https://api.github.com/repos/microsoft/acon/issues{/number},https://api.github.com/repos/microsoft/acon/keys{/key_id},https://api.github.com/repos/microsoft/acon/labels{/name},Python,https://api.github.com/repos/microsoft/acon/languages,,mit,MIT License,MDc6TGljZW5zZTEz,MIT,https://api.github.com/licenses/mit,https://api.github.com/repos/microsoft/acon/merges,https://api.github.com/repos/microsoft/acon/milestones{/number},,acon,R_kgDOP6ALEw,"https://api.github.com/repos/microsoft/acon/notifications{?since,all,participating}",6,6,https://avatars.githubusercontent.com/u/6154722?v=4,https://api.github.com/users/microsoft/events{/privacy},https://api.github.com/users/microsoft/followers,https://api.github.com/users/microsoft/following{/other_user},https://api.github.com/users/microsoft/gists{/gist_id},,https://github.com/microsoft,6154722,microsoft,MDEyOk9yZ2FuaXphdGlvbjYxNTQ3MjI=,https://api.github.com/users/microsoft/orgs,https://api.github.com/users/microsoft/received_events,https://api.github.com/users/microsoft/repos,False,https://api.github.com/users/microsoft/starred{/owner}{/repo},https://api.github.com/users/microsoft/subscriptions,Organization,https://api.github.com/users/microsoft,public,False,all,https://api.github.com/repos/microsoft/acon/pulls{/number},2025-10-14T08:12:20Z,https://api.github.com/repos/microsoft/acon/releases{/id},10618,git@github.com:microsoft/acon.git,109,https://api.github.com/repos/microsoft/acon/stargazers,https://api.github.com/repos/microsoft/acon/statuses/{sha},https://api.github.com/repos/microsoft/acon/subscribers,https://api.github.com/repos/microsoft/acon/subscription,https://github.com/microsoft/acon,https://api.github.com/repos/microsoft/acon/tags,https://api.github.com/repos/microsoft/acon/teams,[],https://api.github.com/repos/microsoft/acon/git/trees{/sha},2026-08-27T10:53:38Z,https://api.github.com/repos/microsoft/acon,public,109,109,False
True,https://api.github.com/repos/microsoft/acoustic-bird-detection/{archive_format}{/ref},True,https://api.github.com/repos/microsoft/acoustic-bird-detection/assignees{/user},https://api.github.com/repos/microsoft/acoustic-bird-detection/git/blobs{/sha},https://api.github.com/repos/microsoft/acoustic-bird-detection/branches{/branch},https://github.com/microsoft/acoustic-bird-detection.git,https://api.github.com/repos/microsoft/acoustic-bird-detection/collaborators{/collaborator},https://api.github.com/repos/microsoft/acoustic-bird-detection/comments{/number},https://api.github.com/repos/microsoft/acoustic-bird-detection/commits{/sha},https://api.github.com/repos/microsoft/acoustic-bird-detection/compare/{base}...{head},https://api.github.com/repos/microsoft/acoustic-bird-detection/contents/{+path},https://api.github.com/repos/microsoft/acoustic-bird-detection/contributors,2020-09-24T01:57:25Z,main,https://api.github.com/repos/microsoft/acoustic-bird-detection/deployments,Machine learning tools for acoustic bird detection,False,https://api.github.com/repos/microsoft/acoustic-bird-detection/downloads,https://api.github.com/repos/microsoft/acoustic-bird-detection/events,False,20,20,https://api.github.com/repos/microsoft/acoustic-bird-detection/forks,microsoft/acoustic-bird-detection,https://api.github.com/repos/microsoft/acoustic-bird-detection/git/commits{/sha},https://api.github.com/repos/microsoft/acoustic-bird-detection/git/refs{/sha},https://api.github.com/repos/microsoft/acoustic-bird-detection/git/tags{/sha},git://github.com/microsoft/acoustic-bird-detection.git,False,False,True,False,True,True,True,,https://api.github.com/repos/microsoft/acoustic-bird-detection/hooks,https://github.com/microsoft/acoustic-bird-detection,298142651,False,https://api.github.com/repos/microsoft/acoustic-bird-detection/issues/comments{/number},https://api.github.com/repos/microsoft/acoustic-bird-detection/issues/events{/number},https://api.github.com/repos/microsoft/acoustic-bird-detection/issues{/number},https://api.github.com/repos/microsoft/acoustic-bird-detection/keys{/key_id},https://api.github.com/repos/microsoft/acoustic-bird-detection/labels{/name},Jupyter Notebook,https://api.github.com/repos/microsoft/acoustic-bird-detection/languages,,mit,MIT License,MDc6TGljZW5zZTEz,MIT,https://api.github.com/licenses/mit,https://api.github.com/repos/microsoft/acoustic-bird-detection/merges,https://api.github.com/repos/microsoft/acoustic-bird-detection/milestones{/number},,acoustic-bird-detection,MDEwOlJlcG9zaXRvcnkyOTgxNDI2NTE=,"https://api.github.com/repos/microsoft/acoustic-bird-detection/notifications{?since,all,participating}",3,3,https://avatars.githubusercontent.com/u/6154722?v=4,https://api.github.com/users/microsoft/events{/privacy},https://api.github.com/users/microsoft/followers,https://api.github.com/users/microsoft/following{/other_user},https://api.github.com/users/microsoft/gists{/gist_id},,https://github.com/microsoft,6154722,microsoft,MDEyOk9yZ2FuaXphdGlvbjYxNTQ3MjI=,https://api.github.com/users/microsoft/orgs,https://api.github.com/users/microsoft/received_events,https://api.github.com/users/microsoft/repos,False,https://api.github.com/users/microsoft/starred{/owner}{/repo},https://api.github.com/users/microsoft/subscriptions,Organization,https://api.github.com/users/microsoft,public,False,all,https://api.github.com/repos/microsoft/acoustic-bird-detection/pulls{/number},2020-10-15T15:16:15Z,https://api.github.com/repos/microsoft/acoustic-bird-detection/releases{/id},1909,git@github.com:microsoft/acoustic-bird-detection.git,50,https://api.github.com/repos/microsoft/acoustic-bird-detection/stargazers,https://api.github.com/repos/microsoft/acoustic-bird-detection/statuses/{sha},https://api.github.com/repos/microsoft/acoustic-bird-detection/subscribers,https://api.github.com/repos/microsoft/acoustic-bird-detection/subscription,https://github.com/microsoft/acoustic-bird-detection,https://api.github.com/repos/microsoft/acoustic-bird-detection/tags,https://api.github.com/repos/microsoft/acoustic-bird-detection/teams,[],https://api.github.com/repos/microsoft/acoustic-bird-detection/git/trees{/sha},2026-08-27T10:53:39Z,https://api.github.com/repos/microsoft/acoustic-bird-detection,public,50,50,False
True,https://api.github.com/repos/microsoft/Acoustic-Perception-for-Virtual-AI-Agents/{archive_format}{/ref},True,https://api.github.com/repos/microsoft/Acoustic-Perception-for-Virtual-AI-Agents/assignees{/user},https://api.github.com/repos/microsoft/Acoustic-Perception-for-Virtual-AI-Agents/git/blobs{/sha},https://api.github.com/repos/microsoft/Acoustic-Perception-for-Virtual-AI-Agents/branches{/branch},https://github.com/microsoft/Acoustic-Perception-for-Virtual-AI-Agents.git,https://api.github.com/repos/microsoft/Acoustic-Perception-for-Virtual-AI-Agents/collaborators{/collaborator},https://api.github.com/repos/microsoft/Acoustic-Perception-for-Virtual-AI-Agents/comments{/number},https://api.github.com/repos/microsoft/Acoustic-Perception-for-Virtual-AI-Agents/commits{/sha},https://api.github.com/repos/microsoft/Acoustic-Perception-for-Virtual-AI-Agents/compare/{base}...{head},https://api.github.com/repos/microsoft/Acoustic-Perception-for-Virtual-AI-Agents/contents/{+path},https://api.github.com/repos/microsoft/Acoustic-Perception-for-Virtual-AI-Agents/contributors,2021-08-05T18:58:39Z,main,https://api.github.com/repos/microsoft/Acoustic-Perception-for-Virtual-AI-Agents/deployments,"This repository contains source code demonstrating the techniques discussed in the associated paper, ""Efficient Acoustic Perception for Virtual AI Agents""",False,https://api.github.com/repos/microsoft/Acoustic-Perception-for-Virtual-AI-Agents/downloads,https://api.github.com/repos/microsoft/Acoustic-Perception-for-Virtual-AI-Agents/events,False,5,5,https://api.github.com/repos/microsoft/Acoustic-Perception-for-Virtual-AI-Agents/forks,microsoft/Acoustic-Perception-for-Virtual-AI-Agents,https://api.github.com/repos/microsoft/Acoustic-Perception-for-Virtual-AI-Agents/git/commits{/sha},https://api.github.com/repos/microsoft/Acoustic-Perception-for-Virtual-AI-Agents/git/refs{/sha},https://api.github.com/repos/microsoft/Acoustic-Perception-for-Virtual-AI-Agents/git/tags{/sha},git://github.com/microsoft/Acoustic-Perception-for-Virtual-AI-Agents.git,False,False,True,False,True,True,True,,https://api.github.com/repos/microsoft/Acoustic-Perception-for-Virtual-AI-Agents/hooks,https://github.com/microsoft/Acoustic-Perception-for-Virtual-AI-Agents,393144531,False,https://api.github.com/repos/microsoft/Acoustic-Perception-for-Virtual-AI-Agents/issues/comments{/number},https://api.github.com/repos/microsoft/Acoustic-Perception-for-Virtual-AI-Agents/issues/events{/number},https://api.github.com/repos/microsoft/Acoustic-Perception-for-Virtual-AI-Agents/issues{/number},https://api.github.com/repos/microsoft/Acoustic-Perception-for-Virtual-AI-Agents/keys{/key_id},https://api.github.com/repos/microsoft/Acoustic-Perception-for-Virtual-AI-Agents/labels{/name},C++,https://api.github.com/repos/microsoft/Acoustic-Perception-for-Virtual-AI-Agents/languages,,mit,MIT License,MDc6TGljZW5zZTEz,MIT,https://api.github.com/licenses/mit,https://api.github.com/repos/microsoft/Acoustic-Perception-for-Virtual-AI-Agents/merges,https://api.github.com/repos/microsoft/Acoustic-Perception-for-Virtual-AI-Agents/milestones{/number},,Acoustic-Perception-for-Virtual-AI-Agents,MDEwOlJlcG9zaXRvcnkzOTMxNDQ1MzE=,"https://api.github.com/repos/microsoft/Acoustic-Perception-for-Virtual-AI-Agents/notifications{?since,all,participating}",1,1,https://avatars.githubusercontent.com/u/6154722?v=4,https://api.github.com/users/microsoft/events{/privacy},https://api.github.com/users/microsoft/followers,https://api.github.com/users/microsoft/following{/other_user},https://api.github.com/users/microsoft/gists{/gist_id},,https://github.com/microsoft,6154722,microsoft,MDEyOk9yZ2FuaXphdGlvbjYxNTQ3MjI=,https://api.github.com/users/microsoft/orgs,https://api.github.com/users/microsoft/received_events,https://api.github.com/users/microsoft/repos,False,https://api.github.com/users/microsoft/starred{/owner}{/repo},https://api.github.com/users/microsoft/subscriptions,Organization,https://api.github.com/users/microsoft,public,False,all,https://api.github.com/repos/microsoft/Acoustic-Perception-for-Virtual-AI-Agents/pulls{/number},2022-02-18T21:38:12Z,https://api.github.com/repos/microsoft/Acoustic-Perception-for-Virtual-AI-Agents/releases{/id},8565,git@github.com:microsoft/Acoustic-Perception-for-Virtual-AI-Agents.git,12,https://api.github.com/repos/microsoft/Acoustic-Perception-for-Virtual-AI-Agents/stargazers,https://api.github.com/repos/microsoft/Acoustic-Perception-for-Virtual-AI-Agents/statuses/{sha},https://api.github.com/repos/microsoft/Acoustic-Perception-for-Virtual-AI-Agents/subscribers,https://api.github.com/repos/microsoft/Acoustic-Perception-for-Virtual-AI-Agents/subscription,https://github.com/microsoft/Acoustic-Perception-for-Virtual-AI-Agents,https://api.github.com/repos/microsoft/Acoustic-Perception-for-Virtual-AI-Agents/tags,https://api.github.com/repos/microsoft/Acoustic-Perception-for-Virtual-AI-Agents/teams,[],https://api.github.com/repos/microsoft/Acoustic-Perception-for-Virtual-AI-Agents/git/trees{/sha},2026-08-27T10:53:40Z,https://api.github.com/repos/microsoft/Acoustic-Perception-for-Virtual-AI-Agents,public,12,12,False
True,https://api.github.com/repos/microsoft/AcousticScatteringData/{archive_format}{/ref},True,https://api.github.com/repos/microsoft/AcousticScatteringData/assignees{/user},https://api.github.com/repos/microsoft/AcousticScatteringData/git/blobs{/sha},https://api.github.com/repos/microsoft/AcousticScatteringData/branches{/branch},https://github.com/microsoft/AcousticScatteringData.git,https://api.github.com/repos/microsoft/AcousticScatteringData/collaborators{/collaborator},https://api.github.com/repos/microsoft/AcousticScatteringData/comments{/number},https://api.github.com/repos/microsoft/AcousticScatteringData/commits{/sha},https://api.github.com/repos/microsoft/AcousticScatteringData/compare/{base}...{head},https://api.github.com/repos/microsoft/AcousticScatteringData/contents/{+path},https://api.github.com/repos/microsoft/AcousticScatteringData/contributors,2020-01-27T02:24:04Z,master,https://api.github.com/repos/microsoft/AcousticScatteringData/deployments,Synthetic exterior acoustic scattering data and sample parsing code.,False,https://api.github.com/repos/microsoft/AcousticScatteringData/downloads,https://api.github.com/repos/microsoft/AcousticScatteringData/events,False,8,8,https://api.github.com/repos/microsoft/AcousticScatteringData/forks,microsoft/AcousticScatteringData,https://api.github.com/repos/microsoft/AcousticScatteringData/git/commits{/sha},https://api.github.com/repos/microsoft/AcousticScatteringData/git/refs{/sha},https://api.github.com/repos/microsoft/AcousticScatteringData/git/tags{/sha},git://github.com/microsoft/AcousticScatteringData.git,False,False,True,False,True,True,True,,https://api.github.com/repos/microsoft/AcousticScatteringData/hooks,https://github.com/microsoft/AcousticScatteringData,236407033,False,https://api.github.com/repos/microsoft/AcousticScatteringData/issues/comments{/number},https://api.github.com/repos/microsoft/AcousticScatteringData/issues/events{/number},https://api.github.com/repos/microsoft/AcousticScatteringData/issues{/number},https://api.github.com/repos/microsoft/AcousticScatteringData/keys{/key_id},https://api.github.com/repos/microsoft/AcousticScatteringData/labels{/name},MATLAB,https://api.github.com/repos/microsoft/AcousticScatteringData/languages,,,,,,,https://api.github.com/repos/microsoft/AcousticScatteringData/merges,https://api.github.com/repos/microsoft/AcousticScatteringData/milestones{/number},,AcousticScatteringData,MDEwOlJlcG9zaXRvcnkyMzY0MDcwMzM=,"https://api.github.com/repos/microsoft/AcousticScatteringData/notifications{?since,all,participating}",1,1,https://avatars.githubusercontent.com/u/6154722?v=4,https://api.github.com/users/microsoft/events{/privacy},https://api.github.com/users/microsoft/followers,https://api.github.com/users/microsoft/following{/other_user},https://api.github.com/users/microsoft/gists{/gist_id},,https://github.com/microsoft,6154722,microsoft,MDEyOk9yZ2FuaXphdGlvbjYxNTQ3MjI=,https://api.github.com/users/microsoft/orgs,https://api.github.com/users/microsoft/received_events,https://api.github.com/users/microsoft/repos,False,https://api.github.com/users/microsoft/starred{/owner}{/repo},https://api.github.com/users/microsoft/subscriptions,Organization,https://api.github.com/users/microsoft,public,False,all,https://api.github.com/repos/microsoft/AcousticScatteringData/pulls{/number},2020-02-05T18:31:26Z,https://api.github.com/repos/microsoft/AcousticScatteringData/releases{/id},69265,git@github.com:microsoft/AcousticScatteringData.git,18,https://api.github.com/repos/microsoft/AcousticScatteringData/stargazers,https://api.github.com/repos/microsoft/AcousticScatteringData/statuses/{sha},https://api.github.com/repos/microsoft/AcousticScatteringData/subscribers,https://api.github.com/repos/microsoft/AcousticScatteringData/subscription,https://github.com/microsoft/AcousticScatteringData,https://api.github.com/repos/microsoft/AcousticScatteringData/tags,https://api.github.com/repos/microsoft/AcousticScatteringData/teams,"[""acoustic-scattering-data"", ""acoustics"", ""convolutional-neural-networks"", ""dataset"", ""deep-neural-networks"", ""icassp-2020"", ""matlab"", ""octave-bands"", ""scattering""]",https://api.github.com/repos/microsoft/AcousticScatteringData/git/trees{/sha},2026-08-27T10:53:40Z,https://api.github.com/repos/microsoft/AcousticScatteringData,public,18,18,False
True,https://api.github.com/repos/microsoft/acs-kitchen-sink/{archive_format}{/ref},True,https://api.github.com/repos/microsoft/acs-kitchen-sink/assignees{/user},https://api.github.com/repos/microsoft/acs-kitchen-sink/git/blobs{/sha},https://api.github.com/repos/microsoft/acs-kitchen-sink/branches{/branch},https://github.com/microsoft/acs-kitchen-sink.git,https://api.github.com/repos/microsoft/acs-kitchen-sink/collaborators{/collaborator},https://api.github.com/repos/microsoft/acs-kitchen-sink/comments{/number},https://api.github.com/repos/microsoft/acs-kitchen-sink/commits{/sha},https://api.github.com/repos/microsoft/acs-kitchen-sink/compare/{base}...{head},https://api.github.com/repos/microsoft/acs-kitchen-sink/contents/{+path},https://api.github.com/repos/microsoft/acs-kitchen-sink/contributors,2022-07-07T13:39:56Z,main,https://api.github.com/repos/microsoft/acs-kitchen-sink/deployments,Demonstrating different Azure Communication Services features,False,https://api.github.com/repos/microsoft/acs-kitchen-sink/downloads,https://api.github.com/repos/microsoft/acs-kitchen-sink/events,False,1,1,https://api.github.com/repos/microsoft/acs-kitchen-sink/forks,microsoft/acs-kitchen-sink,https://api.github.com/repos/microsoft/acs-kitchen-sink/git/commits{/sha},https://api.github.com/repos/microsoft/acs-kitchen-sink/git/refs{/sha},https://api.github.com/repos/microsoft/acs-kitchen-sink/git/tags{/sha},git://github.com/microsoft/acs-kitchen-sink.git,False,False,True,False,True,True,True,,https://api.github.com/repos/microsoft/acs-kitchen-sink/hooks,https://github.com/microsoft/acs-kitchen-sink,511542598,False,https://api.github.com/repos/microsoft/acs-kitchen-sink/issues/comments{/number},https://api.github.com/repos/microsoft/acs-kitchen-sink/issues/events{/number},https://api.github.com/repos/microsoft/acs-kitchen-sink/issues{/number},https://api.github.com/repos/microsoft/acs-kitchen-sink/keys{/key_id},https://api.github.com/repos/microsoft/acs-kitchen-sink/labels{/name},TypeScript,https://api.github.com/repos/microsoft/acs-kitchen-sink/languages,,mit,MIT License,MDc6TGljZW5zZTEz,MIT,https://api.github.com/licenses/mit,https://api.github.com/repos/microsoft/acs-kitchen-sink/merges,https://api.github.com/repos/microsoft/acs-kitchen-sink/milestones{/number},,acs-kitchen-sink,R_kgDOHn2FRg,"https://api.github.com/repos/microsoft/acs-kitchen-sink/notifications{?since,all,participating}",9,9,https://avatars.githubusercontent.com/u/6154722?v=4,https://api.github.com/users/microsoft/events{/privacy},https://api.github.com/users/microsoft/followers,https://api.github.com/users/microsoft/following{/other_user},https://api.github.com/users/microsoft/gists{/gist_id},,https://github.com/microsoft,6154722,microsoft,MDEyOk9yZ2FuaXphdGlvbjYxNTQ3MjI=,https://api.github.com/users/microsoft/orgs,https://api.github.com/users/microsoft/received_events,https://api.github.com/users/microsoft/repos,False,https://api.github.com/users/microsoft/starred{/owner}{/repo},https://api.github.com/users/microsoft/subscriptions,Organization,https://api.github.com/users/microsoft,public,False,all,https://api.github.com/repos/microsoft/acs-kitchen-sink/pulls{/number},2023-07-19T18:52:53Z,https://api.github.com/repos/microsoft/acs-kitchen-sink/releases{/id},2761,git@github.com:microsoft/acs-kitchen-sink.git,5,https://api.github.com/repos/microsoft/acs-kitchen-sink/stargazers,https://api.github.com/repos/microsoft/acs-kitchen-sink/statuses/{sha},https://api.github.com/repos/microsoft/acs-kitchen-sink/subscribers,https://api.github.com/repos/microsoft/acs-kitchen-sink/subscription,https://github.com/microsoft/acs-kitchen-sink,https://api.github.com/repos/microsoft/acs-kitchen-sink/tags,https://api.github.com/repos/microsoft/acs-kitchen-sink/teams,[],https://api.github.com/repos/microsoft/acs-kitchen-sink/git/trees{/sha},2026-08-27T10:53:41Z,https://api.github.com/repos/microsoft/acs-kitchen-sink,public,5,5,False
True,https://api.github.com/repos/microsoft/act/{archive_format}{/ref},True,https://api.github.com/repos/microsoft/act/assignees{/user},https://api.github.com/repos/microsoft/act/git/blobs{/sha},https://api.github.com/repos/microsoft/act/branches{/branch},https://github.com/microsoft/act.git,https://api.github.com/repos/microsoft/act/collaborators{/collaborator},https://api.github.com/repos/microsoft/act/comments{/number},https://api.github.com/repos/microsoft/act/commits{/sha},https://api.github.com/repos/microsoft/act/compare/{base}...{head},https://api.github.com/repos/microsoft/act/contents/{+path},https://api.github.com/repos/microsoft/act/contributors,2021-12-02T01:14:21Z,main,https://api.github.com/repos/microsoft/act/deployments,AML Command Transfer. A lightweight tool to transfer any command line to Azure Machine Learning Services,False,https://api.github.com/repos/microsoft/act/downloads,https://api.github.com/repos/microsoft/act/events,False,3,3,https://api.github.com/repos/microsoft/act/forks,microsoft/act,https://api.github.com/repos/microsoft/act/git/commits{/sha},https://api.github.com/repos/microsoft/act/git/refs{/sha},https://api.github.com/repos/microsoft/act/git/tags{/sha},git://github.com/microsoft/act.git,False,False,True,False,True,True,True,,https://api.github.com/repos/microsoft/act/hooks,https://github.com/microsoft/act,434039371,False,https://api.github.com/repos/microsoft/act/issues/comments{/number},https://api.github.com/repos/microsoft/act/issues/events{/number},https://api.github.com/repos/microsoft/act/issues{/number},https://api.github.com/repos/microsoft/act/keys{/key_id},https://api.github.com/repos/microsoft/act/labels{/name},Python,https://api.github.com/repos/microsoft/act/languages,,mit,MIT License,MDc6TGljZW5zZTEz,MIT,https://api.github.com/licenses/mit,https://api.github.com/repos/microsoft/act/merges,https://api.github.com/repos/microsoft/act/milestones{/number},,act,R_kgDOGd7qSw,"https://api.github.com/repos/microsoft/act/notifications{?since,all,participating}",2,2,https://avatars.githubusercontent.com/u/6154722?v=4,https://api.github.com/users/microsoft/events{/privacy},https://api.github.com/users/microsoft/followers,https://api.github.com/users/microsoft/following{/other_user},https://api.github.com/users/microsoft/gists{/gist_id},,https://github.com/microsoft,6154722,microsoft,MDEyOk9yZ2FuaXphdGlvbjYxNTQ3MjI=,https://api.github.com/users/microsoft/orgs,https://api.github.com/users/microsoft/received_events,https://api.github.com/users/microsoft/repos,False,https://api.github.com/users/microsoft/starred{/owner}{/repo},https://api.github.com/users/microsoft/subscriptions,Organization,https://api.github.com/users/microsoft,public,False,all,https://api.github.com/repos/microsoft/act/pulls{/number},2024-05-23T17:25:07Z,https://api.github.com/repos/microsoft/act/releases{/id},326,git@github.com:microsoft/act.git,21,https://api.github.com/repos/microsoft/act/stargazers,https://api.github.com/repos/microsoft/act/statuses/{sha},https://api.github.com/repos/microsoft/act/subscribers,https://api.github.com/repos/microsoft/act/subscription,https://github.com/microsoft/act,https://api.github.com/repos/microsoft/act/tags,https://api.github.com/repos/microsoft/act/teams,[],https://api.github.com/repos/microsoft/act/git/trees{/sha},2026-08-27T10:53:42Z,https://api.github.com/repos/microsoft/act,public,21,21,False
True,https://api.github.com/repos/microsoft/action-armttk/{archive_format}{/ref},False,https://api.github.com/repos/microsoft/action-armttk/assignees{/user},https://api.github.com/repos/microsoft/action-armttk/git/blobs{/sha},https://api.github.com/repos/microsoft/action-armttk/branches{/branch},https://github.com/microsoft/action-armttk.git,https://api.github.com/repos/microsoft/action-armttk/collaborators{/collaborator},https://api.github.com/repos/microsoft/action-armttk/comments{/number},https://api.github.com/repos/microsoft/action-armttk/commits{/sha},https://api.github.com/repos/microsoft/action-armttk/compare/{base}...{head},https://api.github.com/repos/microsoft/action-armttk/contents/{+path},https://api.github.com/repos/microsoft/action-armttk/contributors,2022-09-19T21:59:40Z,main,https://api.github.com/repos/microsoft/action-armttk/deployments,Github Action for running ARM-TTK,False,https://api.github.com/repos/microsoft/action-armttk/downloads,https://api.github.com/repos/microsoft/action-armttk/events,False,10,10,https://api.github.com/repos/microsoft/action-armttk/forks,microsoft/action-armttk,https://api.github.com/repos/microsoft/action-armttk/git/commits{/sha},https://api.github.com/repos/microsoft/action-armttk/git/refs{/sha},https://api.github.com/repos/microsoft/action-armttk/git/tags{/sha},git://github.com/microsoft/action-armttk.git,False,False,True,False,True,True,True,,https://api.github.com/repos/microsoft/action-armttk/hooks,https://github.com/microsoft/action-armttk,538711962,False,https://api.github.com/repos/microsoft/action-armttk/issues/comments{/number},https://api.github.com/repos/microsoft/action-armttk/issues/events{/number},https://api.github.com/repos/microsoft/action-armttk/issues{/number},https://api.github.com/repos/microsoft/action-armttk/keys{/key_id},https://api.github.com/repos/microsoft/action-armttk/labels{/name},Shell,https://api.github.com/repos/microsoft/action-armttk/languages,,mit,MIT License,MDc6TGljZW5zZTEz,MIT,https://api.github.com/licenses/mit,https://api.github.com/repos/microsoft/action-armttk/merges,https://api.github.com/repos/microsoft/action-armttk/milestones{/number},,action-armttk,R_kgDOIBwXmg,"https://api.github.com/repos/microsoft/action-armttk/notifications{?since,all,participating}",10,10,https://avatars.githubusercontent.com/u/6154722?v=4,https://api.github.com/users/microsoft/events{/privacy},https://api.github.com/users/microsoft/followers,https://api.github.com/users/microsoft/following{/other_user},https://api.github.com/users/microsoft/gists{/gist_id},,https://github.com/microsoft,6154722,microsoft,MDEyOk9yZ2FuaXphdGlvbjYxNTQ3MjI=,https://api.github.com/users/microsoft/orgs,https://api.github.com/users/microsoft/received_events,https://api.github.com/users/microsoft/repos,False,https://api.github.com/users/microsoft/starred{/owner}{/repo},https://api.github.com/users/microsoft/subscriptions,Organization,https://api.github.com/users/microsoft,public,False,all,https://api.github.com/repos/microsoft/action-armttk/pulls{/number},2024-02-06T11:48:45Z,https://api.github.com/repos/microsoft/action-armttk/releases{/id},35,git@github.com:microsoft/action-armttk.git,5,https://api.github.com/repos/microsoft/action-armttk/stargazers,https://api.github.com/repos/microsoft/action-armttk/statuses/{sha},https://api.github.com/repos/microsoft/action-armttk/subscribers,https://api.github.com/repos/microsoft/action-armttk/subscription,https://github.com/microsoft/action-armttk,https://api.github.com/repos/microsoft/action-armttk/tags,https://api.github.com/repos/microsoft/action-armttk/teams,[],https://api.github.com/repos/microsoft/action-armttk/git/trees{/sha},2026-08-27T10:53:43Z,https://api.github.com/repos/microsoft/action-armttk,public,5,5,False
True,https://api.github.com/repos/microsoft/action-publish-symbols/{archive_format}{/ref},False,https://api.github.com/repos/microsoft/action-publish-symbols/assignees{/user},https://api.github.com/repos/microsoft/action-publish-symbols/git/blobs{/sha},https://api.github.com/repos/microsoft/action-publish-symbols/branches{/branch},https://github.com/microsoft/action-publish-symbols.git,https://api.github.com/repos/microsoft/action-publish-symbols/collaborators{/collaborator},https://api.github.com/repos/microsoft/action-publish-symbols/comments{/number},https://api.github.com/repos/microsoft/action-publish-symbols/commits{/sha},https://api.github.com/repos/microsoft/action-publish-symbols/compare/{base}...{head},https://api.github.com/repos/microsoft/action-publish-symbols/contents/{+path},https://api.github.com/repos/microsoft/action-publish-symbols/contributors,2022-02-23T21:20:38Z,main,https://api.github.com/repos/microsoft/action-publish-symbols/deployments,GitHub Action to publish symbols to the Azure DevOps Package Management symbol server (Artifacts server).,False,https://api.github.com/repos/microsoft/action-publish-symbols/downloads,https://api.github.com/repos/microsoft/action-publish-symbols/events,False,13,13,https://api.github.com/repos/microsoft/action-publish-symbols/forks,microsoft/action-publish-symbols,https://api.github.com/repos/microsoft/action-publish-symbols/git/commits{/sha},https://api.github.com/repos/microsoft/action-publish-symbols/git/refs{/sha},https://api.github.com/repos/microsoft/action-publish-symbols/git/tags{/sha},git://github.com/microsoft/action-publish-symbols.git,False,False,True,False,True,True,True,,https://api.github.com/repos/microsoft/action-publish-symbols/hooks,https://github.com/microsoft/action-publish-symbols,462909622,False,https://api.github.com/repos/microsoft/action-publish-symbols/issues/comments{/number},https://api.github.com/repos/microsoft/action-publish-symbols/issues/events{/number},https://api.github.com/repos/microsoft/action-publish-symbols/issues{/number},https://api.github.com/repos/microsoft/action-publish-symbols/keys{/key_id},https://api.github.com/repos/microsoft/action-publish-symbols/labels{/name},TypeScript,https://api.github.com/repos/microsoft/action-publish-symbols/languages,,mit,MIT License,MDc6TGljZW5zZTEz,MIT,https://api.github.com/licenses/mit,https://api.github.com/repos/microsoft/action-publish-symbols/merges,https://api.github.com/repos/microsoft/action-publish-symbols/milestones{/number},,action-publish-symbols,R_kgDOG5dwtg,"https://api.github.com/repos/microsoft/action-publish-symbols/notifications{?since,all,participating}",10,10,https://avatars.githubusercontent.com/u/6154722?v=4,https://api.github.com/users/microsoft/events{/privacy},https://api.github.com/users/microsoft/followers,https://api.github.com/users/microsoft/following{/other_user},https://api.github.com/users/microsoft/gists{/gist_id},,https://github.com/microsoft,6154722,microsoft,MDEyOk9yZ2FuaXphdGlvbjYxNTQ3MjI=,https://api.github.com/users/microsoft/orgs,https://api.github.com/users/microsoft/received_events,https://api.github.com/users/microsoft/repos,False,https://api.github.com/users/microsoft/starred{/owner}{/repo},https://api.github.com/users/microsoft/subscriptions,Organization,https://api.github.com/users/microsoft,public,False,all,https://api.github.com/repos/microsoft/action-publish-symbols/pulls{/number},2026-08-24T17:59:56Z,https://api.github.com/repos/microsoft/action-publish-symbols/releases{/id},559,git@github.com:microsoft/action-publish-symbols.git,9,https://api.github.com/repos/microsoft/action-publish-symbols/stargazers,https://api.github.com/repos/microsoft/action-publish-symbols/statuses/{sha},https://api.github.com/repos/microsoft/action-publish-symbols/subscribers,https://api.github.com/repos/microsoft/action-publish-symbols/subscription,https://github.com/microsoft/action-publish-symbols,https://api.github.com/repos/microsoft/action-publish-symbols/tags,https://api.github.com/repos/microsoft/action-publish-symbols/teams,[],https://api.github.com/repos/microsoft/action-publish-symbols/git/trees{/sha},2026-08-27T10:53:43Z,https://api.github.com/repos/microsoft/action-publish-symbols,public,9,9,False
True,https://api.github.com/repos/microsoft/action-python/{archive_format}{/ref},True,https://api.github.com/repos/microsoft/action-python/assignees{/user},https://api.github.com/repos/microsoft/action-python/git/blobs{/sha},https://api.github.com/repos/microsoft/action-python/branches{/branch},https://github.com/microsoft/action-python.git,https://api.github.com/repos/microsoft/action-python/collaborators{/collaborator},https://api.github.com/repos/microsoft/action-python/comments{/number},https://api.github.com/repos/microsoft/action-python/commits{/sha},https://api.github.com/repos/microsoft/action-python/compare/{base}...{head},https://api.github.com/repos/microsoft/action-python/contents/{+path},https://api.github.com/repos/microsoft/action-python/contributors,2022-09-02T01:55:12Z,main,https://api.github.com/repos/microsoft/action-python/deployments,,False,https://api.github.com/repos/microsoft/action-python/downloads,https://api.github.com/repos/microsoft/action-python/events,False,20,20,https://api.github.com/repos/microsoft/action-python/forks,microsoft/action-python,https://api.github.com/repos/microsoft/action-python/git/commits{/sha},https://api.github.com/repos/microsoft/action-python/git/refs{/sha},https://api.github.com/repos/microsoft/action-python/git/tags{/sha},git://github.com/microsoft/action-python.git,False,False,True,False,True,True,True,,https://api.github.com/repos/microsoft/action-python/hooks,https://github.com/microsoft/action-python,531747004,False,https://api.github.com/repos/microsoft/action-python/issues/comments{/number},https://api.github.com/repos/microsoft/action-python/issues/events{/number},https://api.github.com/repos/microsoft/action-python/issues{/number},https://api.github.com/repos/microsoft/action-python/keys{/key_id},https://api.github.com/repos/microsoft/action-python/labels{/name},,https://api.github.com/repos/microsoft/action-python/languages,,mit,MIT License,MDc6TGljZW5zZTEz,MIT,https://api.github.com/licenses/mit,https://api.github.com/repos/microsoft/action-python/merges,https://api.github.com/repos/microsoft/action-python/milestones{/number},,action-python,R_kgDOH7HQvA,"https://api.github.com/repos/microsoft/action-python/notifications{?since,all,participating}",9,9,https://avatars.githubusercontent.com/u/6154722?v=4,https://api.github.com/users/microsoft/events{/privacy},https://api.github.com/users/microsoft/followers,https://api.github.com/users/microsoft/following{/other_user},https://api.github.com/users/microsoft/gists{/gist_id},,https://github.com/microsoft,6154722,microsoft,MDEyOk9yZ2FuaXphdGlvbjYxNTQ3MjI=,https://api.github.com/users/microsoft/orgs,https://api.github.com/users/microsoft/received_events,https://api.github.com/users/microsoft/repos,False,https://api.github.com/users/microsoft/starred{/owner}{/repo},https://api.github.com/users/microsoft/subscriptions,Organization,https://api.github.com/users/microsoft,public,False,all,https://api.github.com/repos/microsoft/action-python/pulls{/number},2025-03-24T20:00:04Z,https://api.github.com/repos/microsoft/action-python/releases{/id},83,git@github.com:microsoft/action-python.git,62,https://api.github.com/repos/microsoft/action-python/stargazers,https://api.github.com/repos/microsoft/action-python/statuses/{sha},https://api.github.com/repos/microsoft/action-python/subscribers,https://api.github.com/repos/microsoft/action-python/subscription,https://github.com/microsoft/action-python,https://api.github.com/repos/microsoft/action-python/tags,https://api.github.com/repos/microsoft/action-python/teams,[],https://api.github.com/repos/microsoft/action-python/git/trees{/sha},2026-08-27T10:53:44Z,https://api.github.com/repos/microsoft/action-python,public,62,62,False
True,https://api.github.com/repos/microsoft/activate-sensorcore/{archive_format}{/ref},True,https://api.github.com/repos/microsoft/activate-sensorcore/assignees{/user},https://api.github.com/repos/microsoft/activate-sensorcore/git/blobs{/sha},https://api.github.com/repos/microsoft/activate-sensorcore/branches{/branch},https://github.com/microsoft/activate-sensorcore.git,https://api.github.com/repos/microsoft/activate-sensorcore/collaborators{/collaborator},https://api.github.com/repos/microsoft/activate-sensorcore/comments{/number},https://api.github.com/repos/microsoft/activate-sensorcore/commits{/sha},https://api.github.com/repos/microsoft/activate-sensorcore/compare/{base}...{head},https://api.github.com/repos/microsoft/activate-sensorcore/contents/{+path},https://api.github.com/repos/microsoft/activate-sensorcore/contributors,2014-08-20T08:43:06Z,master,https://api.github.com/repos/microsoft/activate-sensorcore/deployments,Helper library for SensorCore SDK to activate Location and Motion data,False,https://api.github.com/repos/microsoft/activate-sensorcore/downloads,https://api.github.com/repos/microsoft/activate-sensorcore/events,False,16,16,https://api.github.com/repos/microsoft/activate-sensorcore/forks,microsoft/activate-sensorcore,https://api.github.com/repos/microsoft/activate-sensorcore/git/commits{/sha},https://api.github.com/repos/microsoft/activate-sensorcore/git/refs{/sha},https://api.github.com/repos/microsoft/activate-sensorcore/git/tags{/sha},git://github.com/microsoft/activate-sensorcore.git,False,False,True,False,True,True,False,,https://api.github.com/repos/microsoft/activate-sensorcore/hooks,https://github.com/microsoft/activate-sensorcore,23141872,False,https://api.github.com/repos/microsoft/activate-sensorcore/issues/comments{/number},https://api.github.com/repos/microsoft/activate-sensorcore/issues/events{/number},https://api.github.com/repos/microsoft/activate-sensorcore/issues{/number},https://api.github.com/repos/microsoft/activate-sensorcore/keys{/key_id},https://api.github.com/repos/microsoft/activate-sensorcore/labels{/name},C#,https://api.github.com/repos/microsoft/activate-sensorcore/languages,,,,,,,https://api.github.com/repos/microsoft/activate-sensorcore/merges,https://api.github.com/repos/microsoft/activate-sensorcore/milestones{/number},,activate-sensorcore,MDEwOlJlcG9zaXRvcnkyMzE0MTg3Mg==,"https://api.github.com/repos/microsoft/activate-sensorcore/notifications{?since,all,participating}",0,0,https://avatars.githubusercontent.com/u/6154722?v=4,https://api.github.com/users/microsoft/events{/privacy},https://api.github.com/users/microsoft/followers,https://api.github.com/users/microsoft/following{/other_user},https://api.github.com/users/microsoft/gists{/gist_id},,https://github.com/microsoft,6154722,microsoft,MDEyOk9yZ2FuaXphdGlvbjYxNTQ3MjI=,https://api.github.com/users/microsoft/orgs,https://api.github.com/users/microsoft/received_events,https://api.github.com/users/microsoft/repos,False,https://api.github.com/users/microsoft/starred{/owner}{/repo},https://api.github.com/users/microsoft/subscriptions,Organization,https://api.github.com/users/microsoft,public,False,all,https://api.github.com/repos/microsoft/activate-sensorcore/pulls{/number},2014-11-27T12:10:44Z,https://api.github.com/repos/microsoft/activate-sensorcore/releases{/id},308,git@github.com:microsoft/activate-sensorcore.git,18,https://api.github.com/repos/microsoft/activate-sensorcore/stargazers,https://api.github.com/repos/microsoft/activate-sensorcore/statuses/{sha},https://api.github.com/repos/microsoft/activate-sensorcore/subscribers,https://api.github.com/repos/microsoft/activate-sensorcore/subscription,https://github.com/microsoft/activate-sensorcore,https://api.github.com/repos/microsoft/activate-sensorcore/tags,https://api.github.com/repos/microsoft/activate-sensorcore/teams,[],https://api.github.com/repos/microsoft/activate-sensorcore/git/trees{/sha},2026-08-27T10:53:45Z,https://api.github.com/repos/microsoft/activate-sensorcore,public,18,18,False
True,https://api.github.com/repos/microsoft/ActivateAzurewithDevOps/{archive_format}{/ref},True,https://api.github.com/repos/microsoft/ActivateAzurewithDevOps/assignees{/user},https://api.github.com/repos/microsoft/ActivateAzurewithDevOps/git/blobs{/sha},https://api.github.com/repos/microsoft/ActivateAzurewithDevOps/branches{/branch},https://github.com/microsoft/ActivateAzurewithDevOps.git,https://api.github.com/repos/microsoft/ActivateAzurewithDevOps/collaborators{/collaborator},https://api.github.com/repos/microsoft/ActivateAzurewithDevOps/comments{/number},https://api.github.com/repos/microsoft/ActivateAzurewithDevOps/commits{/sha},https://api.github.com/repos/microsoft/ActivateAzurewithDevOps/compare/{base}...{head},https://api.github.com/repos/microsoft/ActivateAzurewithDevOps/contents/{+path},https://api.github.com/repos/microsoft/ActivateAzurewithDevOps/contributors,2021-11-30T19:46:14Z,main,https://api.github.com/repos/microsoft/ActivateAzurewithDevOps/deployments,,False,https://api.github.com/repos/microsoft/ActivateAzurewithDevOps/downloads,https://api.github.com/repos/microsoft/ActivateAzurewithDevOps/events,False,9,9,https://api.github.com/repos/microsoft/ActivateAzurewithDevOps/forks,microsoft/ActivateAzurewithDevOps,https://api.github.com/repos/microsoft/ActivateAzurewithDevOps/git/commits{/sha},https://api.github.com/repos/microsoft/ActivateAzurewithDevOps/git/refs{/sha},https://api.github.com/repos/microsoft/ActivateAzurewithDevOps/git/tags{/sha},git://github.com/microsoft/ActivateAzurewithDevOps.git,False,False,True,False,True,True,True,,https://api.github.com/repos/microsoft/ActivateAzurewithDevOps/hooks,https://github.com/microsoft/ActivateAzurewithDevOps,433564449,False,https://api.github.com/repos/microsoft/ActivateAzurewithDevOps/issues/comments{/number},https://api.github.com/repos/microsoft/ActivateAzurewithDevOps/issues/events{/number},https://api.github.com/repos/microsoft/ActivateAzurewithDevOps/issues{/number},https://api.github.com/repos/microsoft/ActivateAzurewithDevOps/keys{/key_id},https://api.github.com/repos/microsoft/ActivateAzurewithDevOps/labels{/name},HTML,https://api.github.com/repos/microsoft/ActivateAzurewithDevOps/languages,,mit,MIT License,MDc6TGljZW5zZTEz,MIT,https://api.github.com/licenses/mit,https://api.github.com/repos/microsoft/ActivateAzurewithDevOps/merges,https://api.github.com/repos/microsoft/ActivateAzurewithDevOps/milestones{/number},,ActivateAzurewithDevOps,R_kgDOGderIQ,"https://api.github.com/repos/microsoft/ActivateAzurewithDevOps/notifications{?since,all,participating}",10,10,https://avatars.githubusercontent.com/u/6154722?v=4,https://api.github.com/users/microsoft/events{/privacy},https://api.github.com/users/microsoft/followers,https://api.github.com/users/microsoft/following{/other_user},https://api.github.com/users/microsoft/gists{/gist_id},,https://github.com/microsoft,6154722,microsoft,MDEyOk9yZ2FuaXphdGlvbjYxNTQ3MjI=,https://api.github.com/users/microsoft/orgs,https://api.github.com/users/microsoft/received_events,https://api.github.com/users/microsoft/repos,False,https://api.github.com/users/microsoft/starred{/owner}{/repo},https://api.github.com/users/microsoft/subscriptions,Organization,https://api.github.com/users/microsoft,public,False,all,https://api.github.com/repos/microsoft/ActivateAzurewithDevOps/pulls{/number},2023-07-08T20:34:38Z,https://api.github.com/repos/microsoft/ActivateAzurewithDevOps/releases{/id},961,git@github.com:microsoft/ActivateAzurewithDevOps.git,4,https://api.github.com/repos/microsoft/ActivateAzurewithDevOps/stargazers,https://api.github.com/repos/microsoft/ActivateAzurewithDevOps/statuses/{sha},https://api.github.com/repos/microsoft/ActivateAzurewithDevOps/subscribers,https://api.github.com/repos/microsoft/ActivateAzurewithDevOps/subscription,https://github.com/microsoft/ActivateAzurewithDevOps,https://api.github.com/repos/microsoft/ActivateAzurewithDevOps/tags,https://api.github.com/repos/microsoft/ActivateAzurewithDevOps/teams,[],https://api.github.com/repos/microsoft/ActivateAzurewithDevOps/git/trees{/sha},2026-08-27T10:53:46Z,https://api.github.com/repos/microsoft/ActivateAzurewithDevOps,public,4,4,False
True,https://api.github.com/repos/microsoft/ActiveDirectoryDSC.Reverse/{archive_format}{/ref},True,https://api.github.com/repos/microsoft/ActiveDirectoryDSC.Reverse/assignees{/user},https://api.github.com/repos/microsoft/ActiveDirectoryDSC.Reverse/git/blobs{/sha},https://api.github.com/repos/microsoft/ActiveDirectoryDSC.Reverse/branches{/branch},https://github.com/microsoft/ActiveDirectoryDSC.Reverse.git,https://api.github.com/repos/microsoft/ActiveDirectoryDSC.Reverse/collaborators{/collaborator},https://api.github.com/repos/microsoft/ActiveDirectoryDSC.Reverse/comments{/number},https://api.github.com/repos/microsoft/ActiveDirectoryDSC.Reverse/commits{/sha},https://api.github.com/repos/microsoft/ActiveDirectoryDSC.Reverse/compare/{base}...{head},https://api.github.com/repos/microsoft/ActiveDirectoryDSC.Reverse/contents/{+path},https://api.github.com/repos/microsoft/ActiveDirectoryDSC.Reverse/contributors,2018-03-15T14:15:17Z,master,https://api.github.com/repos/microsoft/ActiveDirectoryDSC.Reverse/deployments,ReverseDSC Orchestrator for ActiveDirectory,False,https://api.github.com/repos/microsoft/ActiveDirectoryDSC.Reverse/downloads,https://api.github.com/repos/microsoft/ActiveDirectoryDSC.Reverse/events,False,10,10,https://api.github.com/repos/microsoft/ActiveDirectoryDSC.Reverse/forks,microsoft/ActiveDirectoryDSC.Reverse,https://api.github.com/repos/microsoft/ActiveDirectoryDSC.Reverse/git/commits{/sha},https://api.github.com/repos/microsoft/ActiveDirectoryDSC.Reverse/git/refs{/sha},https://api.github.com/repos/microsoft/ActiveDirectoryDSC.Reverse/git/tags{/sha},git://github.com/microsoft/ActiveDirectoryDSC.Reverse.git,False,False,True,False,True,True,True,,https://api.github.com/repos/microsoft/ActiveDirectoryDSC.Reverse/hooks,https://github.com/microsoft/ActiveDirectoryDSC.Reverse,125377789,False,https://api.github.com/repos/microsoft/ActiveDirectoryDSC.Reverse/issues/comments{/number},https://api.github.com/repos/microsoft/ActiveDirectoryDSC.Reverse/issues/events{/number},https://api.github.com/repos/microsoft/ActiveDirectoryDSC.Reverse/issues{/number},https://api.github.com/repos/microsoft/ActiveDirectoryDSC.Reverse/keys{/key_id},https://api.github.com/repos/microsoft/ActiveDirectoryDSC.Reverse/labels{/name},PowerShell,https://api.github.com/repos/microsoft/ActiveDirectoryDSC.Reverse/languages,,mit,MIT License,MDc6TGljZW5zZTEz,MIT,https://api.github.com/licenses/mit,https://api.github.com/repos/microsoft/ActiveDirectoryDSC.Reverse/merges,https://api.github.com/repos/microsoft/ActiveDirectoryDSC.Reverse/milestones{/number},,ActiveDirectoryDSC.Reverse,MDEwOlJlcG9zaXRvcnkxMjUzNzc3ODk=,"https://api.github.com/repos/microsoft/ActiveDirectoryDSC.Reverse/notifications{?since,all,participating}",2,2,https://avatars.githubusercontent.com/u/6154722?v=4,https://api.github.com/users/microsoft/events{/privacy},https://api.github.com/users/microsoft/followers,https://api.github.com/users/microsoft/following{/other_user},https://api.github.com/users/microsoft/gists{/gist_id},,https://github.com/microsoft,6154722,microsoft,MDEyOk9yZ2FuaXphdGlvbjYxNTQ3MjI=,https://api.github.com/users/microsoft/orgs,https://api.github.com/users/microsoft/received_events,https://api.github.com/users/microsoft/repos,False,https://api.github.com/users/microsoft/starred{/owner}{/repo},https://api.github.com/users/microsoft/subscriptions,Organization,https://api.github.com/users/microsoft,public,False,all,https://api.github.com/repos/microsoft/ActiveDirectoryDSC.Reverse/pulls{/number},2023-06-12T19:31:19Z,https://api.github.com/repos/microsoft/ActiveDirectoryDSC.Reverse/releases{/id},35,git@github.com:microsoft/ActiveDirectoryDSC.Reverse.git,23,https://api.github.com/repos/microsoft/ActiveDirectoryDSC.Reverse/stargazers,https://api.github.com/repos/microsoft/ActiveDirectoryDSC.Reverse/statuses/{sha},https://api.github.com/repos/microsoft/ActiveDirectoryDSC.Reverse/subscribers,https://api.github.com/repos/microsoft/ActiveDirectoryDSC.Reverse/subscription,https://github.com/microsoft/ActiveDirectoryDSC.Reverse,https://api.github.com/repos/microsoft/ActiveDirectoryDSC.Reverse/tags,https://api.github.com/repos/microsoft/ActiveDirectoryDSC.Reverse/teams,[],https://api.github.com/repos/microsoft/ActiveDirectoryDSC.Reverse/git/trees{/sha},2026-08-27T10:53:47Z,https://api.github.com/repos/microsoft/ActiveDirectoryDSC.Reverse,public,23,23,False
True,https://api.github.com/repos/microsoft/ActiveDirectoryTierModel/{archive_format}{/ref},False,https://api.github.com/repos/microsoft/ActiveDirectoryTierModel/assignees{/user},https://api.github.com/repos/microsoft/ActiveDirectoryTierModel/git/blobs{/sha},https://api.github.com/repos/microsoft/ActiveDirectoryTierModel/branches{/branch},https://github.com/microsoft/ActiveDirectoryTierModel.git,https://api.github.com/repos/microsoft/ActiveDirectoryTierModel/collaborators{/collaborator},https://api.github.com/repos/microsoft/ActiveDirectoryTierModel/comments{/number},https://api.github.com/repos/microsoft/ActiveDirectoryTierModel/commits{/sha},https://api.github.com/repos/microsoft/ActiveDirectoryTierModel/compare/{base}...{head},https://api.github.com/repos/microsoft/ActiveDirectoryTierModel/contents/{+path},https://api.github.com/repos/microsoft/ActiveDirectoryTierModel/contributors,2025-08-16T02:18:47Z,main,https://api.github.com/repos/microsoft/ActiveDirectoryTierModel/deployments,"Deployment of an Active Directory Tier Model structure to support Tier 0, Tier 1, and Tier 2 objects.",False,https://api.github.com/repos/microsoft/ActiveDirectoryTierModel/downloads,https://api.github.com/repos/microsoft/ActiveDirectoryTierModel/events,False,50,50,https://api.github.com/repos/microsoft/ActiveDirectoryTierModel/forks,microsoft/ActiveDirectoryTierModel,https://api.github.com/repos/microsoft/ActiveDirectoryTierModel/git/commits{/sha},https://api.github.com/repos/microsoft/ActiveDirectoryTierModel/git/refs{/sha},https://api.github.com/repos/microsoft/ActiveDirectoryTierModel/git/tags{/sha},git://github.com/microsoft/ActiveDirectoryTierModel.git,False,False,True,True,True,True,True,,https://api.github.com/repos/microsoft/ActiveDirectoryTierModel/hooks,https://github.com/microsoft/ActiveDirectoryTierModel,1038882662,False,https://api.github.com/repos/microsoft/ActiveDirectoryTierModel/issues/comments{/number},https://api.github.com/repos/microsoft/ActiveDirectoryTierModel/issues/events{/number},https://api.github.com/repos/microsoft/ActiveDirectoryTierModel/issues{/number},https://api.github.com/repos/microsoft/ActiveDirectoryTierModel/keys{/key_id},https://api.github.com/repos/microsoft/ActiveDirectoryTierModel/labels{/name},PowerShell,https://api.github.com/repos/microsoft/ActiveDirectoryTierModel/languages,,mit,MIT License,MDc6TGljZW5zZTEz,MIT,https://api.github.com/licenses/mit,https://api.github.com/repos/microsoft/ActiveDirectoryTierModel/merges,https://api.github.com/repos/microsoft/ActiveDirectoryTierModel/milestones{/number},,ActiveDirectoryTierModel,R_kgDOPewXZg,"https://api.github.com/repos/microsoft/ActiveDirectoryTierModel/notifications{?since,all,participating}",1,1,https://avatars.githubusercontent.com/u/6154722?v=4,https://api.github.com/users/microsoft/events{/privacy},https://api.github.com/users/microsoft/followers,https://api.github.com/users/microsoft/following{/other_user},https://api.github.com/users/microsoft/gists{/gist_id},,https://github.com/microsoft,6154722,microsoft,MDEyOk9yZ2FuaXphdGlvbjYxNTQ3MjI=,https://api.github.com/users/microsoft/orgs,https://api.github.com/users/microsoft/received_events,https://api.github.com/users/microsoft/repos,False,https://api.github.com/users/microsoft/starred{/owner}{/repo},https://api.github.com/users/microsoft/subscriptions,Organization,https://api.github.com/users/microsoft,public,False,all,https://api.github.com/repos/microsoft/ActiveDirectoryTierModel/pulls{/number},2026-08-24T10:50:53Z,https://api.github.com/repos/microsoft/ActiveDirectoryTierModel/releases{/id},3247,git@github.com:microsoft/ActiveDirectoryTierModel.git,387,https://api.github.com/repos/microsoft/ActiveDirectoryTierModel/stargazers,https://api.github.com/repos/microsoft/ActiveDirectoryTierModel/statuses/{sha},https://api.github.com/repos/microsoft/ActiveDirectoryTierModel/subscribers,https://api.github.com/repos/microsoft/ActiveDirectoryTierModel/subscription,https://github.com/microsoft/ActiveDirectoryTierModel,https://api.github.com/repos/microsoft/ActiveDirectoryTierModel/tags,https://api.github.com/repos/microsoft/ActiveDirectoryTierModel/teams,[],https://api.github.com/repos/microsoft/ActiveDirectoryTierModel/git/trees{/sha},2026-08-27T12:20:54Z,https://api.github.com/repos/microsoft/ActiveDirectoryTierModel,public,387,387,False
True,https://api.github.com/repos/microsoft/activities/{archive_format}{/ref},True,https://api.github.com/repos/microsoft/activities/assignees{/user},https://api.github.com/repos/microsoft/activities/git/blobs{/sha},https://api.github.com/repos/microsoft/activities/branches{/branch},https://github.com/microsoft/activities.git,https://api.github.com/repos/microsoft/activities/collaborators{/collaborator},https://api.github.com/repos/microsoft/activities/comments{/number},https://api.github.com/repos/microsoft/activities/commits{/sha},https://api.github.com/repos/microsoft/activities/compare/{base}...{head},https://api.github.com/repos/microsoft/activities/contents/{+path},https://api.github.com/repos/microsoft/activities/contributors,2014-06-23T10:18:38Z,master,https://api.github.com/repos/microsoft/activities/deployments,Lumia SensorCore SDK sample for Activity Monitor API.,False,https://api.github.com/repos/microsoft/activities/downloads,https://api.github.com/repos/microsoft/activities/events,False,18,18,https://api.github.com/repos/microsoft/activities/forks,microsoft/activities,https://api.github.com/repos/microsoft/activities/git/commits{/sha},https://api.github.com/repos/microsoft/activities/git/refs{/sha},https://api.github.com/repos/microsoft/activities/git/tags{/sha},git://github.com/microsoft/activities.git,False,False,True,False,True,True,False,,https://api.github.com/repos/microsoft/activities/hooks,https://github.com/microsoft/activities,21122049,False,https://api.github.com/repos/microsoft/activities/issues/comments{/number},https://api.github.com/repos/microsoft/activities/issues/events{/number},https://api.github.com/repos/microsoft/activities/issues{/number},https://api.github.com/repos/microsoft/activities/keys{/key_id},https://api.github.com/repos/microsoft/activities/labels{/name},C#,https://api.github.com/repos/microsoft/activities/languages,,,,,,,https://api.github.com/repos/microsoft/activities/merges,https://api.github.com/repos/microsoft/activities/milestones{/number},,activities,MDEwOlJlcG9zaXRvcnkyMTEyMjA0OQ==,"https://api.github.com/repos/microsoft/activities/notifications{?since,all,participating}",1,1,https://avatars.githubusercontent.com/u/6154722?v=4,https://api.github.com/users/microsoft/events{/privacy},https://api.github.com/users/microsoft/followers,https://api.github.com/users/microsoft/following{/other_user},https://api.github.com/users/microsoft/gists{/gist_id},,https://github.com/microsoft,6154722,microsoft,MDEyOk9yZ2FuaXphdGlvbjYxNTQ3MjI=,https://api.github.com/users/microsoft/orgs,https://api.github.com/users/microsoft/received_events,https://api.github.com/users/microsoft/repos,False,https://api.github.com/users/microsoft/starred{/owner}{/repo},https://api.github.com/users/microsoft/subscriptions,Organization,https://api.github.com/users/microsoft,public,False,all,https://api.github.com/repos/microsoft/activities/pulls{/number},2018-10-24T16:19:51Z,https://api.github.com/repos/microsoft/activities/releases{/id},986,git@github.com:microsoft/activities.git,24,https://api.github.com/repos/microsoft/activities/stargazers,https://api.github.com/repos/microsoft/activities/statuses/{sha},https://api.github.com/repos/microsoft/activities/subscribers,https://api.github.com/repos/microsoft/activities/subscription,https://github.com/microsoft/activities,https://api.github.com/repos/microsoft/activities/tags,https://api.github.com/repos/microsoft/activities/teams,[],https://api.github.com/repos/microsoft/activities/git/trees{/sha},2026-08-27T10:53:48Z,https://api.github.com/repos/microsoft/activities,public,24,24,False
True,https://api.github.com/repos/microsoft/activity-log-export-automation/{archive_format}{/ref},True,https://api.github.com/repos/microsoft/activity-log-export-automation/assignees{/user},https://api.github.com/repos/microsoft/activity-log-export-automation/git/blobs{/sha},https://api.github.com/repos/microsoft/activity-log-export-automation/branches{/branch},https://github.com/microsoft/activity-log-export-automation.git,https://api.github.com/repos/microsoft/activity-log-export-automation/collaborators{/collaborator},https://api.github.com/repos/microsoft/activity-log-export-automation/comments{/number},https://api.github.com/repos/microsoft/activity-log-export-automation/commits{/sha},https://api.github.com/repos/microsoft/activity-log-export-automation/compare/{base}...{head},https://api.github.com/repos/microsoft/activity-log-export-automation/contents/{+path},https://api.github.com/repos/microsoft/activity-log-export-automation/contributors,2018-03-09T04:47:36Z,master,https://api.github.com/repos/microsoft/activity-log-export-automation/deployments,Connect Splunk to Azure Activity Log via PowerShell automation,False,https://api.github.com/repos/microsoft/activity-log-export-automation/downloads,https://api.github.com/repos/microsoft/activity-log-export-automation/events,False,12,12,https://api.github.com/repos/microsoft/activity-log-export-automation/forks,microsoft/activity-log-export-automation,https://api.github.com/repos/microsoft/activity-log-export-automation/git/commits{/sha},https://api.github.com/repos/microsoft/activity-log-export-automation/git/refs{/sha},https://api.github.com/repos/microsoft/activity-log-export-automation/git/tags{/sha},git://github.com/microsoft/activity-log-export-automation.git,False,False,True,False,True,True,True,,https://api.github.com/repos/microsoft/activity-log-export-automation/hooks,https://github.com/microsoft/activity-log-export-automation,124488994,False,https://api.github.com/repos/microsoft/activity-log-export-automation/issues/comments{/number},https://api.github.com/repos/microsoft/activity-log-export-automation/issues/events{/number},https://api.github.com/repos/microsoft/activity-log-export-automation/issues{/number},https://api.github.com/repos/microsoft/activity-log-export-automation/keys{/key_id},https://api.github.com/repos/microsoft/activity-log-export-automation/labels{/name},PowerShell,https://api.github.com/repos/microsoft/activity-log-export-automation/languages,,mit,MIT License,MDc6TGljZW5zZTEz,MIT,https://api.github.com/licenses/mit,https://api.github.com/repos/microsoft/activity-log-export-automation/merges,https://api.github.com/repos/microsoft/activity-log-export-automation/milestones{/number},,activity-log-export-automation,MDEwOlJlcG9zaXRvcnkxMjQ0ODg5OTQ=,"https://api.github.com/repos/microsoft/activity-log-export-automation/notifications{?since,all,participating}",1,1,https://avatars.githubusercontent.com/u/6154722?v=4,https://api.github.com/users/microsoft/events{/privacy},https://api.github.com/users/microsoft/followers,https://api.github.com/users/microsoft/following{/other_user},https://api.github.com/users/microsoft/gists{/gist_id},,https://github.com/microsoft,6154722,microsoft,MDEyOk9yZ2FuaXphdGlvbjYxNTQ3MjI=,https://api.github.com/users/microsoft/orgs,https://api.github.com/users/microsoft/received_events,https://api.github.com/users/microsoft/repos,False,https://api.github.com/users/microsoft/starred{/owner}{/repo},https://api.github.com/users/microsoft/subscriptions,Organization,https://api.github.com/users/microsoft,public,False,all,https://api.github.com/repos/microsoft/activity-log-export-automation/pulls{/number},2023-06-14T15:12:11Z,https://api.github.com/repos/microsoft/activity-log-export-automation/releases{/id},41,git@github.com:microsoft/activity-log-export-automation.git,20,https://api.github.com/repos/microsoft/activity-log-export-automation/stargazers,https://api.github.com/repos/microsoft/activity-log-export-automation/statuses/{sha},https://api.github.com/repos/microsoft/activity-log-export-automation/subscribers,https://api.github.com/repos/microsoft/activity-log-export-automation/subscription,https://github.com/microsoft/activity-log-export-automation,https://api.github.com/repos/microsoft/activity-log-export-automation/tags,https://api.github.com/repos/microsoft/activity-log-export-automation/teams,"[""activity-log"", ""azure"", ""event-hubs"", ""powershell"", ""splunk""]",https://api.github.com/repos/microsoft/activity-log-export-automation/git/trees{/sha},2026-08-27T10:53:49Z,https://api.github.com/repos/microsoft/activity-log-export-automation,public,20,20,False
True,https://api.github.com/repos/microsoft/ACV/{archive_format}{/ref},False,https://api.github.com/repos/microsoft/ACV/assignees{/user},https://api.github.com/repos/microsoft/ACV/git/blobs{/sha},https://api.github.com/repos/microsoft/ACV/branches{/branch},https://github.com/microsoft/ACV.git,https://api.github.com/repos/microsoft/ACV/collaborators{/collaborator},https://api.github.com/repos/microsoft/ACV/comments{/number},https://api.github.com/repos/microsoft/ACV/commits{/sha},https://api.github.com/repos/microsoft/ACV/compare/{base}...{head},https://api.github.com/repos/microsoft/ACV/contents/{+path},https://api.github.com/repos/microsoft/ACV/contributors,2024-07-24T05:59:12Z,main,https://api.github.com/repos/microsoft/ACV/deployments,A series of work towards achieving ACV.,False,https://api.github.com/repos/microsoft/ACV/downloads,https://api.github.com/repos/microsoft/ACV/events,False,8,8,https://api.github.com/repos/microsoft/ACV/forks,microsoft/ACV,https://api.github.com/repos/microsoft/ACV/git/commits{/sha},https://api.github.com/repos/microsoft/ACV/git/refs{/sha},https://api.github.com/repos/microsoft/ACV/git/tags{/sha},git://github.com/microsoft/ACV.git,False,False,True,False,True,True,True,,https://api.github.com/repos/microsoft/ACV/hooks,https://github.com/microsoft/ACV,832980398,False,https://api.github.com/repos/microsoft/ACV/issues/comments{/number},https://api.github.com/repos/microsoft/ACV/issues/events{/number},https://api.github.com/repos/microsoft/ACV/issues{/number},https://api.github.com/repos/microsoft/ACV/keys{/key_id},https://api.github.com/repos/microsoft/ACV/labels{/name},Jupyter Notebook,https://api.github.com/repos/microsoft/ACV/languages,,mit,MIT License,MDc6TGljZW5zZTEz,MIT,https://api.github.com/licenses/mit,https://api.github.com/repos/microsoft/ACV/merges,https://api.github.com/repos/microsoft/ACV/milestones{/number},,ACV,R_kgDOMaZFrg,"https://api.github.com/repos/microsoft/ACV/notifications{?since,all,participating}",8,8,https://avatars.githubusercontent.com/u/6154722?v=4,https://api.github.com/users/microsoft/events{/privacy},https://api.github.com/users/microsoft/followers,https://api.github.com/users/microsoft/following{/other_user},https://api.github.com/users/microsoft/gists{/gist_id},,https://github.com/microsoft,6154722,microsoft,MDEyOk9yZ2FuaXphdGlvbjYxNTQ3MjI=,https://api.github.com/users/microsoft/orgs,https://api.github.com/users/microsoft/received_events,https://api.github.com/users/microsoft/repos,False,https://api.github.com/users/microsoft/starred{/owner}{/repo},https://api.github.com/users/microsoft/subscriptions,Organization,https://api.github.com/users/microsoft,public,False,all,https://api.github.com/repos/microsoft/ACV/pulls{/number},2026-04-20T00:57:12Z,https://api.github.com/repos/microsoft/ACV/releases{/id},57367,git@github.com:microsoft/ACV.git,40,https://api.github.com/repos/microsoft/ACV/stargazers,https://api.github.com/repos/microsoft/ACV/statuses/{sha},https://api.github.com/repos/microsoft/ACV/subscribers,https://api.github.com/repos/microsoft/ACV/subscription,https://github.com/microsoft/ACV,https://api.github.com/repos/microsoft/ACV/tags,https://api.github.com/repos/microsoft/ACV/teams,"[""agent"", ""auto-computing"", ""k8s"", ""llm"", ""microservice"", ""self-management""]",https://api.github.com/repos/microsoft/ACV/git/trees{/sha},2026-08-27T10:53:50Z,https://api.github.com/repos/microsoft/ACV,public,40,40,False
True,https://api.github.com/repos/microsoft/acx-ado-automation/{archive_format}{/ref},False,https://api.github.com/repos/microsoft/acx-ado-automation/assignees{/user},https://api.github.com/repos/microsoft/acx-ado-automation/git/blobs{/sha},https://api.github.com/repos/microsoft/acx-ado-automation/branches{/branch},https://github.com/microsoft/acx-ado-automation.git,https://api.github.com/repos/microsoft/acx-ado-automation/collaborators{/collaborator},https://api.github.com/repos/microsoft/acx-ado-automation/comments{/number},https://api.github.com/repos/microsoft/acx-ado-automation/commits{/sha},https://api.github.com/repos/microsoft/acx-ado-automation/compare/{base}...{head},https://api.github.com/repos/microsoft/acx-ado-automation/contents/{+path},https://api.github.com/repos/microsoft/acx-ado-automation/contributors,2026-02-03T20:07:42Z,main,https://api.github.com/repos/microsoft/acx-ado-automation/deployments,,False,https://api.github.com/repos/microsoft/acx-ado-automation/downloads,https://api.github.com/repos/microsoft/acx-ado-automation/events,False,1,1,https://api.github.com/repos/microsoft/acx-ado-automation/forks,microsoft/acx-ado-automation,https://api.github.com/repos/microsoft/acx-ado-automation/git/commits{/sha},https://api.github.com/repos/microsoft/acx-ado-automation/git/refs{/sha},https://api.github.com/repos/microsoft/acx-ado-automation/git/tags{/sha},git://github.com/microsoft/acx-ado-automation.git,False,False,True,False,True,True,True,,https://api.github.com/repos/microsoft/acx-ado-automation/hooks,https://github.com/microsoft/acx-ado-automation,1149176063,False,https://api.github.com/repos/microsoft/acx-ado-automation/issues/comments{/number},https://api.github.com/repos/microsoft/acx-ado-automation/issues/events{/number},https://api.github.com/repos/microsoft/acx-ado-automation/issues{/number},https://api.github.com/repos/microsoft/acx-ado-automation/keys{/key_id},https://api.github.com/repos/microsoft/acx-ado-automation/labels{/name},Python,https://api.github.com/repos/microsoft/acx-ado-automation/languages,,,,,,,https://api.github.com/repos/microsoft/acx-ado-automation/merges,https://api.github.com/repos/microsoft/acx-ado-automation/milestones{/number},,acx-ado-automation,R_kgDORH8I_w,"https://api.github.com/repos/microsoft/acx-ado-automation/notifications{?since,all,participating}",1,1,https://avatars.githubusercontent.com/u/6154722?v=4,https://api.github.com/users/microsoft/events{/privacy},https://api.github.com/users/microsoft/followers,https://api.github.com/users/microsoft/following{/other_user},https://api.github.com/users/microsoft/gists{/gist_id},,https://github.com/microsoft,6154722,microsoft,MDEyOk9yZ2FuaXphdGlvbjYxNTQ3MjI=,https://api.github.com/users/microsoft/orgs,https://api.github.com/users/microsoft/received_events,https://api.github.com/users/microsoft/repos,False,https://api.github.com/users/microsoft/starred{/owner}{/repo},https://api.github.com/users/microsoft/subscriptions,Organization,https://api.github.com/users/microsoft,public,False,all,https://api.github.com/repos/microsoft/acx-ado-automation/pulls{/number},2026-02-03T20:07:46Z,https://api.github.com/repos/microsoft/acx-ado-automation/releases{/id},23,git@github.com:microsoft/acx-ado-automation.git,1,https://api.github.com/repos/microsoft/acx-ado-automation/stargazers,https://api.github.com/repos/microsoft/acx-ado-automation/statuses/{sha},https://api.github.com/repos/microsoft/acx-ado-automation/subscribers,https://api.github.com/repos/microsoft/acx-ado-automation/subscription,https://github.com/microsoft/acx-ado-automation,https://api.github.com/repos/microsoft/acx-ado-automation/tags,https://api.github.com/repos/microsoft/acx-ado-automation/teams,[],https://api.github.com/repos/microsoft/acx-ado-automation/git/trees{/sha},2026-08-27T10:53:50Z,https://api.github.com/repos/microsoft/acx-ado-automation,public,1,1,False
True,https://api.github.com/repos/microsoft/acxengineeringxp_2/{archive_format}{/ref},False,https://api.github.com/repos/microsoft/acxengineeringxp_2/assignees{/user},https://api.github.com/repos/microsoft/acxengineeringxp_2/git/blobs{/sha},https://api.github.com/repos/microsoft/acxengineeringxp_2/branches{/branch},https://github.com/microsoft/acxengineeringxp_2.git,https://api.github.com/repos/microsoft/acxengineeringxp_2/collaborators{/collaborator},https://api.github.com/repos/microsoft/acxengineeringxp_2/comments{/number},https://api.github.com/repos/microsoft/acxengineeringxp_2/commits{/sha},https://api.github.com/repos/microsoft/acxengineeringxp_2/compare/{base}...{head},https://api.github.com/repos/microsoft/acxengineeringxp_2/contents/{+path},https://api.github.com/repos/microsoft/acxengineeringxp_2/contributors,2025-10-13T13:31:26Z,main,https://api.github.com/repos/microsoft/acxengineeringxp_2/deployments,,False,https://api.github.com/repos/microsoft/acxengineeringxp_2/downloads,https://api.github.com/repos/microsoft/acxengineeringxp_2/events,False,1,1,https://api.github.com/repos/microsoft/acxengineeringxp_2/forks,microsoft/acxengineeringxp_2,https://api.github.com/repos/microsoft/acxengineeringxp_2/git/commits{/sha},https://api.github.com/repos/microsoft/acxengineeringxp_2/git/refs{/sha},https://api.github.com/repos/microsoft/acxengineeringxp_2/git/tags{/sha},git://github.com/microsoft/acxengineeringxp_2.git,False,False,True,False,True,True,True,,https://api.github.com/repos/microsoft/acxengineeringxp_2/hooks,https://github.com/microsoft/acxengineeringxp_2,1075421772,False,https://api.github.com/repos/microsoft/acxengineeringxp_2/issues/comments{/number},https://api.github.com/repos/microsoft/acxengineeringxp_2/issues/events{/number},https://api.github.com/repos/microsoft/acxengineeringxp_2/issues{/number},https://api.github.com/repos/microsoft/acxengineeringxp_2/keys{/key_id},https://api.github.com/repos/microsoft/acxengineeringxp_2/labels{/name},,https://api.github.com/repos/microsoft/acxengineeringxp_2/languages,,mit,MIT License,MDc6TGljZW5zZTEz,MIT,https://api.github.com/licenses/mit,https://api.github.com/repos/microsoft/acxengineeringxp_2/merges,https://api.github.com/repos/microsoft/acxengineeringxp_2/milestones{/number},,acxengineeringxp_2,R_kgDOQBmiTA,"https://api.github.com/repos/microsoft/acxengineeringxp_2/notifications{?since,all,participating}",2,2,https://avatars.githubusercontent.com/u/6154722?v=4,https://api.github.com/users/microsoft/events{/privacy},https://api.github.com/users/microsoft/followers,https://api.github.com/users/microsoft/following{/other_user},https://api.github.com/users/microsoft/gists{/gist_id},,https://github.com/microsoft,6154722,microsoft,MDEyOk9yZ2FuaXphdGlvbjYxNTQ3MjI=,https://api.github.com/users/microsoft/orgs,https://api.github.com/users/microsoft/received_events,https://api.github.com/users/microsoft/repos,False,https://api.github.com/users/microsoft/starred{/owner}{/repo},https://api.github.com/users/microsoft/subscriptions,Organization,https://api.github.com/users/microsoft,public,False,all,https://api.github.com/repos/microsoft/acxengineeringxp_2/pulls{/number},2025-12-12T16:11:31Z,https://api.github.com/repos/microsoft/acxengineeringxp_2/releases{/id},4,git@github.com:microsoft/acxengineeringxp_2.git,2,https://api.github.com/repos/microsoft/acxengineeringxp_2/stargazers,https://api.github.com/repos/microsoft/acxengineeringxp_2/statuses/{sha},https://api.github.com/repos/microsoft/acxengineeringxp_2/subscribers,https://api.github.com/repos/microsoft/acxengineeringxp_2/subscription,https://github.com/microsoft/acxengineeringxp_2,https://api.github.com/repos/microsoft/acxengineeringxp_2/tags,https://api.github.com/repos/microsoft/acxengineeringxp_2/teams,[],https://api.github.com/repos/microsoft/acxengineeringxp_2/git/trees{/sha},2026-08-27T10:53:51Z,https://api.github.com/repos/microsoft/acxengineeringxp_2,public,2,2,False
True,https://api.github.com/repos/microsoft/ada/{archive_format}{/ref},False,https://api.github.com/repos/microsoft/ada/assignees{/user},https://api.github.com/repos/microsoft/ada/git/blobs{/sha},https://api.github.com/repos/microsoft/ada/branches{/branch},https://github.com/microsoft/ada.git,https://api.github.com/repos/microsoft/ada/collaborators{/collaborator},https://api.github.com/repos/microsoft/ada/comments{/number},https://api.github.com/repos/microsoft/ada/commits{/sha},https://api.github.com/repos/microsoft/ada/compare/{base}...{head},https://api.github.com/repos/microsoft/ada/contents/{+path},https://api.github.com/repos/microsoft/ada/contributors,2022-01-22T00:38:26Z,main,https://api.github.com/repos/microsoft/ada/deployments,Source code behind the Microsoft Research project Ada,False,https://api.github.com/repos/microsoft/ada/downloads,https://api.github.com/repos/microsoft/ada/events,False,8,8,https://api.github.com/repos/microsoft/ada/forks,microsoft/ada,https://api.github.com/repos/microsoft/ada/git/commits{/sha},https://api.github.com/repos/microsoft/ada/git/refs{/sha},https://api.github.com/repos/microsoft/ada/git/tags{/sha},git://github.com/microsoft/ada.git,False,False,True,False,True,True,True,,https://api.github.com/repos/microsoft/ada/hooks,https://github.com/microsoft/ada,450680240,False,https://api.github.com/repos/microsoft/ada/issues/comments{/number},https://api.github.com/repos/microsoft/ada/issues/events{/number},https://api.github.com/repos/microsoft/ada/issues{/number},https://api.github.com/repos/microsoft/ada/keys{/key_id},https://api.github.com/repos/microsoft/ada/labels{/name},C++,https://api.github.com/repos/microsoft/ada/languages,,mit,MIT License,MDc6TGljZW5zZTEz,MIT,https://api.github.com/licenses/mit,https://api.github.com/repos/microsoft/ada/merges,https://api.github.com/repos/microsoft/ada/milestones{/number},,ada,R_kgDOGtzVsA,"https://api.github.com/repos/microsoft/ada/notifications{?since,all,participating}",0,0,https://avatars.githubusercontent.com/u/6154722?v=4,https://api.github.com/users/microsoft/events{/privacy},https://api.github.com/users/microsoft/followers,https://api.github.com/users/microsoft/following{/other_user},https://api.github.com/users/microsoft/gists{/gist_id},,https://github.com/microsoft,6154722,microsoft,MDEyOk9yZ2FuaXphdGlvbjYxNTQ3MjI=,https://api.github.com/users/microsoft/orgs,https://api.github.com/users/microsoft/received_events,https://api.github.com/users/microsoft/repos,False,https://api.github.com/users/microsoft/starred{/owner}{/repo},https://api.github.com/users/microsoft/subscriptions,Organization,https://api.github.com/users/microsoft,public,False,all,https://api.github.com/repos/microsoft/ada/pulls{/number},2026-06-15T22:30:36Z,https://api.github.com/repos/microsoft/ada/releases{/id},6779,git@github.com:microsoft/ada.git,16,https://api.github.com/repos/microsoft/ada/stargazers,https://api.github.com/repos/microsoft/ada/statuses/{sha},https://api.github.com/repos/microsoft/ada/subscribers,https://api.github.com/repos/microsoft/ada/subscription,https://github.com/microsoft/ada,https://api.github.com/repos/microsoft/ada/tags,https://api.github.com/repos/microsoft/ada/teams,[],https://api.github.com/repos/microsoft/ada/git/trees{/sha},2026-08-27T10:53:52Z,https://api.github.com/repos/microsoft/ada,public,16,16,False
True,https://api.github.com/repos/microsoft/ADAF/{archive_format}{/ref},False,https://api.github.com/repos/microsoft/ADAF/assignees{/user},https://api.github.com/repos/microsoft/ADAF/git/blobs{/sha},https://api.github.com/repos/microsoft/ADAF/branches{/branch},https://github.com/microsoft/ADAF.git,https://api.github.com/repos/microsoft/ADAF/collaborators{/collaborator},https://api.github.com/repos/microsoft/ADAF/comments{/number},https://api.github.com/repos/microsoft/ADAF/commits{/sha},https://api.github.com/repos/microsoft/ADAF/compare/{base}...{head},https://api.github.com/repos/microsoft/ADAF/contents/{+path},https://api.github.com/repos/microsoft/ADAF/contributors,2025-01-08T08:40:24Z,main,https://api.github.com/repos/microsoft/ADAF/deployments,"This repository contains the code used for ""ADAF: An Artificial Intelligence Data Assimilation Framework for Weather Forecasting""",False,https://api.github.com/repos/microsoft/ADAF/downloads,https://api.github.com/repos/microsoft/ADAF/events,False,13,13,https://api.github.com/repos/microsoft/ADAF/forks,microsoft/ADAF,https://api.github.com/repos/microsoft/ADAF/git/commits{/sha},https://api.github.com/repos/microsoft/ADAF/git/refs{/sha},https://api.github.com/repos/microsoft/ADAF/git/tags{/sha},git://github.com/microsoft/ADAF.git,False,False,True,False,True,True,True,,https://api.github.com/repos/microsoft/ADAF/hooks,https://github.com/microsoft/ADAF,913728197,False,https://api.github.com/repos/microsoft/ADAF/issues/comments{/number},https://api.github.com/repos/microsoft/ADAF/issues/events{/number},https://api.github.com/repos/microsoft/ADAF/issues{/number},https://api.github.com/repos/microsoft/ADAF/keys{/key_id},https://api.github.com/repos/microsoft/ADAF/labels{/name},Python,https://api.github.com/repos/microsoft/ADAF/languages,,mit,MIT License,MDc6TGljZW5zZTEz,MIT,https://api.github.com/licenses/mit,https://api.github.com/repos/microsoft/ADAF/merges,https://api.github.com/repos/microsoft/ADAF/milestones{/number},,ADAF,R_kgDONnZixQ,"https://api.github.com/repos/microsoft/ADAF/notifications{?since,all,participating}",4,4,https://avatars.githubusercontent.com/u/6154722?v=4,https://api.github.com/users/microsoft/events{/privacy},https://api.github.com/users/microsoft/followers,https://api.github.com/users/microsoft/following{/other_user},https://api.github.com/users/microsoft/gists{/gist_id},,https://github.com/microsoft,6154722,microsoft,MDEyOk9yZ2FuaXphdGlvbjYxNTQ3MjI=,https://api.github.com/users/microsoft/orgs,https://api.github.com/users/microsoft/received_events,https://api.github.com/users/microsoft/repos,False,https://api.github.com/users/microsoft/starred{/owner}{/repo},https://api.github.com/users/microsoft/subscriptions,Organization,https://api.github.com/users/microsoft,public,False,all,https://api.github.com/repos/microsoft/ADAF/pulls{/number},2025-01-09T07:35:25Z,https://api.github.com/repos/microsoft/ADAF/releases{/id},1319,git@github.com:microsoft/ADAF.git,14,https://api.github.com/repos/microsoft/ADAF/stargazers,https://api.github.com/repos/microsoft/ADAF/statuses/{sha},https://api.github.com/repos/microsoft/ADAF/subscribers,https://api.github.com/repos/microsoft/ADAF/subscription,https://github.com/microsoft/ADAF,https://api.github.com/repos/microsoft/ADAF/tags,https://api.github.com/repos/microsoft/ADAF/teams,[],https://api.github.com/repos/microsoft/ADAF/git/trees{/sha},2026-08-27T10:53:52Z,https://api.github.com/repos/microsoft/ADAF,public,14,14,False
True,https://api.github.com/repos/microsoft/AdaM/{archive_format}{/ref},False,https://api.github.com/repos/microsoft/AdaM/assignees{/user},https://api.github.com/repos/microsoft/AdaM/git/blobs{/sha},https://api.github.com/repos/microsoft/AdaM/branches{/branch},https://github.com/microsoft/AdaM.git,https://api.github.com/repos/microsoft/AdaM/collaborators{/collaborator},https://api.github.com/repos/microsoft/AdaM/comments{/number},https://api.github.com/repos/microsoft/AdaM/commits{/sha},https://api.github.com/repos/microsoft/AdaM/compare/{base}...{head},https://api.github.com/repos/microsoft/AdaM/contents/{+path},https://api.github.com/repos/microsoft/AdaM/contributors,2023-03-21T23:40:02Z,main,https://api.github.com/repos/microsoft/AdaM/deployments,,False,https://api.github.com/repos/microsoft/AdaM/downloads,https://api.github.com/repos/microsoft/AdaM/events,False,2,2,https://api.github.com/repos/microsoft/AdaM/forks,microsoft/AdaM,https://api.github.com/repos/microsoft/AdaM/git/commits{/sha},https://api.github.com/repos/microsoft/AdaM/git/refs{/sha},https://api.github.com/repos/microsoft/AdaM/git/tags{/sha},git://github.com/microsoft/AdaM.git,False,False,False,False,True,True,True,,https://api.github.com/repos/microsoft/AdaM/hooks,https://github.com/microsoft/AdaM,617219055,False,https://api.github.com/repos/microsoft/AdaM/issues/comments{/number},https://api.github.com/repos/microsoft/AdaM/issues/events{/number},https://api.github.com/repos/microsoft/AdaM/issues{/number},https://api.github.com/repos/microsoft/AdaM/keys{/key_id},https://api.github.com/repos/microsoft/AdaM/labels{/name},,https://api.github.com/repos/microsoft/AdaM/languages,,mit,MIT License,MDc6TGljZW5zZTEz,MIT,https://api.github.com/licenses/mit,https://api.github.com/repos/microsoft/AdaM/merges,https://api.github.com/repos/microsoft/AdaM/milestones{/number},,AdaM,R_kgDOJMoD7w,"https://api.github.com/repos/microsoft/AdaM/notifications{?since,all,participating}",1,1,https://avatars.githubusercontent.com/u/6154722?v=4,https://api.github.com/users/microsoft/events{/privacy},https://api.github.com/users/microsoft/followers,https://api.github.com/users/microsoft/following{/other_user},https://api.github.com/users/microsoft/gists{/gist_id},,https://github.com/microsoft,6154722,microsoft,MDEyOk9yZ2FuaXphdGlvbjYxNTQ3MjI=,https://api.github.com/users/microsoft/orgs,https://api.github.com/users/microsoft/received_events,https://api.github.com/users/microsoft/repos,False,https://api.github.com/users/microsoft/starred{/owner}{/repo},https://api.github.com/users/microsoft/subscriptions,Organization,https://api.github.com/users/microsoft,public,False,all,https://api.github.com/repos/microsoft/AdaM/pulls{/number},2023-08-03T10:07:19Z,https://api.github.com/repos/microsoft/AdaM/releases{/id},943,git@github.com:microsoft/AdaM.git,54,https://api.github.com/repos/microsoft/AdaM/stargazers,https://api.github.com/repos/microsoft/AdaM/statuses/{sha},https://api.github.com/repos/microsoft/AdaM/subscribers,https://api.github.com/repos/microsoft/AdaM/subscription,https://github.com/microsoft/AdaM,https://api.github.com/repos/microsoft/AdaM/tags,https://api.github.com/repos/microsoft/AdaM/teams,[],https://api.github.com/repos/microsoft/AdaM/git/trees{/sha},2026-08-27T10:53:53Z,https://api.github.com/repos/microsoft/AdaM,public,54,54,False
True,https://api.github.com/repos/microsoft/AdaMix/{archive_format}{/ref},True,https://api.github.com/repos/microsoft/AdaMix/assignees{/user},https://api.github.com/repos/microsoft/AdaMix/git/blobs{/sha},https://api.github.com/repos/microsoft/AdaMix/branches{/branch},https://github.com/microsoft/AdaMix.git,https://api.github.com/repos/microsoft/AdaMix/collaborators{/collaborator},https://api.github.com/repos/microsoft/AdaMix/comments{/number},https://api.github.com/repos/microsoft/AdaMix/commits{/sha},https://api.github.com/repos/microsoft/AdaMix/compare/{base}...{head},https://api.github.com/repos/microsoft/AdaMix/contents/{+path},https://api.github.com/repos/microsoft/AdaMix/contributors,2022-05-24T22:52:02Z,main,https://api.github.com/repos/microsoft/AdaMix/deployments,This is the implementation of the paper AdaMix: Mixture-of-Adaptations for Parameter-efficient Model Tuning (https://arxiv.org/abs/2205.12410). ,False,https://api.github.com/repos/microsoft/AdaMix/downloads,https://api.github.com/repos/microsoft/AdaMix/events,False,11,11,https://api.github.com/repos/microsoft/AdaMix/forks,microsoft/AdaMix,https://api.github.com/repos/microsoft/AdaMix/git/commits{/sha},https://api.github.com/repos/microsoft/AdaMix/git/refs{/sha},https://api.github.com/repos/microsoft/AdaMix/git/tags{/sha},git://github.com/microsoft/AdaMix.git,False,False,True,False,True,True,True,,https://api.github.com/repos/microsoft/AdaMix/hooks,https://github.com/microsoft/AdaMix,496011321,False,https://api.github.com/repos/microsoft/AdaMix/issues/comments{/number},https://api.github.com/repos/microsoft/AdaMix/issues/events{/number},https://api.github.com/repos/microsoft/AdaMix/issues{/number},https://api.github.com/repos/microsoft/AdaMix/keys{/key_id},https://api.github.com/repos/microsoft/AdaMix/labels{/name},Python,https://api.github.com/repos/microsoft/AdaMix/languages,,apache-2.0,Apache License 2.0,MDc6TGljZW5zZTI=,Apache-2.0,https://api.github.com/licenses/apache-2.0,https://api.github.com/repos/microsoft/AdaMix/merges,https://api.github.com/repos/microsoft/AdaMix/milestones{/number},,AdaMix,R_kgDOHZCIOQ,"https://api.github.com/repos/microsoft/AdaMix/notifications{?since,all,participating}",26,26,https://avatars.githubusercontent.com/u/6154722?v=4,https://api.github.com/users/microsoft/events{/privacy},https://api.github.com/users/microsoft/followers,https://api.github.com/users/microsoft/following{/other_user},https://api.github.com/users/microsoft/gists{/gist_id},,https://github.com/microsoft,6154722,microsoft,MDEyOk9yZ2FuaXphdGlvbjYxNTQ3MjI=,https://api.github.com/users/microsoft/orgs,https://api.github.com/users/microsoft/received_events,https://api.github.com/users/microsoft/repos,False,https://api.github.com/users/microsoft/starred{/owner}{/repo},https://api.github.com/users/microsoft/subscriptions,Organization,https://api.github.com/users/microsoft,public,False,all,https://api.github.com/repos/microsoft/AdaMix/pulls{/number},2023-08-14T22:22:39Z,https://api.github.com/repos/microsoft/AdaMix/releases{/id},17479,git@github.com:microsoft/AdaMix.git,139,https://api.github.com/repos/microsoft/AdaMix/stargazers,https://api.github.com/repos/microsoft/AdaMix/statuses/{sha},https://api.github.com/repos/microsoft/AdaMix/subscribers,https://api.github.com/repos/microsoft/AdaMix/subscription,https://github.com/microsoft/AdaMix,https://api.github.com/repos/microsoft/AdaMix/tags,https://api.github.com/repos/microsoft/AdaMix/teams,"[""adapter"", ""bert"", ""dart"", ""glue"", ""gpt-2"", ""nlg"", ""nlp"", ""nlu"", ""parameter-efficient"", ""pytorch"", ""roberta"", ""webnlg""]",https://api.github.com/repos/microsoft/AdaMix/git/trees{/sha},2026-08-27T10:53:54Z,https://api.github.com/repos/microsoft/AdaMix,public,139,139,False
True,https://api.github.com/repos/microsoft/Adaptable/{archive_format}{/ref},True,https://api.github.com/repos/microsoft/Adaptable/assignees{/user},https://api.github.com/repos/microsoft/Adaptable/git/blobs{/sha},https://api.github.com/repos/microsoft/Adaptable/branches{/branch},https://github.com/microsoft/Adaptable.git,https://api.github.com/repos/microsoft/Adaptable/collaborators{/collaborator},https://api.github.com/repos/microsoft/Adaptable/comments{/number},https://api.github.com/repos/microsoft/Adaptable/commits{/sha},https://api.github.com/repos/microsoft/Adaptable/compare/{base}...{head},https://api.github.com/repos/microsoft/Adaptable/contents/{+path},https://api.github.com/repos/microsoft/Adaptable/contributors,2017-07-09T04:21:42Z,master,https://api.github.com/repos/microsoft/Adaptable/deployments,"A tightly optimized representation of ordered, long-living, often-modified, predicate-filtered lists random-accessible by value and index. (Java)",False,https://api.github.com/repos/microsoft/Adaptable/downloads,https://api.github.com/repos/microsoft/Adaptable/events,False,8,8,https://api.github.com/repos/microsoft/Adaptable/forks,microsoft/Adaptable,https://api.github.com/repos/microsoft/Adaptable/git/commits{/sha},https://api.github.com/repos/microsoft/Adaptable/git/refs{/sha},https://api.github.com/repos/microsoft/Adaptable/git/tags{/sha},git://github.com/microsoft/Adaptable.git,False,False,True,False,True,True,True,,https://api.github.com/repos/microsoft/Adaptable/hooks,https://github.com/microsoft/Adaptable,96660739,False,https://api.github.com/repos/microsoft/Adaptable/issues/comments{/number},https://api.github.com/repos/microsoft/Adaptable/issues/events{/number},https://api.github.com/repos/microsoft/Adaptable/issues{/number},https://api.github.com/repos/microsoft/Adaptable/keys{/key_id},https://api.github.com/repos/microsoft/Adaptable/labels{/name},Java,https://api.github.com/repos/microsoft/Adaptable/languages,,other,Other,MDc6TGljZW5zZTA=,NOASSERTION,,https://api.github.com/repos/microsoft/Adaptable/merges,https://api.github.com/repos/microsoft/Adaptable/milestones{/number},,Adaptable,MDEwOlJlcG9zaXRvcnk5NjY2MDczOQ==,"https://api.github.com/repos/microsoft/Adaptable/notifications{?since,all,participating}",2,2,https://avatars.githubusercontent.com/u/6154722?v=4,https://api.github.com/users/microsoft/events{/privacy},https://api.github.com/users/microsoft/followers,https://api.github.com/users/microsoft/following{/other_user},https://api.github.com/users/microsoft/gists{/gist_id},,https://github.com/microsoft,6154722,microsoft,MDEyOk9yZ2FuaXphdGlvbjYxNTQ3MjI=,https://api.github.com/users/microsoft/orgs,https://api.github.com/users/microsoft/received_events,https://api.github.com/users/microsoft/repos,False,https://api.github.com/users/microsoft/starred{/owner}{/repo},https://api.github.com/users/microsoft/subscriptions,Organization,https://api.github.com/users/microsoft,public,False,all,https://api.github.com/repos/microsoft/Adaptable/pulls{/number},2023-06-12T20:27:40Z,https://api.github.com/repos/microsoft/Adaptable/releases{/id},59,git@github.com:microsoft/Adaptable.git,10,https://api.github.com/repos/microsoft/Adaptable/stargazers,https://api.github.com/repos/microsoft/Adaptable/statuses/{sha},https://api.github.com/repos/microsoft/Adaptable/subscribers,https://api.github.com/repos/microsoft/Adaptable/subscription,https://github.com/microsoft/Adaptable,https://api.github.com/repos/microsoft/Adaptable/tags,https://api.github.com/repos/microsoft/Adaptable/teams,[],https://api.github.com/repos/microsoft/Adaptable/git/trees{/sha},2026-08-27T10:53:55Z,https://api.github.com/repos/microsoft/Adaptable,public,10,10,False
True,https://api.github.com/repos/microsoft/adaptive-apps/{archive_format}{/ref},False,https://api.github.com/repos/microsoft/adaptive-apps/assignees{/user},https://api.github.com/repos/microsoft/adaptive-apps/git/blobs{/sha},https://api.github.com/repos/microsoft/adaptive-apps/branches{/branch},https://github.com/microsoft/adaptive-apps.git,https://api.github.com/repos/microsoft/adaptive-apps/collaborators{/collaborator},https://api.github.com/repos/microsoft/adaptive-apps/comments{/number},https://api.github.com/repos/microsoft/adaptive-apps/commits{/sha},https://api.github.com/repos/microsoft/adaptive-apps/compare/{base}...{head},https://api.github.com/repos/microsoft/adaptive-apps/contents/{+path},https://api.github.com/repos/microsoft/adaptive-apps/contributors,2026-04-23T15:41:55Z,main,https://api.github.com/repos/microsoft/adaptive-apps/deployments,"Apps that adaptive to different hosting environments like Azure, Azure Arc and K8s.",False,https://api.github.com/repos/microsoft/adaptive-apps/downloads,https://api.github.com/repos/microsoft/adaptive-apps/events,False,2,2,https://api.github.com/repos/microsoft/adaptive-apps/forks,microsoft/adaptive-apps,https://api.github.com/repos/microsoft/adaptive-apps/git/commits{/sha},https://api.github.com/repos/microsoft/adaptive-apps/git/refs{/sha},https://api.github.com/repos/microsoft/adaptive-apps/git/tags{/sha},git://github.com/microsoft/adaptive-apps.git,False,False,True,False,True,True,True,,https://api.github.com/repos/microsoft/adaptive-apps/hooks,https://github.com/microsoft/adaptive-apps,1219165729,False,https://api.github.com/repos/microsoft/adaptive-apps/issues/comments{/number},https://api.github.com/repos/microsoft/adaptive-apps/issues/events{/number},https://api.github.com/repos/microsoft/adaptive-apps/issues{/number},https://api.github.com/repos/microsoft/adaptive-apps/keys{/key_id},https://api.github.com/repos/microsoft/adaptive-apps/labels{/name},Rust,https://api.github.com/repos/microsoft/adaptive-apps/languages,,mit,MIT License,MDc6TGljZW5zZTEz,MIT,https://api.github.com/licenses/mit,https://api.github.com/repos/microsoft/adaptive-apps/merges,https://api.github.com/repos/microsoft/adaptive-apps/milestones{/number},,adaptive-apps,R_kgDOSKr-IQ,"https://api.github.com/repos/microsoft/adaptive-apps/notifications{?since,all,participating}",11,11,https://avatars.githubusercontent.com/u/6154722?v=4,https://api.github.com/users/microsoft/events{/privacy},https://api.github.com/users/microsoft/followers,https://api.github.com/users/microsoft/following{/other_user},https://api.github.com/users/microsoft/gists{/gist_id},,https://github.com/microsoft,6154722,microsoft,MDEyOk9yZ2FuaXphdGlvbjYxNTQ3MjI=,https://api.github.com/users/microsoft/orgs,https://api.github.com/users/microsoft/received_events,https://api.github.com/users/microsoft/repos,False,https://api.github.com/users/microsoft/starred{/owner}{/repo},https://api.github.com/users/microsoft/subscriptions,Organization,https://api.github.com/users/microsoft,public,False,all,https://api.github.com/repos/microsoft/adaptive-apps/pulls{/number},2026-08-04T16:23:29Z,https://api.github.com/repos/microsoft/adaptive-apps/releases{/id},28401,git@github.com:microsoft/adaptive-apps.git,4,https://api.github.com/repos/microsoft/adaptive-apps/stargazers,https://api.github.com/repos/microsoft/adaptive-apps/statuses/{sha},https://api.github.com/repos/microsoft/adaptive-apps/subscribers,https://api.github.com/repos/microsoft/adaptive-apps/subscription,https://github.com/microsoft/adaptive-apps,https://api.github.com/repos/microsoft/adaptive-apps/tags,https://api.github.com/repos/microsoft/adaptive-apps/teams,[],https://api.github.com/repos/microsoft/adaptive-apps/git/trees{/sha},2026-08-27T10:53:55Z,https://api.github.com/repos/microsoft/adaptive-apps,public,4,4,False
True,https://api.github.com/repos/microsoft/adaptive-testing/{archive_format}{/ref},True,https://api.github.com/repos/microsoft/adaptive-testing/assignees{/user},https://api.github.com/repos/microsoft/adaptive-testing/git/blobs{/sha},https://api.github.com/repos/microsoft/adaptive-testing/branches{/branch},https://github.com/microsoft/adaptive-testing.git,https://api.github.com/repos/microsoft/adaptive-testing/collaborators{/collaborator},https://api.github.com/repos/microsoft/adaptive-testing/comments{/number},https://api.github.com/repos/microsoft/adaptive-testing/commits{/sha},https://api.github.com/repos/microsoft/adaptive-testing/compare/{base}...{head},https://api.github.com/repos/microsoft/adaptive-testing/contents/{+path},https://api.github.com/repos/microsoft/adaptive-testing/contributors,2022-02-07T22:59:30Z,main,https://api.github.com/repos/microsoft/adaptive-testing/deployments,Find and fix bugs in natural language machine learning models using adaptive testing.,False,https://api.github.com/repos/microsoft/adaptive-testing/downloads,https://api.github.com/repos/microsoft/adaptive-testing/events,False,31,31,https://api.github.com/repos/microsoft/adaptive-testing/forks,microsoft/adaptive-testing,https://api.github.com/repos/microsoft/adaptive-testing/git/commits{/sha},https://api.github.com/repos/microsoft/adaptive-testing/git/refs{/sha},https://api.github.com/repos/microsoft/adaptive-testing/git/tags{/sha},git://github.com/microsoft/adaptive-testing.git,False,False,True,False,True,True,True,,https://api.github.com/repos/microsoft/adaptive-testing/hooks,https://github.com/microsoft/adaptive-testing,456706338,False,https://api.github.com/repos/microsoft/adaptive-testing/issues/comments{/number},https://api.github.com/repos/microsoft/adaptive-testing/issues/events{/number},https://api.github.com/repos/microsoft/adaptive-testing/issues{/number},https://api.github.com/repos/microsoft/adaptive-testing/keys{/key_id},https://api.github.com/repos/microsoft/adaptive-testing/labels{/name},Jupyter Notebook,https://api.github.com/repos/microsoft/adaptive-testing/languages,,mit,MIT License,MDc6TGljZW5zZTEz,MIT,https://api.github.com/licenses/mit,https://api.github.com/repos/microsoft/adaptive-testing/merges,https://api.github.com/repos/microsoft/adaptive-testing/milestones{/number},,adaptive-testing,R_kgDOGzjJIg,"https://api.github.com/repos/microsoft/adaptive-testing/notifications{?since,all,participating}",12,12,https://avatars.githubusercontent.com/u/6154722?v=4,https://api.github.com/users/microsoft/events{/privacy},https://api.github.com/users/microsoft/followers,https://api.github.com/users/microsoft/following{/other_user},https://api.github.com/users/microsoft/gists{/gist_id},,https://github.com/microsoft,6154722,microsoft,MDEyOk9yZ2FuaXphdGlvbjYxNTQ3MjI=,https://api.github.com/users/microsoft/orgs,https://api.github.com/users/microsoft/received_events,https://api.github.com/users/microsoft/repos,False,https://api.github.com/users/microsoft/starred{/owner}{/repo},https://api.github.com/users/microsoft/subscriptions,Organization,https://api.github.com/users/microsoft,public,False,all,https://api.github.com/repos/microsoft/adaptive-testing/pulls{/number},2024-05-07T23:04:59Z,https://api.github.com/repos/microsoft/adaptive-testing/releases{/id},30628,git@github.com:microsoft/adaptive-testing.git,189,https://api.github.com/repos/microsoft/adaptive-testing/stargazers,https://api.github.com/repos/microsoft/adaptive-testing/statuses/{sha},https://api.github.com/repos/microsoft/adaptive-testing/subscribers,https://api.github.com/repos/microsoft/adaptive-testing/subscription,https://github.com/microsoft/adaptive-testing,https://api.github.com/repos/microsoft/adaptive-testing/tags,https://api.github.com/repos/microsoft/adaptive-testing/teams,[],https://api.github.com/repos/microsoft/adaptive-testing/git/trees{/sha},2026-08-27T10:53:56Z,https://api.github.com/repos/microsoft/adaptive-testing,public,189,189,False
True,https://api.github.com/repos/microsoft/AdaptiveCards/{archive_format}{/ref},False,https://api.github.com/repos/microsoft/AdaptiveCards/assignees{/user},https://api.github.com/repos/microsoft/AdaptiveCards/git/blobs{/sha},https://api.github.com/repos/microsoft/AdaptiveCards/branches{/branch},https://github.com/microsoft/AdaptiveCards.git,https://api.github.com/repos/microsoft/AdaptiveCards/collaborators{/collaborator},https://api.github.com/repos/microsoft/AdaptiveCards/comments{/number},https://api.github.com/repos/microsoft/AdaptiveCards/commits{/sha},https://api.github.com/repos/microsoft/AdaptiveCards/compare/{base}...{head},https://api.github.com/repos/microsoft/AdaptiveCards/contents/{+path},https://api.github.com/repos/microsoft/AdaptiveCards/contributors,2016-12-08T22:00:33Z,main,https://api.github.com/repos/microsoft/AdaptiveCards/deployments,A new way for developers to exchange card content in a common and consistent way.,False,https://api.github.com/repos/microsoft/AdaptiveCards/downloads,https://api.github.com/repos/microsoft/AdaptiveCards/events,False,596,596,https://api.github.com/repos/microsoft/AdaptiveCards/forks,microsoft/AdaptiveCards,https://api.github.com/repos/microsoft/AdaptiveCards/git/commits{/sha},https://api.github.com/repos/microsoft/AdaptiveCards/git/refs{/sha},https://api.github.com/repos/microsoft/AdaptiveCards/git/tags{/sha},git://github.com/microsoft/AdaptiveCards.git,True,False,True,False,True,True,False,https://adaptivecards.io,https://api.github.com/repos/microsoft/AdaptiveCards/hooks,https://github.com/microsoft/AdaptiveCards,75978731,False,https://api.github.com/repos/microsoft/AdaptiveCards/issues/comments{/number},https://api.github.com/repos/microsoft/AdaptiveCards/issues/events{/number},https://api.github.com/repos/microsoft/AdaptiveCards/issues{/number},https://api.github.com/repos/microsoft/AdaptiveCards/keys{/key_id},https://api.github.com/repos/microsoft/AdaptiveCards/labels{/name},C#,https://api.github.com/repos/microsoft/AdaptiveCards/languages,,mit,MIT License,MDc6TGljZW5zZTEz,MIT,https://api.github.com/licenses/mit,https://api.github.com/repos/microsoft/AdaptiveCards/merges,https://api.github.com/repos/microsoft/AdaptiveCards/milestones{/number},,AdaptiveCards,MDEwOlJlcG9zaXRvcnk3NTk3ODczMQ==,"https://api.github.com/repos/microsoft/AdaptiveCards/notifications{?since,all,participating}",894,894,https://avatars.githubusercontent.com/u/6154722?v=4,https://api.github.com/users/microsoft/events{/privacy},https://api.github.com/users/microsoft/followers,https://api.github.com/users/microsoft/following{/other_user},https://api.github.com/users/microsoft/gists{/gist_id},,https://github.com/microsoft,6154722,microsoft,MDEyOk9yZ2FuaXphdGlvbjYxNTQ3MjI=,https://api.github.com/users/microsoft/orgs,https://api.github.com/users/microsoft/received_events,https://api.github.com/users/microsoft/repos,False,https://api.github.com/users/microsoft/starred{/owner}{/repo},https://api.github.com/users/microsoft/subscriptions,Organization,https://api.github.com/users/microsoft,public,False,all,https://api.github.com/repos/microsoft/AdaptiveCards/pulls{/number},2026-08-27T07:04:16Z,https://api.github.com/repos/microsoft/AdaptiveCards/releases{/id},374432,git@github.com:microsoft/AdaptiveCards.git,1962,https://api.github.com/repos/microsoft/AdaptiveCards/stargazers,https://api.github.com/repos/microsoft/AdaptiveCards/statuses/{sha},https://api.github.com/repos/microsoft/AdaptiveCards/subscribers,https://api.github.com/repos/microsoft/AdaptiveCards/subscription,https://github.com/microsoft/AdaptiveCards,https://api.github.com/repos/microsoft/AdaptiveCards/tags,https://api.github.com/repos/microsoft/AdaptiveCards/teams,"[""adaptive"", ""adaptive-cards"", ""adaptivecards"", ""android"", ""bot-framework"", ""bots"", ""cards"", ""ios"", ""timeline"", ""uwp"", ""windows"", ""windows-uwp"", ""wpf"", ""xamarin"", ""xaml""]",https://api.github.com/repos/microsoft/AdaptiveCards/git/trees{/sha},2026-08-27T10:53:57Z,https://api.github.com/repos/microsoft/AdaptiveCards,public,1962,1962,False
True,https://api.github.com/repos/microsoft/AdaptiveCards-.NET/{archive_format}{/ref},False,https://api.github.com/repos/microsoft/AdaptiveCards-.NET/assignees{/user},https://api.github.com/repos/microsoft/AdaptiveCards-.NET/git/blobs{/sha},https://api.github.com/repos/microsoft/AdaptiveCards-.NET/branches{/branch},https://github.com/microsoft/AdaptiveCards-.NET.git,https://api.github.com/repos/microsoft/AdaptiveCards-.NET/collaborators{/collaborator},https://api.github.com/repos/microsoft/AdaptiveCards-.NET/comments{/number},https://api.github.com/repos/microsoft/AdaptiveCards-.NET/commits{/sha},https://api.github.com/repos/microsoft/AdaptiveCards-.NET/compare/{base}...{head},https://api.github.com/repos/microsoft/AdaptiveCards-.NET/contents/{+path},https://api.github.com/repos/microsoft/AdaptiveCards-.NET/contributors,2023-03-14T17:21:19Z,main,https://api.github.com/repos/microsoft/AdaptiveCards-.NET/deployments,,False,https://api.github.com/repos/microsoft/AdaptiveCards-.NET/downloads,https://api.github.com/repos/microsoft/AdaptiveCards-.NET/events,False,2,2,https://api.github.com/repos/microsoft/AdaptiveCards-.NET/forks,microsoft/AdaptiveCards-.NET,https://api.github.com/repos/microsoft/AdaptiveCards-.NET/git/commits{/sha},https://api.github.com/repos/microsoft/AdaptiveCards-.NET/git/refs{/sha},https://api.github.com/repos/microsoft/AdaptiveCards-.NET/git/tags{/sha},git://github.com/microsoft/AdaptiveCards-.NET.git,False,False,True,False,True,True,True,,https://api.github.com/repos/microsoft/AdaptiveCards-.NET/hooks,https://github.com/microsoft/AdaptiveCards-.NET,613995915,False,https://api.github.com/repos/microsoft/AdaptiveCards-.NET/issues/comments{/number},https://api.github.com/repos/microsoft/AdaptiveCards-.NET/issues/events{/number},https://api.github.com/repos/microsoft/AdaptiveCards-.NET/issues{/number},https://api.github.com/repos/microsoft/AdaptiveCards-.NET/keys{/key_id},https://api.github.com/repos/microsoft/AdaptiveCards-.NET/labels{/name},C#,https://api.github.com/repos/microsoft/AdaptiveCards-.NET/languages,,mit,MIT License,MDc6TGljZW5zZTEz,MIT,https://api.github.com/licenses/mit,https://api.github.com/repos/microsoft/AdaptiveCards-.NET/merges,https://api.github.com/repos/microsoft/AdaptiveCards-.NET/milestones{/number},,AdaptiveCards-.NET,R_kgDOJJjViw,"https://api.github.com/repos/microsoft/AdaptiveCards-.NET/notifications{?since,all,participating}",15,15,https://avatars.githubusercontent.com/u/6154722?v=4,https://api.github.com/users/microsoft/events{/privacy},https://api.github.com/users/microsoft/followers,https://api.github.com/users/microsoft/following{/other_user},https://api.github.com/users/microsoft/gists{/gist_id},,https://github.com/microsoft,6154722,microsoft,MDEyOk9yZ2FuaXphdGlvbjYxNTQ3MjI=,https://api.github.com/users/microsoft/orgs,https://api.github.com/users/microsoft/received_events,https://api.github.com/users/microsoft/repos,False,https://api.github.com/users/microsoft/starred{/owner}{/repo},https://api.github.com/users/microsoft/subscriptions,Organization,https://api.github.com/users/microsoft,public,False,all,https://api.github.com/repos/microsoft/AdaptiveCards-.NET/pulls{/number},2023-06-19T22:57:31Z,https://api.github.com/repos/microsoft/AdaptiveCards-.NET/releases{/id},6358,git@github.com:microsoft/AdaptiveCards-.NET.git,5,https://api.github.com/repos/microsoft/AdaptiveCards-.NET/stargazers,https://api.github.com/repos/microsoft/AdaptiveCards-.NET/statuses/{sha},https://api.github.com/repos/microsoft/AdaptiveCards-.NET/subscribers,https://api.github.com/repos/microsoft/AdaptiveCards-.NET/subscription,https://github.com/microsoft/AdaptiveCards-.NET,https://api.github.com/repos/microsoft/AdaptiveCards-.NET/tags,https://api.github.com/repos/microsoft/AdaptiveCards-.NET/teams,[],https://api.github.com/repos/microsoft/AdaptiveCards-.NET/git/trees{/sha},2026-08-27T10:53:57Z,https://api.github.com/repos/microsoft/AdaptiveCards-.NET,public,5,5,False
True,https://api.github.com/repos/microsoft/adaptivecards-templates/{archive_format}{/ref},False,https://api.github.com/repos/microsoft/adaptivecards-templates/assignees{/user},https://api.github.com/repos/microsoft/adaptivecards-templates/git/blobs{/sha},https://api.github.com/repos/microsoft/adaptivecards-templates/branches{/branch},https://github.com/microsoft/adaptivecards-templates.git,https://api.github.com/repos/microsoft/adaptivecards-templates/collaborators{/collaborator},https://api.github.com/repos/microsoft/adaptivecards-templates/comments{/number},https://api.github.com/repos/microsoft/adaptivecards-templates/commits{/sha},https://api.github.com/repos/microsoft/adaptivecards-templates/compare/{base}...{head},https://api.github.com/repos/microsoft/adaptivecards-templates/contents/{+path},https://api.github.com/repos/microsoft/adaptivecards-templates/contributors,2019-06-05T15:56:48Z,master,https://api.github.com/repos/microsoft/adaptivecards-templates/deployments,A collection of Adaptive Card templates for well-known data models,False,https://api.github.com/repos/microsoft/adaptivecards-templates/downloads,https://api.github.com/repos/microsoft/adaptivecards-templates/events,False,38,38,https://api.github.com/repos/microsoft/adaptivecards-templates/forks,microsoft/adaptivecards-templates,https://api.github.com/repos/microsoft/adaptivecards-templates/git/commits{/sha},https://api.github.com/repos/microsoft/adaptivecards-templates/git/refs{/sha},https://api.github.com/repos/microsoft/adaptivecards-templates/git/tags{/sha},git://github.com/microsoft/adaptivecards-templates.git,False,False,True,False,True,True,True,https://docs.microsoft.com/en-us/adaptive-cards/templating/service,https://api.github.com/repos/microsoft/adaptivecards-templates/hooks,https://github.com/microsoft/adaptivecards-templates,190425217,False,https://api.github.com/repos/microsoft/adaptivecards-templates/issues/comments{/number},https://api.github.com/repos/microsoft/adaptivecards-templates/issues/events{/number},https://api.github.com/repos/microsoft/adaptivecards-templates/issues{/number},https://api.github.com/repos/microsoft/adaptivecards-templates/keys{/key_id},https://api.github.com/repos/microsoft/adaptivecards-templates/labels{/name},TypeScript,https://api.github.com/repos/microsoft/adaptivecards-templates/languages,,mit,MIT License,MDc6TGljZW5zZTEz,MIT,https://api.github.com/licenses/mit,https://api.github.com/repos/microsoft/adaptivecards-templates/merges,https://api.github.com/repos/microsoft/adaptivecards-templates/milestones{/number},,adaptivecards-templates,MDEwOlJlcG9zaXRvcnkxOTA0MjUyMTc=,"https://api.github.com/repos/microsoft/adaptivecards-templates/notifications{?since,all,participating}",21,21,https://avatars.githubusercontent.com/u/6154722?v=4,https://api.github.com/users/microsoft/events{/privacy},https://api.github.com/users/microsoft/followers,https://api.github.com/users/microsoft/following{/other_user},https://api.github.com/users/microsoft/gists{/gist_id},,https://github.com/microsoft,6154722,microsoft,MDEyOk9yZ2FuaXphdGlvbjYxNTQ3MjI=,https://api.github.com/users/microsoft/orgs,https://api.github.com/users/microsoft/received_events,https://api.github.com/users/microsoft/repos,False,https://api.github.com/users/microsoft/starred{/owner}{/repo},https://api.github.com/users/microsoft/subscriptions,Organization,https://api.github.com/users/microsoft,public,False,all,https://api.github.com/repos/microsoft/adaptivecards-templates/pulls{/number},2024-10-11T21:25:59Z,https://api.github.com/repos/microsoft/adaptivecards-templates/releases{/id},4864,git@github.com:microsoft/adaptivecards-templates.git,123,https://api.github.com/repos/microsoft/adaptivecards-templates/stargazers,https://api.github.com/repos/microsoft/adaptivecards-templates/statuses/{sha},https://api.github.com/repos/microsoft/adaptivecards-templates/subscribers,https://api.github.com/repos/microsoft/adaptivecards-templates/subscription,https://github.com/microsoft/adaptivecards-templates,https://api.github.com/repos/microsoft/adaptivecards-templates/tags,https://api.github.com/repos/microsoft/adaptivecards-templates/teams,"[""adaptivecards""]",https://api.github.com/repos/microsoft/adaptivecards-templates/git/trees{/sha},2026-08-27T10:53:58Z,https://api.github.com/repos/microsoft/adaptivecards-templates,public,123,123,False
True,https://api.github.com/repos/microsoft/adaptive_cloud_community/{archive_format}{/ref},False,https://api.github.com/repos/microsoft/adaptive_cloud_community/assignees{/user},https://api.github.com/repos/microsoft/adaptive_cloud_community/git/blobs{/sha},https://api.github.com/repos/microsoft/adaptive_cloud_community/branches{/branch},https://github.com/microsoft/adaptive_cloud_community.git,https://api.github.com/repos/microsoft/adaptive_cloud_community/collaborators{/collaborator},https://api.github.com/repos/microsoft/adaptive_cloud_community/comments{/number},https://api.github.com/repos/microsoft/adaptive_cloud_community/commits{/sha},https://api.github.com/repos/microsoft/adaptive_cloud_community/compare/{base}...{head},https://api.github.com/repos/microsoft/adaptive_cloud_community/contents/{+path},https://api.github.com/repos/microsoft/adaptive_cloud_community/contributors,2022-07-21T16:02:29Z,main,https://api.github.com/repos/microsoft/adaptive_cloud_community/deployments,Public repository for hosting the Azure Adaptive Cloud Community content,False,https://api.github.com/repos/microsoft/adaptive_cloud_community/downloads,https://api.github.com/repos/microsoft/adaptive_cloud_community/events,False,20,20,https://api.github.com/repos/microsoft/adaptive_cloud_community/forks,microsoft/adaptive_cloud_community,https://api.github.com/repos/microsoft/adaptive_cloud_community/git/commits{/sha},https://api.github.com/repos/microsoft/adaptive_cloud_community/git/refs{/sha},https://api.github.com/repos/microsoft/adaptive_cloud_community/git/tags{/sha},git://github.com/microsoft/adaptive_cloud_community.git,False,False,True,False,True,True,True,,https://api.github.com/repos/microsoft/adaptive_cloud_community/hooks,https://github.com/microsoft/adaptive_cloud_community,516436627,False,https://api.github.com/repos/microsoft/adaptive_cloud_community/issues/comments{/number},https://api.github.com/repos/microsoft/adaptive_cloud_community/issues/events{/number},https://api.github.com/repos/microsoft/adaptive_cloud_community/issues{/number},https://api.github.com/repos/microsoft/adaptive_cloud_community/keys{/key_id},https://api.github.com/repos/microsoft/adaptive_cloud_community/labels{/name},,https://api.github.com/repos/microsoft/adaptive_cloud_community/languages,,mit,MIT License,MDc6TGljZW5zZTEz,MIT,https://api.github.com/licenses/mit,https://api.github.com/repos/microsoft/adaptive_cloud_community/merges,https://api.github.com/repos/microsoft/adaptive_cloud_community/milestones{/number},,adaptive_cloud_community,R_kgDOHsgykw,"https://api.github.com/repos/microsoft/adaptive_cloud_community/notifications{?since,all,participating}",0,0,https://avatars.githubusercontent.com/u/6154722?v=4,https://api.github.com/users/microsoft/events{/privacy},https://api.github.com/users/microsoft/followers,https://api.github.com/users/microsoft/following{/other_user},https://api.github.com/users/microsoft/gists{/gist_id},,https://github.com/microsoft,6154722,microsoft,MDEyOk9yZ2FuaXphdGlvbjYxNTQ3MjI=,https://api.github.com/users/microsoft/orgs,https://api.github.com/users/microsoft/received_events,https://api.github.com/users/microsoft/repos,False,https://api.github.com/users/microsoft/starred{/owner}{/repo},https://api.github.com/users/microsoft/subscriptions,Organization,https://api.github.com/users/microsoft,public,False,all,https://api.github.com/repos/microsoft/adaptive_cloud_community/pulls{/number},2025-08-04T17:22:02Z,https://api.github.com/repos/microsoft/adaptive_cloud_community/releases{/id},177749,git@github.com:microsoft/adaptive_cloud_community.git,114,https://api.github.com/repos/microsoft/adaptive_cloud_community/stargazers,https://api.github.com/repos/microsoft/adaptive_cloud_community/statuses/{sha},https://api.github.com/repos/microsoft/adaptive_cloud_community/subscribers,https://api.github.com/repos/microsoft/adaptive_cloud_community/subscription,https://github.com/microsoft/adaptive_cloud_community,https://api.github.com/repos/microsoft/adaptive_cloud_community/tags,https://api.github.com/repos/microsoft/adaptive_cloud_community/teams,[],https://api.github.com/repos/microsoft/adaptive_cloud_community/git/trees{/sha},2026-08-27T10:53:59Z,https://api.github.com/repos/microsoft/adaptive_cloud_community,public,114,114,False
True,https://api.github.com/repos/microsoft/adb2spark/{archive_format}{/ref},True,https://api.github.com/repos/microsoft/adb2spark/assignees{/user},https://api.github.com/repos/microsoft/adb2spark/git/blobs{/sha},https://api.github.com/repos/microsoft/adb2spark/branches{/branch},https://github.com/microsoft/adb2spark.git,https://api.github.com/repos/microsoft/adb2spark/collaborators{/collaborator},https://api.github.com/repos/microsoft/adb2spark/comments{/number},https://api.github.com/repos/microsoft/adb2spark/commits{/sha},https://api.github.com/repos/microsoft/adb2spark/compare/{base}...{head},https://api.github.com/repos/microsoft/adb2spark/contents/{+path},https://api.github.com/repos/microsoft/adb2spark/contributors,2022-02-24T08:02:54Z,main,https://api.github.com/repos/microsoft/adb2spark/deployments,,False,https://api.github.com/repos/microsoft/adb2spark/downloads,https://api.github.com/repos/microsoft/adb2spark/events,False,2,2,https://api.github.com/repos/microsoft/adb2spark/forks,microsoft/adb2spark,https://api.github.com/repos/microsoft/adb2spark/git/commits{/sha},https://api.github.com/repos/microsoft/adb2spark/git/refs{/sha},https://api.github.com/repos/microsoft/adb2spark/git/tags{/sha},git://github.com/microsoft/adb2spark.git,False,False,True,False,True,True,True,,https://api.github.com/repos/microsoft/adb2spark/hooks,https://github.com/microsoft/adb2spark,463059378,False,https://api.github.com/repos/microsoft/adb2spark/issues/comments{/number},https://api.github.com/repos/microsoft/adb2spark/issues/events{/number},https://api.github.com/repos/microsoft/adb2spark/issues{/number},https://api.github.com/repos/microsoft/adb2spark/keys{/key_id},https://api.github.com/repos/microsoft/adb2spark/labels{/name},,https://api.github.com/repos/microsoft/adb2spark/languages,,mit,MIT License,MDc6TGljZW5zZTEz,MIT,https://api.github.com/licenses/mit,https://api.github.com/repos/microsoft/adb2spark/merges,https://api.github.com/repos/microsoft/adb2spark/milestones{/number},,adb2spark,R_kgDOG5m5sg,"https://api.github.com/repos/microsoft/adb2spark/notifications{?since,all,participating}",1,1,https://avatars.githubusercontent.com/u/6154722?v=4,https://api.github.com/users/microsoft/events{/privacy},https://api.github.com/users/microsoft/followers,https://api.github.com/users/microsoft/following{/other_user},https://api.github.com/users/microsoft/gists{/gist_id},,https://github.com/microsoft,6154722,microsoft,MDEyOk9yZ2FuaXphdGlvbjYxNTQ3MjI=,https://api.github.com/users/microsoft/orgs,https://api.github.com/users/microsoft/received_events,https://api.github.com/users/microsoft/repos,False,https://api.github.com/users/microsoft/starred{/owner}{/repo},https://api.github.com/users/microsoft/subscriptions,Organization,https://api.github.com/users/microsoft,public,False,all,https://api.github.com/repos/microsoft/adb2spark/pulls{/number},2022-02-24T09:38:57Z,https://api.github.com/repos/microsoft/adb2spark/releases{/id},29,git@github.com:microsoft/adb2spark.git,4,https://api.github.com/repos/microsoft/adb2spark/stargazers,https://api.github.com/repos/microsoft/adb2spark/statuses/{sha},https://api.github.com/repos/microsoft/adb2spark/subscribers,https://api.github.com/repos/microsoft/adb2spark/subscription,https://github.com/microsoft/adb2spark,https://api.github.com/repos/microsoft/adb2spark/tags,https://api.github.com/repos/microsoft/adb2spark/teams,[],https://api.github.com/repos/microsoft/adb2spark/git/trees{/sha},2026-08-27T10:53:59Z,https://api.github.com/repos/microsoft/adb2spark,public,4,4,False
True,https://api.github.com/repos/microsoft/ADBench/{archive_format}{/ref},True,https://api.github.com/repos/microsoft/ADBench/assignees{/user},https://api.github.com/repos/microsoft/ADBench/git/blobs{/sha},https://api.github.com/repos/microsoft/ADBench/branches{/branch},https://github.com/microsoft/ADBench.git,https://api.github.com/repos/microsoft/ADBench/collaborators{/collaborator},https://api.github.com/repos/microsoft/ADBench/comments{/number},https://api.github.com/repos/microsoft/ADBench/commits{/sha},https://api.github.com/repos/microsoft/ADBench/compare/{base}...{head},https://api.github.com/repos/microsoft/ADBench/contents/{+path},https://api.github.com/repos/microsoft/ADBench/contributors,2015-07-04T16:16:32Z,master,https://api.github.com/repos/microsoft/ADBench/deployments,Benchmarking various AD tools.,False,https://api.github.com/repos/microsoft/ADBench/downloads,https://api.github.com/repos/microsoft/ADBench/events,False,39,39,https://api.github.com/repos/microsoft/ADBench/forks,microsoft/ADBench,https://api.github.com/repos/microsoft/ADBench/git/commits{/sha},https://api.github.com/repos/microsoft/ADBench/git/refs{/sha},https://api.github.com/repos/microsoft/ADBench/git/tags{/sha},git://github.com/microsoft/ADBench.git,False,False,True,True,True,True,True,,https://api.github.com/repos/microsoft/ADBench/hooks,https://github.com/microsoft/ADBench,38539834,False,https://api.github.com/repos/microsoft/ADBench/issues/comments{/number},https://api.github.com/repos/microsoft/ADBench/issues/events{/number},https://api.github.com/repos/microsoft/ADBench/issues{/number},https://api.github.com/repos/microsoft/ADBench/keys{/key_id},https://api.github.com/repos/microsoft/ADBench/labels{/name},C++,https://api.github.com/repos/microsoft/ADBench/languages,,mit,MIT License,MDc6TGljZW5zZTEz,MIT,https://api.github.com/licenses/mit,https://api.github.com/repos/microsoft/ADBench/merges,https://api.github.com/repos/microsoft/ADBench/milestones{/number},,ADBench,MDEwOlJlcG9zaXRvcnkzODUzOTgzNA==,"https://api.github.com/repos/microsoft/ADBench/notifications{?since,all,participating}",26,26,https://avatars.githubusercontent.com/u/6154722?v=4,https://api.github.com/users/microsoft/events{/privacy},https://api.github.com/users/microsoft/followers,https://api.github.com/users/microsoft/following{/other_user},https://api.github.com/users/microsoft/gists{/gist_id},,https://github.com/microsoft,6154722,microsoft,MDEyOk9yZ2FuaXphdGlvbjYxNTQ3MjI=,https://api.github.com/users/microsoft/orgs,https://api.github.com/users/microsoft/received_events,https://api.github.com/users/microsoft/repos,False,https://api.github.com/users/microsoft/starred{/owner}{/repo},https://api.github.com/users/microsoft/subscriptions,Organization,https://api.github.com/users/microsoft,public,False,all,https://api.github.com/repos/microsoft/ADBench/pulls{/number},2024-05-19T11:06:06Z,https://api.github.com/repos/microsoft/ADBench/releases{/id},146178,git@github.com:microsoft/ADBench.git,113,https://api.github.com/repos/microsoft/ADBench/stargazers,https://api.github.com/repos/microsoft/ADBench/statuses/{sha},https://api.github.com/repos/microsoft/ADBench/subscribers,https://api.github.com/repos/microsoft/ADBench/subscription,https://github.com/microsoft/ADBench,https://api.github.com/repos/microsoft/ADBench/tags,https://api.github.com/repos/microsoft/ADBench/teams,[],https://api.github.com/repos/microsoft/ADBench/git/trees{/sha},2026-08-27T10:54:00Z,https://api.github.com/repos/microsoft/ADBench,public,113,113,False
True,https://api.github.com/repos/microsoft/adcs-proxy-exit-module/{archive_format}{/ref},True,https://api.github.com/repos/microsoft/adcs-proxy-exit-module/assignees{/user},https://api.github.com/repos/microsoft/adcs-proxy-exit-module/git/blobs{/sha},https://api.github.com/repos/microsoft/adcs-proxy-exit-module/branches{/branch},https://github.com/microsoft/adcs-proxy-exit-module.git,https://api.github.com/repos/microsoft/adcs-proxy-exit-module/collaborators{/collaborator},https://api.github.com/repos/microsoft/adcs-proxy-exit-module/comments{/number},https://api.github.com/repos/microsoft/adcs-proxy-exit-module/commits{/sha},https://api.github.com/repos/microsoft/adcs-proxy-exit-module/compare/{base}...{head},https://api.github.com/repos/microsoft/adcs-proxy-exit-module/contents/{+path},https://api.github.com/repos/microsoft/adcs-proxy-exit-module/contributors,2023-06-23T16:28:00Z,main,https://api.github.com/repos/microsoft/adcs-proxy-exit-module/deployments,Exit Module for Active Directory Certificate Services that proxies calls to external programs.,False,https://api.github.com/repos/microsoft/adcs-proxy-exit-module/downloads,https://api.github.com/repos/microsoft/adcs-proxy-exit-module/events,False,0,0,https://api.github.com/repos/microsoft/adcs-proxy-exit-module/forks,microsoft/adcs-proxy-exit-module,https://api.github.com/repos/microsoft/adcs-proxy-exit-module/git/commits{/sha},https://api.github.com/repos/microsoft/adcs-proxy-exit-module/git/refs{/sha},https://api.github.com/repos/microsoft/adcs-proxy-exit-module/git/tags{/sha},git://github.com/microsoft/adcs-proxy-exit-module.git,False,False,True,False,True,True,True,,https://api.github.com/repos/microsoft/adcs-proxy-exit-module/hooks,https://github.com/microsoft/adcs-proxy-exit-module,657699793,False,https://api.github.com/repos/microsoft/adcs-proxy-exit-module/issues/comments{/number},https://api.github.com/repos/microsoft/adcs-proxy-exit-module/issues/events{/number},https://api.github.com/repos/microsoft/adcs-proxy-exit-module/issues{/number},https://api.github.com/repos/microsoft/adcs-proxy-exit-module/keys{/key_id},https://api.github.com/repos/microsoft/adcs-proxy-exit-module/labels{/name},C++,https://api.github.com/repos/microsoft/adcs-proxy-exit-module/languages,,mit,MIT License,MDc6TGljZW5zZTEz,MIT,https://api.github.com/licenses/mit,https://api.github.com/repos/microsoft/adcs-proxy-exit-module/merges,https://api.github.com/repos/microsoft/adcs-proxy-exit-module/milestones{/number},,adcs-proxy-exit-module,R_kgDOJzOz0Q,"https://api.github.com/repos/microsoft/adcs-proxy-exit-module/notifications{?since,all,participating}",2,2,https://avatars.githubusercontent.com/u/6154722?v=4,https://api.github.com/users/microsoft/events{/privacy},https://api.github.com/users/microsoft/followers,https://api.github.com/users/microsoft/following{/other_user},https://api.github.com/users/microsoft/gists{/gist_id},,https://github.com/microsoft,6154722,microsoft,MDEyOk9yZ2FuaXphdGlvbjYxNTQ3MjI=,https://api.github.com/users/microsoft/orgs,https://api.github.com/users/microsoft/received_events,https://api.github.com/users/microsoft/repos,False,https://api.github.com/users/microsoft/starred{/owner}{/repo},https://api.github.com/users/microsoft/subscriptions,Organization,https://api.github.com/users/microsoft,public,False,all,https://api.github.com/repos/microsoft/adcs-proxy-exit-module/pulls{/number},2023-06-23T19:09:45Z,https://api.github.com/repos/microsoft/adcs-proxy-exit-module/releases{/id},2563,git@github.com:microsoft/adcs-proxy-exit-module.git,15,https://api.github.com/repos/microsoft/adcs-proxy-exit-module/stargazers,https://api.github.com/repos/microsoft/adcs-proxy-exit-module/statuses/{sha},https://api.github.com/repos/microsoft/adcs-proxy-exit-module/subscribers,https://api.github.com/repos/microsoft/adcs-proxy-exit-module/subscription,https://github.com/microsoft/adcs-proxy-exit-module,https://api.github.com/repos/microsoft/adcs-proxy-exit-module/tags,https://api.github.com/repos/microsoft/adcs-proxy-exit-module/teams,[],https://api.github.com/repos/microsoft/adcs-proxy-exit-module/git/trees{/sha},2026-08-27T10:54:01Z,https://api.github.com/repos/microsoft/adcs-proxy-exit-module,public,15,15,False
True,https://api.github.com/repos/microsoft/AddingSpeechToBots/{archive_format}{/ref},True,https://api.github.com/repos/microsoft/AddingSpeechToBots/assignees{/user},https://api.github.com/repos/microsoft/AddingSpeechToBots/git/blobs{/sha},https://api.github.com/repos/microsoft/AddingSpeechToBots/branches{/branch},https://github.com/microsoft/AddingSpeechToBots.git,https://api.github.com/repos/microsoft/AddingSpeechToBots/collaborators{/collaborator},https://api.github.com/repos/microsoft/AddingSpeechToBots/comments{/number},https://api.github.com/repos/microsoft/AddingSpeechToBots/commits{/sha},https://api.github.com/repos/microsoft/AddingSpeechToBots/compare/{base}...{head},https://api.github.com/repos/microsoft/AddingSpeechToBots/contents/{+path},https://api.github.com/repos/microsoft/AddingSpeechToBots/contributors,2019-02-10T15:19:28Z,master,https://api.github.com/repos/microsoft/AddingSpeechToBots/deployments,Adding Speech to Conversational Bots,False,https://api.github.com/repos/microsoft/AddingSpeechToBots/downloads,https://api.github.com/repos/microsoft/AddingSpeechToBots/events,False,13,13,https://api.github.com/repos/microsoft/AddingSpeechToBots/forks,microsoft/AddingSpeechToBots,https://api.github.com/repos/microsoft/AddingSpeechToBots/git/commits{/sha},https://api.github.com/repos/microsoft/AddingSpeechToBots/git/refs{/sha},https://api.github.com/repos/microsoft/AddingSpeechToBots/git/tags{/sha},git://github.com/microsoft/AddingSpeechToBots.git,False,False,True,False,True,True,True,,https://api.github.com/repos/microsoft/AddingSpeechToBots/hooks,https://github.com/microsoft/AddingSpeechToBots,169991818,False,https://api.github.com/repos/microsoft/AddingSpeechToBots/issues/comments{/number},https://api.github.com/repos/microsoft/AddingSpeechToBots/issues/events{/number},https://api.github.com/repos/microsoft/AddingSpeechToBots/issues{/number},https://api.github.com/repos/microsoft/AddingSpeechToBots/keys{/key_id},https://api.github.com/repos/microsoft/AddingSpeechToBots/labels{/name},C#,https://api.github.com/repos/microsoft/AddingSpeechToBots/languages,,,,,,,https://api.github.com/repos/microsoft/AddingSpeechToBots/merges,https://api.github.com/repos/microsoft/AddingSpeechToBots/milestones{/number},,AddingSpeechToBots,MDEwOlJlcG9zaXRvcnkxNjk5OTE4MTg=,"https://api.github.com/repos/microsoft/AddingSpeechToBots/notifications{?since,all,participating}",0,0,https://avatars.githubusercontent.com/u/6154722?v=4,https://api.github.com/users/microsoft/events{/privacy},https://api.github.com/users/microsoft/followers,https://api.github.com/users/microsoft/following{/other_user},https://api.github.com/users/microsoft/gists{/gist_id},,https://github.com/microsoft,6154722,microsoft,MDEyOk9yZ2FuaXphdGlvbjYxNTQ3MjI=,https://api.github.com/users/microsoft/orgs,https://api.github.com/users/microsoft/received_events,https://api.github.com/users/microsoft/repos,False,https://api.github.com/users/microsoft/starred{/owner}{/repo},https://api.github.com/users/microsoft/subscriptions,Organization,https://api.github.com/users/microsoft,public,False,all,https://api.github.com/repos/microsoft/AddingSpeechToBots/pulls{/number},2019-02-12T19:22:21Z,https://api.github.com/repos/microsoft/AddingSpeechToBots/releases{/id},30858,git@github.com:microsoft/AddingSpeechToBots.git,15,https://api.github.com/repos/microsoft/AddingSpeechToBots/stargazers,https://api.github.com/repos/microsoft/AddingSpeechToBots/statuses/{sha},https://api.github.com/repos/microsoft/AddingSpeechToBots/subscribers,https://api.github.com/repos/microsoft/AddingSpeechToBots/subscription,https://github.com/microsoft/AddingSpeechToBots,https://api.github.com/repos/microsoft/AddingSpeechToBots/tags,https://api.github.com/repos/microsoft/AddingSpeechToBots/teams,[],https://api.github.com/repos/microsoft/AddingSpeechToBots/git/trees{/sha},2026-08-27T10:54:02Z,https://api.github.com/repos/microsoft/AddingSpeechToBots,public,15,15,False
True,https://api.github.com/repos/microsoft/AddOutlookJapanHoliday/{archive_format}{/ref},True,https://api.github.com/repos/microsoft/AddOutlookJapanHoliday/assignees{/user},https://api.github.com/repos/microsoft/AddOutlookJapanHoliday/git/blobs{/sha},https://api.github.com/repos/microsoft/AddOutlookJapanHoliday/branches{/branch},https://github.com/microsoft/AddOutlookJapanHoliday.git,https://api.github.com/repos/microsoft/AddOutlookJapanHoliday/collaborators{/collaborator},https://api.github.com/repos/microsoft/AddOutlookJapanHoliday/comments{/number},https://api.github.com/repos/microsoft/AddOutlookJapanHoliday/commits{/sha},https://api.github.com/repos/microsoft/AddOutlookJapanHoliday/compare/{base}...{head},https://api.github.com/repos/microsoft/AddOutlookJapanHoliday/contents/{+path},https://api.github.com/repos/microsoft/AddOutlookJapanHoliday/contributors,2019-02-28T01:12:49Z,master,https://api.github.com/repos/microsoft/AddOutlookJapanHoliday/deployments,VBScript for adding Japan new Holidays to Outlook.,False,https://api.github.com/repos/microsoft/AddOutlookJapanHoliday/downloads,https://api.github.com/repos/microsoft/AddOutlookJapanHoliday/events,False,10,10,https://api.github.com/repos/microsoft/AddOutlookJapanHoliday/forks,microsoft/AddOutlookJapanHoliday,https://api.github.com/repos/microsoft/AddOutlookJapanHoliday/git/commits{/sha},https://api.github.com/repos/microsoft/AddOutlookJapanHoliday/git/refs{/sha},https://api.github.com/repos/microsoft/AddOutlookJapanHoliday/git/tags{/sha},git://github.com/microsoft/AddOutlookJapanHoliday.git,False,False,True,False,True,True,True,,https://api.github.com/repos/microsoft/AddOutlookJapanHoliday/hooks,https://github.com/microsoft/AddOutlookJapanHoliday,173016559,False,https://api.github.com/repos/microsoft/AddOutlookJapanHoliday/issues/comments{/number},https://api.github.com/repos/microsoft/AddOutlookJapanHoliday/issues/events{/number},https://api.github.com/repos/microsoft/AddOutlookJapanHoliday/issues{/number},https://api.github.com/repos/microsoft/AddOutlookJapanHoliday/keys{/key_id},https://api.github.com/repos/microsoft/AddOutlookJapanHoliday/labels{/name},VBScript,https://api.github.com/repos/microsoft/AddOutlookJapanHoliday/languages,,mit,MIT License,MDc6TGljZW5zZTEz,MIT,https://api.github.com/licenses/mit,https://api.github.com/repos/microsoft/AddOutlookJapanHoliday/merges,https://api.github.com/repos/microsoft/AddOutlookJapanHoliday/milestones{/number},,AddOutlookJapanHoliday,MDEwOlJlcG9zaXRvcnkxNzMwMTY1NTk=,"https://api.github.com/repos/microsoft/AddOutlookJapanHoliday/notifications{?since,all,participating}",1,1,https://avatars.githubusercontent.com/u/6154722?v=4,https://api.github.com/users/microsoft/events{/privacy},https://api.github.com/users/microsoft/followers,https://api.github.com/users/microsoft/following{/other_user},https://api.github.com/users/microsoft/gists{/gist_id},,https://github.com/microsoft,6154722,microsoft,MDEyOk9yZ2FuaXphdGlvbjYxNTQ3MjI=,https://api.github.com/users/microsoft/orgs,https://api.github.com/users/microsoft/received_events,https://api.github.com/users/microsoft/repos,False,https://api.github.com/users/microsoft/starred{/owner}{/repo},https://api.github.com/users/microsoft/subscriptions,Organization,https://api.github.com/users/microsoft,public,False,all,https://api.github.com/repos/microsoft/AddOutlookJapanHoliday/pulls{/number},2023-06-13T01:11:27Z,https://api.github.com/repos/microsoft/AddOutlookJapanHoliday/releases{/id},164,git@github.com:microsoft/AddOutlookJapanHoliday.git,9,https://api.github.com/repos/microsoft/AddOutlookJapanHoliday/stargazers,https://api.github.com/repos/microsoft/AddOutlookJapanHoliday/statuses/{sha},https://api.github.com/repos/microsoft/AddOutlookJapanHoliday/subscribers,https://api.github.com/repos/microsoft/AddOutlookJapanHoliday/subscription,https://github.com/microsoft/AddOutlookJapanHoliday,https://api.github.com/repos/microsoft/AddOutlookJapanHoliday/tags,https://api.github.com/repos/microsoft/AddOutlookJapanHoliday/teams,[],https://api.github.com/repos/microsoft/AddOutlookJapanHoliday/git/trees{/sha},2026-08-27T10:54:03Z,https://api.github.com/repos/microsoft/AddOutlookJapanHoliday,public,9,9,False
True,https://api.github.com/repos/microsoft/Addressing-signal-delay-in-deep-RL/{archive_format}{/ref},False,https://api.github.com/repos/microsoft/Addressing-signal-delay-in-deep-RL/assignees{/user},https://api.github.com/repos/microsoft/Addressing-signal-delay-in-deep-RL/git/blobs{/sha},https://api.github.com/repos/microsoft/Addressing-signal-delay-in-deep-RL/branches{/branch},https://github.com/microsoft/Addressing-signal-delay-in-deep-RL.git,https://api.github.com/repos/microsoft/Addressing-signal-delay-in-deep-RL/collaborators{/collaborator},https://api.github.com/repos/microsoft/Addressing-signal-delay-in-deep-RL/comments{/number},https://api.github.com/repos/microsoft/Addressing-signal-delay-in-deep-RL/commits{/sha},https://api.github.com/repos/microsoft/Addressing-signal-delay-in-deep-RL/compare/{base}...{head},https://api.github.com/repos/microsoft/Addressing-signal-delay-in-deep-RL/contents/{+path},https://api.github.com/repos/microsoft/Addressing-signal-delay-in-deep-RL/contributors,2024-05-22T08:10:07Z,main,https://api.github.com/repos/microsoft/Addressing-signal-delay-in-deep-RL/deployments,Addressing Signal Delay in Deep Reinforcement Learning,False,https://api.github.com/repos/microsoft/Addressing-signal-delay-in-deep-RL/downloads,https://api.github.com/repos/microsoft/Addressing-signal-delay-in-deep-RL/events,False,6,6,https://api.github.com/repos/microsoft/Addressing-signal-delay-in-deep-RL/forks,microsoft/Addressing-signal-delay-in-deep-RL,https://api.github.com/repos/microsoft/Addressing-signal-delay-in-deep-RL/git/commits{/sha},https://api.github.com/repos/microsoft/Addressing-signal-delay-in-deep-RL/git/refs{/sha},https://api.github.com/repos/microsoft/Addressing-signal-delay-in-deep-RL/git/tags{/sha},git://github.com/microsoft/Addressing-signal-delay-in-deep-RL.git,False,False,True,False,True,True,True,,https://api.github.com/repos/microsoft/Addressing-signal-delay-in-deep-RL/hooks,https://github.com/microsoft/Addressing-signal-delay-in-deep-RL,804239518,False,https://api.github.com/repos/microsoft/Addressing-signal-delay-in-deep-RL/issues/comments{/number},https://api.github.com/repos/microsoft/Addressing-signal-delay-in-deep-RL/issues/events{/number},https://api.github.com/repos/microsoft/Addressing-signal-delay-in-deep-RL/issues{/number},https://api.github.com/repos/microsoft/Addressing-signal-delay-in-deep-RL/keys{/key_id},https://api.github.com/repos/microsoft/Addressing-signal-delay-in-deep-RL/labels{/name},Python,https://api.github.com/repos/microsoft/Addressing-signal-delay-in-deep-RL/languages,,mit,MIT License,MDc6TGljZW5zZTEz,MIT,https://api.github.com/licenses/mit,https://api.github.com/repos/microsoft/Addressing-signal-delay-in-deep-RL/merges,https://api.github.com/repos/microsoft/Addressing-signal-delay-in-deep-RL/milestones{/number},,Addressing-signal-delay-in-deep-RL,R_kgDOL--4ng,"https://api.github.com/repos/microsoft/Addressing-signal-delay-in-deep-RL/notifications{?since,all,participating}",3,3,https://avatars.githubusercontent.com/u/6154722?v=4,https://api.github.com/users/microsoft/events{/privacy},https://api.github.com/users/microsoft/followers,https://api.github.com/users/microsoft/following{/other_user},https://api.github.com/users/microsoft/gists{/gist_id},,https://github.com/microsoft,6154722,microsoft,MDEyOk9yZ2FuaXphdGlvbjYxNTQ3MjI=,https://api.github.com/users/microsoft/orgs,https://api.github.com/users/microsoft/received_events,https://api.github.com/users/microsoft/repos,False,https://api.github.com/users/microsoft/starred{/owner}{/repo},https://api.github.com/users/microsoft/subscriptions,Organization,https://api.github.com/users/microsoft,public,False,all,https://api.github.com/repos/microsoft/Addressing-signal-delay-in-deep-RL/pulls{/number},2024-07-08T05:08:55Z,https://api.github.com/repos/microsoft/Addressing-signal-delay-in-deep-RL/releases{/id},679,git@github.com:microsoft/Addressing-signal-delay-in-deep-RL.git,14,https://api.github.com/repos/microsoft/Addressing-signal-delay-in-deep-RL/stargazers,https://api.github.com/repos/microsoft/Addressing-signal-delay-in-deep-RL/statuses/{sha},https://api.github.com/repos/microsoft/Addressing-signal-delay-in-deep-RL/subscribers,https://api.github.com/repos/microsoft/Addressing-signal-delay-in-deep-RL/subscription,https://github.com/microsoft/Addressing-signal-delay-in-deep-RL,https://api.github.com/repos/microsoft/Addressing-signal-delay-in-deep-RL/tags,https://api.github.com/repos/microsoft/Addressing-signal-delay-in-deep-RL/teams,[],https://api.github.com/repos/microsoft/Addressing-signal-delay-in-deep-RL/git/trees{/sha},2026-08-27T10:54:03Z,https://api.github.com/repos/microsoft/Addressing-signal-delay-in-deep-RL,public,14,14,False
True,https://api.github.com/repos/microsoft/adfs-sample-block-user-on-adfs-marked-risky-by-AzureAD-IdentityProtection/{archive_format}{/ref},False,https://api.github.com/repos/microsoft/adfs-sample-block-user-on-adfs-marked-risky-by-AzureAD-IdentityProtection/assignees{/user},https://api.github.com/repos/microsoft/adfs-sample-block-user-on-adfs-marked-risky-by-AzureAD-IdentityProtection/git/blobs{/sha},https://api.github.com/repos/microsoft/adfs-sample-block-user-on-adfs-marked-risky-by-AzureAD-IdentityProtection/branches{/branch},https://github.com/microsoft/adfs-sample-block-user-on-adfs-marked-risky-by-AzureAD-IdentityProtection.git,https://api.github.com/repos/microsoft/adfs-sample-block-user-on-adfs-marked-risky-by-AzureAD-IdentityProtection/collaborators{/collaborator},https://api.github.com/repos/microsoft/adfs-sample-block-user-on-adfs-marked-risky-by-AzureAD-IdentityProtection/comments{/number},https://api.github.com/repos/microsoft/adfs-sample-block-user-on-adfs-marked-risky-by-AzureAD-IdentityProtection/commits{/sha},https://api.github.com/repos/microsoft/adfs-sample-block-user-on-adfs-marked-risky-by-AzureAD-IdentityProtection/compare/{base}...{head},https://api.github.com/repos/microsoft/adfs-sample-block-user-on-adfs-marked-risky-by-AzureAD-IdentityProtection/contents/{+path},https://api.github.com/repos/microsoft/adfs-sample-block-user-on-adfs-marked-risky-by-AzureAD-IdentityProtection/contributors,2020-03-28T03:53:58Z,master,https://api.github.com/repos/microsoft/adfs-sample-block-user-on-adfs-marked-risky-by-AzureAD-IdentityProtection/deployments,A sample AD FS 2019 Risk Assessment Model plug-in that blocks authentication or enforces MFA based on user risk level determined by Azure AD Identity Protection. ,False,https://api.github.com/repos/microsoft/adfs-sample-block-user-on-adfs-marked-risky-by-AzureAD-IdentityProtection/downloads,https://api.github.com/repos/microsoft/adfs-sample-block-user-on-adfs-marked-risky-by-AzureAD-IdentityProtection/events,False,9,9,https://api.github.com/repos/microsoft/adfs-sample-block-user-on-adfs-marked-risky-by-AzureAD-IdentityProtection/forks,microsoft/adfs-sample-block-user-on-adfs-marked-risky-by-AzureAD-IdentityProtection,https://api.github.com/repos/microsoft/adfs-sample-block-user-on-adfs-marked-risky-by-AzureAD-IdentityProtection/git/commits{/sha},https://api.github.com/repos/microsoft/adfs-sample-block-user-on-adfs-marked-risky-by-AzureAD-IdentityProtection/git/refs{/sha},https://api.github.com/repos/microsoft/adfs-sample-block-user-on-adfs-marked-risky-by-AzureAD-IdentityProtection/git/tags{/sha},git://github.com/microsoft/adfs-sample-block-user-on-adfs-marked-risky-by-AzureAD-IdentityProtection.git,False,False,True,False,True,True,True,,https://api.github.com/repos/microsoft/adfs-sample-block-user-on-adfs-marked-risky-by-AzureAD-IdentityProtection/hooks,https://github.com/microsoft/adfs-sample-block-user-on-adfs-marked-risky-by-AzureAD-IdentityProtection,250709608,False,https://api.github.com/repos/microsoft/adfs-sample-block-user-on-adfs-marked-risky-by-AzureAD-IdentityProtection/issues/comments{/number},https://api.github.com/repos/microsoft/adfs-sample-block-user-on-adfs-marked-risky-by-AzureAD-IdentityProtection/issues/events{/number},https://api.github.com/repos/microsoft/adfs-sample-block-user-on-adfs-marked-risky-by-AzureAD-IdentityProtection/issues{/number},https://api.github.com/repos/microsoft/adfs-sample-block-user-on-adfs-marked-risky-by-AzureAD-IdentityProtection/keys{/key_id},https://api.github.com/repos/microsoft/adfs-sample-block-user-on-adfs-marked-risky-by-AzureAD-IdentityProtection/labels{/name},C#,https://api.github.com/repos/microsoft/adfs-sample-block-user-on-adfs-marked-risky-by-AzureAD-IdentityProtection/languages,,mit,MIT License,MDc6TGljZW5zZTEz,MIT,https://api.github.com/licenses/mit,https://api.github.com/repos/microsoft/adfs-sample-block-user-on-adfs-marked-risky-by-AzureAD-IdentityProtection/merges,https://api.github.com/repos/microsoft/adfs-sample-block-user-on-adfs-marked-risky-by-AzureAD-IdentityProtection/milestones{/number},,adfs-sample-block-user-on-adfs-marked-risky-by-AzureAD-IdentityProtection,MDEwOlJlcG9zaXRvcnkyNTA3MDk2MDg=,"https://api.github.com/repos/microsoft/adfs-sample-block-user-on-adfs-marked-risky-by-AzureAD-IdentityProtection/notifications{?since,all,participating}",2,2,https://avatars.githubusercontent.com/u/6154722?v=4,https://api.github.com/users/microsoft/events{/privacy},https://api.github.com/users/microsoft/followers,https://api.github.com/users/microsoft/following{/other_user},https://api.github.com/users/microsoft/gists{/gist_id},,https://github.com/microsoft,6154722,microsoft,MDEyOk9yZ2FuaXphdGlvbjYxNTQ3MjI=,https://api.github.com/users/microsoft/orgs,https://api.github.com/users/microsoft/received_events,https://api.github.com/users/microsoft/repos,False,https://api.github.com/users/microsoft/starred{/owner}{/repo},https://api.github.com/users/microsoft/subscriptions,Organization,https://api.github.com/users/microsoft,public,False,all,https://api.github.com/repos/microsoft/adfs-sample-block-user-on-adfs-marked-risky-by-AzureAD-IdentityProtection/pulls{/number},2020-04-26T20:25:54Z,https://api.github.com/repos/microsoft/adfs-sample-block-user-on-adfs-marked-risky-by-AzureAD-IdentityProtection/releases{/id},1670,git@github.com:microsoft/adfs-sample-block-user-on-adfs-marked-risky-by-AzureAD-IdentityProtection.git,10,https://api.github.com/repos/microsoft/adfs-sample-block-user-on-adfs-marked-risky-by-AzureAD-IdentityProtection/stargazers,https://api.github.com/repos/microsoft/adfs-sample-block-user-on-adfs-marked-risky-by-AzureAD-IdentityProtection/statuses/{sha},https://api.github.com/repos/microsoft/adfs-sample-block-user-on-adfs-marked-risky-by-AzureAD-IdentityProtection/subscribers,https://api.github.com/repos/microsoft/adfs-sample-block-user-on-adfs-marked-risky-by-AzureAD-IdentityProtection/subscription,https://github.com/microsoft/adfs-sample-block-user-on-adfs-marked-risky-by-AzureAD-IdentityProtection,https://api.github.com/repos/microsoft/adfs-sample-block-user-on-adfs-marked-risky-by-AzureAD-IdentityProtection/tags,https://api.github.com/repos/microsoft/adfs-sample-block-user-on-adfs-marked-risky-by-AzureAD-IdentityProtection/teams,[],https://api.github.com/repos/microsoft/adfs-sample-block-user-on-adfs-marked-risky-by-AzureAD-IdentityProtection/git/trees{/sha},2026-08-27T10:54:04Z,https://api.github.com/repos/microsoft/adfs-sample-block-user-on-adfs-marked-risky-by-AzureAD-IdentityProtection,public,10,10,False
True,https://api.github.com/repos/microsoft/adfs-sample-msal-dotnet-native-to-webapi/{archive_format}{/ref},True,https://api.github.com/repos/microsoft/adfs-sample-msal-dotnet-native-to-webapi/assignees{/user},https://api.github.com/repos/microsoft/adfs-sample-msal-dotnet-native-to-webapi/git/blobs{/sha},https://api.github.com/repos/microsoft/adfs-sample-msal-dotnet-native-to-webapi/branches{/branch},https://github.com/microsoft/adfs-sample-msal-dotnet-native-to-webapi.git,https://api.github.com/repos/microsoft/adfs-sample-msal-dotnet-native-to-webapi/collaborators{/collaborator},https://api.github.com/repos/microsoft/adfs-sample-msal-dotnet-native-to-webapi/comments{/number},https://api.github.com/repos/microsoft/adfs-sample-msal-dotnet-native-to-webapi/commits{/sha},https://api.github.com/repos/microsoft/adfs-sample-msal-dotnet-native-to-webapi/compare/{base}...{head},https://api.github.com/repos/microsoft/adfs-sample-msal-dotnet-native-to-webapi/contents/{+path},https://api.github.com/repos/microsoft/adfs-sample-msal-dotnet-native-to-webapi/contributors,2019-08-16T20:56:40Z,master,https://api.github.com/repos/microsoft/adfs-sample-msal-dotnet-native-to-webapi/deployments,A sample showcasing how to build a native app signing-in users authenticated by AD FS 2019 and acquiring tokens using MSAL library to call Web API.,False,https://api.github.com/repos/microsoft/adfs-sample-msal-dotnet-native-to-webapi/downloads,https://api.github.com/repos/microsoft/adfs-sample-msal-dotnet-native-to-webapi/events,False,12,12,https://api.github.com/repos/microsoft/adfs-sample-msal-dotnet-native-to-webapi/forks,microsoft/adfs-sample-msal-dotnet-native-to-webapi,https://api.github.com/repos/microsoft/adfs-sample-msal-dotnet-native-to-webapi/git/commits{/sha},https://api.github.com/repos/microsoft/adfs-sample-msal-dotnet-native-to-webapi/git/refs{/sha},https://api.github.com/repos/microsoft/adfs-sample-msal-dotnet-native-to-webapi/git/tags{/sha},git://github.com/microsoft/adfs-sample-msal-dotnet-native-to-webapi.git,False,False,True,False,True,True,True,,https://api.github.com/repos/microsoft/adfs-sample-msal-dotnet-native-to-webapi/hooks,https://github.com/microsoft/adfs-sample-msal-dotnet-native-to-webapi,202798124,False,https://api.github.com/repos/microsoft/adfs-sample-msal-dotnet-native-to-webapi/issues/comments{/number},https://api.github.com/repos/microsoft/adfs-sample-msal-dotnet-native-to-webapi/issues/events{/number},https://api.github.com/repos/microsoft/adfs-sample-msal-dotnet-native-to-webapi/issues{/number},https://api.github.com/repos/microsoft/adfs-sample-msal-dotnet-native-to-webapi/keys{/key_id},https://api.github.com/repos/microsoft/adfs-sample-msal-dotnet-native-to-webapi/labels{/name},C#,https://api.github.com/repos/microsoft/adfs-sample-msal-dotnet-native-to-webapi/languages,,mit,MIT License,MDc6TGljZW5zZTEz,MIT,https://api.github.com/licenses/mit,https://api.github.com/repos/microsoft/adfs-sample-msal-dotnet-native-to-webapi/merges,https://api.github.com/repos/microsoft/adfs-sample-msal-dotnet-native-to-webapi/milestones{/number},,adfs-sample-msal-dotnet-native-to-webapi,MDEwOlJlcG9zaXRvcnkyMDI3OTgxMjQ=,"https://api.github.com/repos/microsoft/adfs-sample-msal-dotnet-native-to-webapi/notifications{?since,all,participating}",5,5,https://avatars.githubusercontent.com/u/6154722?v=4,https://api.github.com/users/microsoft/events{/privacy},https://api.github.com/users/microsoft/followers,https://api.github.com/users/microsoft/following{/other_user},https://api.github.com/users/microsoft/gists{/gist_id},,https://github.com/microsoft,6154722,microsoft,MDEyOk9yZ2FuaXphdGlvbjYxNTQ3MjI=,https://api.github.com/users/microsoft/orgs,https://api.github.com/users/microsoft/received_events,https://api.github.com/users/microsoft/repos,False,https://api.github.com/users/microsoft/starred{/owner}{/repo},https://api.github.com/users/microsoft/subscriptions,Organization,https://api.github.com/users/microsoft,public,False,all,https://api.github.com/repos/microsoft/adfs-sample-msal-dotnet-native-to-webapi/pulls{/number},2023-05-31T20:07:28Z,https://api.github.com/repos/microsoft/adfs-sample-msal-dotnet-native-to-webapi/releases{/id},1676,git@github.com:microsoft/adfs-sample-msal-dotnet-native-to-webapi.git,16,https://api.github.com/repos/microsoft/adfs-sample-msal-dotnet-native-to-webapi/stargazers,https://api.github.com/repos/microsoft/adfs-sample-msal-dotnet-native-to-webapi/statuses/{sha},https://api.github.com/repos/microsoft/adfs-sample-msal-dotnet-native-to-webapi/subscribers,https://api.github.com/repos/microsoft/adfs-sample-msal-dotnet-native-to-webapi/subscription,https://github.com/microsoft/adfs-sample-msal-dotnet-native-to-webapi,https://api.github.com/repos/microsoft/adfs-sample-msal-dotnet-native-to-webapi/tags,https://api.github.com/repos/microsoft/adfs-sample-msal-dotnet-native-to-webapi/teams,[],https://api.github.com/repos/microsoft/adfs-sample-msal-dotnet-native-to-webapi/git/trees{/sha},2026-08-27T10:54:05Z,https://api.github.com/repos/microsoft/adfs-sample-msal-dotnet-native-to-webapi,public,16,16,False
True,https://api.github.com/repos/microsoft/adfs-sample-msal-dotnet-webapi-to-webapi-onbehalfof/{archive_format}{/ref},True,https://api.github.com/repos/microsoft/adfs-sample-msal-dotnet-webapi-to-webapi-onbehalfof/assignees{/user},https://api.github.com/repos/microsoft/adfs-sample-msal-dotnet-webapi-to-webapi-onbehalfof/git/blobs{/sha},https://api.github.com/repos/microsoft/adfs-sample-msal-dotnet-webapi-to-webapi-onbehalfof/branches{/branch},https://github.com/microsoft/adfs-sample-msal-dotnet-webapi-to-webapi-onbehalfof.git,https://api.github.com/repos/microsoft/adfs-sample-msal-dotnet-webapi-to-webapi-onbehalfof/collaborators{/collaborator},https://api.github.com/repos/microsoft/adfs-sample-msal-dotnet-webapi-to-webapi-onbehalfof/comments{/number},https://api.github.com/repos/microsoft/adfs-sample-msal-dotnet-webapi-to-webapi-onbehalfof/commits{/sha},https://api.github.com/repos/microsoft/adfs-sample-msal-dotnet-webapi-to-webapi-onbehalfof/compare/{base}...{head},https://api.github.com/repos/microsoft/adfs-sample-msal-dotnet-webapi-to-webapi-onbehalfof/contents/{+path},https://api.github.com/repos/microsoft/adfs-sample-msal-dotnet-webapi-to-webapi-onbehalfof/contributors,2019-08-06T20:04:34Z,master,https://api.github.com/repos/microsoft/adfs-sample-msal-dotnet-webapi-to-webapi-onbehalfof/deployments,A sample showcasing how to implement an on-behalf-of (OBO) authentication using AD FS. The sample uses MSAL client library to obtain a token for accessing Web API. ,False,https://api.github.com/repos/microsoft/adfs-sample-msal-dotnet-webapi-to-webapi-onbehalfof/downloads,https://api.github.com/repos/microsoft/adfs-sample-msal-dotnet-webapi-to-webapi-onbehalfof/events,False,10,10,https://api.github.com/repos/microsoft/adfs-sample-msal-dotnet-webapi-to-webapi-onbehalfof/forks,microsoft/adfs-sample-msal-dotnet-webapi-to-webapi-onbehalfof,https://api.github.com/repos/microsoft/adfs-sample-msal-dotnet-webapi-to-webapi-onbehalfof/git/commits{/sha},https://api.github.com/repos/microsoft/adfs-sample-msal-dotnet-webapi-to-webapi-onbehalfof/git/refs{/sha},https://api.github.com/repos/microsoft/adfs-sample-msal-dotnet-webapi-to-webapi-onbehalfof/git/tags{/sha},git://github.com/microsoft/adfs-sample-msal-dotnet-webapi-to-webapi-onbehalfof.git,False,False,True,False,True,True,True,,https://api.github.com/repos/microsoft/adfs-sample-msal-dotnet-webapi-to-webapi-onbehalfof/hooks,https://github.com/microsoft/adfs-sample-msal-dotnet-webapi-to-webapi-onbehalfof,200916847,False,https://api.github.com/repos/microsoft/adfs-sample-msal-dotnet-webapi-to-webapi-onbehalfof/issues/comments{/number},https://api.github.com/repos/microsoft/adfs-sample-msal-dotnet-webapi-to-webapi-onbehalfof/issues/events{/number},https://api.github.com/repos/microsoft/adfs-sample-msal-dotnet-webapi-to-webapi-onbehalfof/issues{/number},https://api.github.com/repos/microsoft/adfs-sample-msal-dotnet-webapi-to-webapi-onbehalfof/keys{/key_id},https://api.github.com/repos/microsoft/adfs-sample-msal-dotnet-webapi-to-webapi-onbehalfof/labels{/name},C#,https://api.github.com/repos/microsoft/adfs-sample-msal-dotnet-webapi-to-webapi-onbehalfof/languages,,mit,MIT License,MDc6TGljZW5zZTEz,MIT,https://api.github.com/licenses/mit,https://api.github.com/repos/microsoft/adfs-sample-msal-dotnet-webapi-to-webapi-onbehalfof/merges,https://api.github.com/repos/microsoft/adfs-sample-msal-dotnet-webapi-to-webapi-onbehalfof/milestones{/number},,adfs-sample-msal-dotnet-webapi-to-webapi-onbehalfof,MDEwOlJlcG9zaXRvcnkyMDA5MTY4NDc=,"https://api.github.com/repos/microsoft/adfs-sample-msal-dotnet-webapi-to-webapi-onbehalfof/notifications{?since,all,participating}",9,9,https://avatars.githubusercontent.com/u/6154722?v=4,https://api.github.com/users/microsoft/events{/privacy},https://api.github.com/users/microsoft/followers,https://api.github.com/users/microsoft/following{/other_user},https://api.github.com/users/microsoft/gists{/gist_id},,https://github.com/microsoft,6154722,microsoft,MDEyOk9yZ2FuaXphdGlvbjYxNTQ3MjI=,https://api.github.com/users/microsoft/orgs,https://api.github.com/users/microsoft/received_events,https://api.github.com/users/microsoft/repos,False,https://api.github.com/users/microsoft/starred{/owner}{/repo},https://api.github.com/users/microsoft/subscriptions,Organization,https://api.github.com/users/microsoft,public,False,all,https://api.github.com/repos/microsoft/adfs-sample-msal-dotnet-webapi-to-webapi-onbehalfof/pulls{/number},2023-06-12T18:21:03Z,https://api.github.com/repos/microsoft/adfs-sample-msal-dotnet-webapi-to-webapi-onbehalfof/releases{/id},2953,git@github.com:microsoft/adfs-sample-msal-dotnet-webapi-to-webapi-onbehalfof.git,11,https://api.github.com/repos/microsoft/adfs-sample-msal-dotnet-webapi-to-webapi-onbehalfof/stargazers,https://api.github.com/repos/microsoft/adfs-sample-msal-dotnet-webapi-to-webapi-onbehalfof/statuses/{sha},https://api.github.com/repos/microsoft/adfs-sample-msal-dotnet-webapi-to-webapi-onbehalfof/subscribers,https://api.github.com/repos/microsoft/adfs-sample-msal-dotnet-webapi-to-webapi-onbehalfof/subscription,https://github.com/microsoft/adfs-sample-msal-dotnet-webapi-to-webapi-onbehalfof,https://api.github.com/repos/microsoft/adfs-sample-msal-dotnet-webapi-to-webapi-onbehalfof/tags,https://api.github.com/repos/microsoft/adfs-sample-msal-dotnet-webapi-to-webapi-onbehalfof/teams,[],https://api.github.com/repos/microsoft/adfs-sample-msal-dotnet-webapi-to-webapi-onbehalfof/git/trees{/sha},2026-08-27T10:54:05Z,https://api.github.com/repos/microsoft/adfs-sample-msal-dotnet-webapi-to-webapi-onbehalfof,public,11,11,False
True,https://api.github.com/repos/microsoft/adfs-sample-RiskAssessmentModel-RiskyIPBlock/{archive_format}{/ref},True,https://api.github.com/repos/microsoft/adfs-sample-RiskAssessmentModel-RiskyIPBlock/assignees{/user},https://api.github.com/repos/microsoft/adfs-sample-RiskAssessmentModel-RiskyIPBlock/git/blobs{/sha},https://api.github.com/repos/microsoft/adfs-sample-RiskAssessmentModel-RiskyIPBlock/branches{/branch},https://github.com/microsoft/adfs-sample-RiskAssessmentModel-RiskyIPBlock.git,https://api.github.com/repos/microsoft/adfs-sample-RiskAssessmentModel-RiskyIPBlock/collaborators{/collaborator},https://api.github.com/repos/microsoft/adfs-sample-RiskAssessmentModel-RiskyIPBlock/comments{/number},https://api.github.com/repos/microsoft/adfs-sample-RiskAssessmentModel-RiskyIPBlock/commits{/sha},https://api.github.com/repos/microsoft/adfs-sample-RiskAssessmentModel-RiskyIPBlock/compare/{base}...{head},https://api.github.com/repos/microsoft/adfs-sample-RiskAssessmentModel-RiskyIPBlock/contents/{+path},https://api.github.com/repos/microsoft/adfs-sample-RiskAssessmentModel-RiskyIPBlock/contributors,2019-04-16T19:06:30Z,master,https://api.github.com/repos/microsoft/adfs-sample-RiskAssessmentModel-RiskyIPBlock/deployments,Sample plug-in to block authentication requests coming from specified extranet IPs. ,False,https://api.github.com/repos/microsoft/adfs-sample-RiskAssessmentModel-RiskyIPBlock/downloads,https://api.github.com/repos/microsoft/adfs-sample-RiskAssessmentModel-RiskyIPBlock/events,False,6,6,https://api.github.com/repos/microsoft/adfs-sample-RiskAssessmentModel-RiskyIPBlock/forks,microsoft/adfs-sample-RiskAssessmentModel-RiskyIPBlock,https://api.github.com/repos/microsoft/adfs-sample-RiskAssessmentModel-RiskyIPBlock/git/commits{/sha},https://api.github.com/repos/microsoft/adfs-sample-RiskAssessmentModel-RiskyIPBlock/git/refs{/sha},https://api.github.com/repos/microsoft/adfs-sample-RiskAssessmentModel-RiskyIPBlock/git/tags{/sha},git://github.com/microsoft/adfs-sample-RiskAssessmentModel-RiskyIPBlock.git,False,False,True,False,True,True,True,,https://api.github.com/repos/microsoft/adfs-sample-RiskAssessmentModel-RiskyIPBlock/hooks,https://github.com/microsoft/adfs-sample-RiskAssessmentModel-RiskyIPBlock,181750380,False,https://api.github.com/repos/microsoft/adfs-sample-RiskAssessmentModel-RiskyIPBlock/issues/comments{/number},https://api.github.com/repos/microsoft/adfs-sample-RiskAssessmentModel-RiskyIPBlock/issues/events{/number},https://api.github.com/repos/microsoft/adfs-sample-RiskAssessmentModel-RiskyIPBlock/issues{/number},https://api.github.com/repos/microsoft/adfs-sample-RiskAssessmentModel-RiskyIPBlock/keys{/key_id},https://api.github.com/repos/microsoft/adfs-sample-RiskAssessmentModel-RiskyIPBlock/labels{/name},C#,https://api.github.com/repos/microsoft/adfs-sample-RiskAssessmentModel-RiskyIPBlock/languages,,mit,MIT License,MDc6TGljZW5zZTEz,MIT,https://api.github.com/licenses/mit,https://api.github.com/repos/microsoft/adfs-sample-RiskAssessmentModel-RiskyIPBlock/merges,https://api.github.com/repos/microsoft/adfs-sample-RiskAssessmentModel-RiskyIPBlock/milestones{/number},,adfs-sample-RiskAssessmentModel-RiskyIPBlock,MDEwOlJlcG9zaXRvcnkxODE3NTAzODA=,"https://api.github.com/repos/microsoft/adfs-sample-RiskAssessmentModel-RiskyIPBlock/notifications{?since,all,participating}",2,2,https://avatars.githubusercontent.com/u/6154722?v=4,https://api.github.com/users/microsoft/events{/privacy},https://api.github.com/users/microsoft/followers,https://api.github.com/users/microsoft/following{/other_user},https://api.github.com/users/microsoft/gists{/gist_id},,https://github.com/microsoft,6154722,microsoft,MDEyOk9yZ2FuaXphdGlvbjYxNTQ3MjI=,https://api.github.com/users/microsoft/orgs,https://api.github.com/users/microsoft/received_events,https://api.github.com/users/microsoft/repos,False,https://api.github.com/users/microsoft/starred{/owner}{/repo},https://api.github.com/users/microsoft/subscriptions,Organization,https://api.github.com/users/microsoft,public,False,all,https://api.github.com/repos/microsoft/adfs-sample-RiskAssessmentModel-RiskyIPBlock/pulls{/number},2023-06-12T18:22:27Z,https://api.github.com/repos/microsoft/adfs-sample-RiskAssessmentModel-RiskyIPBlock/releases{/id},17,git@github.com:microsoft/adfs-sample-RiskAssessmentModel-RiskyIPBlock.git,8,https://api.github.com/repos/microsoft/adfs-sample-RiskAssessmentModel-RiskyIPBlock/stargazers,https://api.github.com/repos/microsoft/adfs-sample-RiskAssessmentModel-RiskyIPBlock/statuses/{sha},https://api.github.com/repos/microsoft/adfs-sample-RiskAssessmentModel-RiskyIPBlock/subscribers,https://api.github.com/repos/microsoft/adfs-sample-RiskAssessmentModel-RiskyIPBlock/subscription,https://github.com/microsoft/adfs-sample-RiskAssessmentModel-RiskyIPBlock,https://api.github.com/repos/microsoft/adfs-sample-RiskAssessmentModel-RiskyIPBlock/tags,https://api.github.com/repos/microsoft/adfs-sample-RiskAssessmentModel-RiskyIPBlock/teams,[],https://api.github.com/repos/microsoft/adfs-sample-RiskAssessmentModel-RiskyIPBlock/git/trees{/sha},2026-08-27T10:54:06Z,https://api.github.com/repos/microsoft/adfs-sample-RiskAssessmentModel-RiskyIPBlock,public,8,8,False
True,https://api.github.com/repos/microsoft/adfsAuthAdapters/{archive_format}{/ref},True,https://api.github.com/repos/microsoft/adfsAuthAdapters/assignees{/user},https://api.github.com/repos/microsoft/adfsAuthAdapters/git/blobs{/sha},https://api.github.com/repos/microsoft/adfsAuthAdapters/branches{/branch},https://github.com/microsoft/adfsAuthAdapters.git,https://api.github.com/repos/microsoft/adfsAuthAdapters/collaborators{/collaborator},https://api.github.com/repos/microsoft/adfsAuthAdapters/comments{/number},https://api.github.com/repos/microsoft/adfsAuthAdapters/commits{/sha},https://api.github.com/repos/microsoft/adfsAuthAdapters/compare/{base}...{head},https://api.github.com/repos/microsoft/adfsAuthAdapters/contents/{+path},https://api.github.com/repos/microsoft/adfsAuthAdapters/contributors,2017-09-27T17:11:24Z,master,https://api.github.com/repos/microsoft/adfsAuthAdapters/deployments,External authentication adapters for AD FS,False,https://api.github.com/repos/microsoft/adfsAuthAdapters/downloads,https://api.github.com/repos/microsoft/adfsAuthAdapters/events,False,13,13,https://api.github.com/repos/microsoft/adfsAuthAdapters/forks,microsoft/adfsAuthAdapters,https://api.github.com/repos/microsoft/adfsAuthAdapters/git/commits{/sha},https://api.github.com/repos/microsoft/adfsAuthAdapters/git/refs{/sha},https://api.github.com/repos/microsoft/adfsAuthAdapters/git/tags{/sha},git://github.com/microsoft/adfsAuthAdapters.git,False,False,True,False,True,True,True,,https://api.github.com/repos/microsoft/adfsAuthAdapters/hooks,https://github.com/microsoft/adfsAuthAdapters,105046485,False,https://api.github.com/repos/microsoft/adfsAuthAdapters/issues/comments{/number},https://api.github.com/repos/microsoft/adfsAuthAdapters/issues/events{/number},https://api.github.com/repos/microsoft/adfsAuthAdapters/issues{/number},https://api.github.com/repos/microsoft/adfsAuthAdapters/keys{/key_id},https://api.github.com/repos/microsoft/adfsAuthAdapters/labels{/name},C#,https://api.github.com/repos/microsoft/adfsAuthAdapters/languages,,mit,MIT License,MDc6TGljZW5zZTEz,MIT,https://api.github.com/licenses/mit,https://api.github.com/repos/microsoft/adfsAuthAdapters/merges,https://api.github.com/repos/microsoft/adfsAuthAdapters/milestones{/number},,adfsAuthAdapters,MDEwOlJlcG9zaXRvcnkxMDUwNDY0ODU=,"https://api.github.com/repos/microsoft/adfsAuthAdapters/notifications{?since,all,participating}",1,1,https://avatars.githubusercontent.com/u/6154722?v=4,https://api.github.com/users/microsoft/events{/privacy},https://api.github.com/users/microsoft/followers,https://api.github.com/users/microsoft/following{/other_user},https://api.github.com/users/microsoft/gists{/gist_id},,https://github.com/microsoft,6154722,microsoft,MDEyOk9yZ2FuaXphdGlvbjYxNTQ3MjI=,https://api.github.com/users/microsoft/orgs,https://api.github.com/users/microsoft/received_events,https://api.github.com/users/microsoft/repos,False,https://api.github.com/users/microsoft/starred{/owner}{/repo},https://api.github.com/users/microsoft/subscriptions,Organization,https://api.github.com/users/microsoft,public,False,all,https://api.github.com/repos/microsoft/adfsAuthAdapters/pulls{/number},2023-06-27T13:03:56Z,https://api.github.com/repos/microsoft/adfsAuthAdapters/releases{/id},32,git@github.com:microsoft/adfsAuthAdapters.git,29,https://api.github.com/repos/microsoft/adfsAuthAdapters/stargazers,https://api.github.com/repos/microsoft/adfsAuthAdapters/statuses/{sha},https://api.github.com/repos/microsoft/adfsAuthAdapters/subscribers,https://api.github.com/repos/microsoft/adfsAuthAdapters/subscription,https://github.com/microsoft/adfsAuthAdapters,https://api.github.com/repos/microsoft/adfsAuthAdapters/tags,https://api.github.com/repos/microsoft/adfsAuthAdapters/teams,[],https://api.github.com/repos/microsoft/adfsAuthAdapters/git/trees{/sha},2026-08-27T10:54:07Z,https://api.github.com/repos/microsoft/adfsAuthAdapters,public,29,29,False
True,https://api.github.com/repos/microsoft/adfsLogTools/{archive_format}{/ref},True,https://api.github.com/repos/microsoft/adfsLogTools/assignees{/user},https://api.github.com/repos/microsoft/adfsLogTools/git/blobs{/sha},https://api.github.com/repos/microsoft/adfsLogTools/branches{/branch},https://github.com/microsoft/adfsLogTools.git,https://api.github.com/repos/microsoft/adfsLogTools/collaborators{/collaborator},https://api.github.com/repos/microsoft/adfsLogTools/comments{/number},https://api.github.com/repos/microsoft/adfsLogTools/commits{/sha},https://api.github.com/repos/microsoft/adfsLogTools/compare/{base}...{head},https://api.github.com/repos/microsoft/adfsLogTools/contents/{+path},https://api.github.com/repos/microsoft/adfsLogTools/contributors,2017-09-19T17:49:07Z,master,https://api.github.com/repos/microsoft/adfsLogTools/deployments,"Tools for parsing AD FS logs (admin events, audits, and debug logs)",False,https://api.github.com/repos/microsoft/adfsLogTools/downloads,https://api.github.com/repos/microsoft/adfsLogTools/events,False,12,12,https://api.github.com/repos/microsoft/adfsLogTools/forks,microsoft/adfsLogTools,https://api.github.com/repos/microsoft/adfsLogTools/git/commits{/sha},https://api.github.com/repos/microsoft/adfsLogTools/git/refs{/sha},https://api.github.com/repos/microsoft/adfsLogTools/git/tags{/sha},git://github.com/microsoft/adfsLogTools.git,False,False,True,False,True,True,True,,https://api.github.com/repos/microsoft/adfsLogTools/hooks,https://github.com/microsoft/adfsLogTools,104108234,False,https://api.github.com/repos/microsoft/adfsLogTools/issues/comments{/number},https://api.github.com/repos/microsoft/adfsLogTools/issues/events{/number},https://api.github.com/repos/microsoft/adfsLogTools/issues{/number},https://api.github.com/repos/microsoft/adfsLogTools/keys{/key_id},https://api.github.com/repos/microsoft/adfsLogTools/labels{/name},,https://api.github.com/repos/microsoft/adfsLogTools/languages,,mit,MIT License,MDc6TGljZW5zZTEz,MIT,https://api.github.com/licenses/mit,https://api.github.com/repos/microsoft/adfsLogTools/merges,https://api.github.com/repos/microsoft/adfsLogTools/milestones{/number},,adfsLogTools,MDEwOlJlcG9zaXRvcnkxMDQxMDgyMzQ=,"https://api.github.com/repos/microsoft/adfsLogTools/notifications{?since,all,participating}",8,8,https://avatars.githubusercontent.com/u/6154722?v=4,https://api.github.com/users/microsoft/events{/privacy},https://api.github.com/users/microsoft/followers,https://api.github.com/users/microsoft/following{/other_user},https://api.github.com/users/microsoft/gists{/gist_id},,https://github.com/microsoft,6154722,microsoft,MDEyOk9yZ2FuaXphdGlvbjYxNTQ3MjI=,https://api.github.com/users/microsoft/orgs,https://api.github.com/users/microsoft/received_events,https://api.github.com/users/microsoft/repos,False,https://api.github.com/users/microsoft/starred{/owner}{/repo},https://api.github.com/users/microsoft/subscriptions,Organization,https://api.github.com/users/microsoft,public,False,all,https://api.github.com/repos/microsoft/adfsLogTools/pulls{/number},2018-08-15T22:02:51Z,https://api.github.com/repos/microsoft/adfsLogTools/releases{/id},56,git@github.com:microsoft/adfsLogTools.git,24,https://api.github.com/repos/microsoft/adfsLogTools/stargazers,https://api.github.com/repos/microsoft/adfsLogTools/statuses/{sha},https://api.github.com/repos/microsoft/adfsLogTools/subscribers,https://api.github.com/repos/microsoft/adfsLogTools/subscription,https://github.com/microsoft/adfsLogTools,https://api.github.com/repos/microsoft/adfsLogTools/tags,https://api.github.com/repos/microsoft/adfsLogTools/teams,[],https://api.github.com/repos/microsoft/adfsLogTools/git/trees{/sha},2026-08-27T10:54:08Z,https://api.github.com/repos/microsoft/adfsLogTools,public,24,24,False
True,https://api.github.com/repos/microsoft/adfsManagementTools/{archive_format}{/ref},True,https://api.github.com/repos/microsoft/adfsManagementTools/assignees{/user},https://api.github.com/repos/microsoft/adfsManagementTools/git/blobs{/sha},https://api.github.com/repos/microsoft/adfsManagementTools/branches{/branch},https://github.com/microsoft/adfsManagementTools.git,https://api.github.com/repos/microsoft/adfsManagementTools/collaborators{/collaborator},https://api.github.com/repos/microsoft/adfsManagementTools/comments{/number},https://api.github.com/repos/microsoft/adfsManagementTools/commits{/sha},https://api.github.com/repos/microsoft/adfsManagementTools/compare/{base}...{head},https://api.github.com/repos/microsoft/adfsManagementTools/contents/{+path},https://api.github.com/repos/microsoft/adfsManagementTools/contributors,2018-01-11T01:51:11Z,master,https://api.github.com/repos/microsoft/adfsManagementTools/deployments,A collection of scripts and tools for managing ADFS,False,https://api.github.com/repos/microsoft/adfsManagementTools/downloads,https://api.github.com/repos/microsoft/adfsManagementTools/events,False,6,6,https://api.github.com/repos/microsoft/adfsManagementTools/forks,microsoft/adfsManagementTools,https://api.github.com/repos/microsoft/adfsManagementTools/git/commits{/sha},https://api.github.com/repos/microsoft/adfsManagementTools/git/refs{/sha},https://api.github.com/repos/microsoft/adfsManagementTools/git/tags{/sha},git://github.com/microsoft/adfsManagementTools.git,False,False,True,False,True,True,True,,https://api.github.com/repos/microsoft/adfsManagementTools/hooks,https://github.com/microsoft/adfsManagementTools,117035309,False,https://api.github.com/repos/microsoft/adfsManagementTools/issues/comments{/number},https://api.github.com/repos/microsoft/adfsManagementTools/issues/events{/number},https://api.github.com/repos/microsoft/adfsManagementTools/issues{/number},https://api.github.com/repos/microsoft/adfsManagementTools/keys{/key_id},https://api.github.com/repos/microsoft/adfsManagementTools/labels{/name},,https://api.github.com/repos/microsoft/adfsManagementTools/languages,,mit,MIT License,MDc6TGljZW5zZTEz,MIT,https://api.github.com/licenses/mit,https://api.github.com/repos/microsoft/adfsManagementTools/merges,https://api.github.com/repos/microsoft/adfsManagementTools/milestones{/number},,adfsManagementTools,MDEwOlJlcG9zaXRvcnkxMTcwMzUzMDk=,"https://api.github.com/repos/microsoft/adfsManagementTools/notifications{?since,all,participating}",0,0,https://avatars.githubusercontent.com/u/6154722?v=4,https://api.github.com/users/microsoft/events{/privacy},https://api.github.com/users/microsoft/followers,https://api.github.com/users/microsoft/following{/other_user},https://api.github.com/users/microsoft/gists{/gist_id},,https://github.com/microsoft,6154722,microsoft,MDEyOk9yZ2FuaXphdGlvbjYxNTQ3MjI=,https://api.github.com/users/microsoft/orgs,https://api.github.com/users/microsoft/received_events,https://api.github.com/users/microsoft/repos,False,https://api.github.com/users/microsoft/starred{/owner}{/repo},https://api.github.com/users/microsoft/subscriptions,Organization,https://api.github.com/users/microsoft,public,False,all,https://api.github.com/repos/microsoft/adfsManagementTools/pulls{/number},2018-08-06T22:59:10Z,https://api.github.com/repos/microsoft/adfsManagementTools/releases{/id},166,git@github.com:microsoft/adfsManagementTools.git,15,https://api.github.com/repos/microsoft/adfsManagementTools/stargazers,https://api.github.com/repos/microsoft/adfsManagementTools/statuses/{sha},https://api.github.com/repos/microsoft/adfsManagementTools/subscribers,https://api.github.com/repos/microsoft/adfsManagementTools/subscription,https://github.com/microsoft/adfsManagementTools,https://api.github.com/repos/microsoft/adfsManagementTools/tags,https://api.github.com/repos/microsoft/adfsManagementTools/teams,[],https://api.github.com/repos/microsoft/adfsManagementTools/git/trees{/sha},2026-08-27T10:54:08Z,https://api.github.com/repos/microsoft/adfsManagementTools,public,15,15,False
True,https://api.github.com/repos/microsoft/adfsOpenSource/{archive_format}{/ref},True,https://api.github.com/repos/microsoft/adfsOpenSource/assignees{/user},https://api.github.com/repos/microsoft/adfsOpenSource/git/blobs{/sha},https://api.github.com/repos/microsoft/adfsOpenSource/branches{/branch},https://github.com/microsoft/adfsOpenSource.git,https://api.github.com/repos/microsoft/adfsOpenSource/collaborators{/collaborator},https://api.github.com/repos/microsoft/adfsOpenSource/comments{/number},https://api.github.com/repos/microsoft/adfsOpenSource/commits{/sha},https://api.github.com/repos/microsoft/adfsOpenSource/compare/{base}...{head},https://api.github.com/repos/microsoft/adfsOpenSource/contents/{+path},https://api.github.com/repos/microsoft/adfsOpenSource/contributors,2018-01-19T17:41:20Z,master,https://api.github.com/repos/microsoft/adfsOpenSource/deployments,Documentation and guidance for ADFS Open Source,False,https://api.github.com/repos/microsoft/adfsOpenSource/downloads,https://api.github.com/repos/microsoft/adfsOpenSource/events,False,10,10,https://api.github.com/repos/microsoft/adfsOpenSource/forks,microsoft/adfsOpenSource,https://api.github.com/repos/microsoft/adfsOpenSource/git/commits{/sha},https://api.github.com/repos/microsoft/adfsOpenSource/git/refs{/sha},https://api.github.com/repos/microsoft/adfsOpenSource/git/tags{/sha},git://github.com/microsoft/adfsOpenSource.git,False,False,True,False,True,True,True,,https://api.github.com/repos/microsoft/adfsOpenSource/hooks,https://github.com/microsoft/adfsOpenSource,118157650,False,https://api.github.com/repos/microsoft/adfsOpenSource/issues/comments{/number},https://api.github.com/repos/microsoft/adfsOpenSource/issues/events{/number},https://api.github.com/repos/microsoft/adfsOpenSource/issues{/number},https://api.github.com/repos/microsoft/adfsOpenSource/keys{/key_id},https://api.github.com/repos/microsoft/adfsOpenSource/labels{/name},,https://api.github.com/repos/microsoft/adfsOpenSource/languages,,cc-by-4.0,Creative Commons Attribution 4.0 International,MDc6TGljZW5zZTI1,CC-BY-4.0,https://api.github.com/licenses/cc-by-4.0,https://api.github.com/repos/microsoft/adfsOpenSource/merges,https://api.github.com/repos/microsoft/adfsOpenSource/milestones{/number},,adfsOpenSource,MDEwOlJlcG9zaXRvcnkxMTgxNTc2NTA=,"https://api.github.com/repos/microsoft/adfsOpenSource/notifications{?since,all,participating}",2,2,https://avatars.githubusercontent.com/u/6154722?v=4,https://api.github.com/users/microsoft/events{/privacy},https://api.github.com/users/microsoft/followers,https://api.github.com/users/microsoft/following{/other_user},https://api.github.com/users/microsoft/gists{/gist_id},,https://github.com/microsoft,6154722,microsoft,MDEyOk9yZ2FuaXphdGlvbjYxNTQ3MjI=,https://api.github.com/users/microsoft/orgs,https://api.github.com/users/microsoft/received_events,https://api.github.com/users/microsoft/repos,False,https://api.github.com/users/microsoft/starred{/owner}{/repo},https://api.github.com/users/microsoft/subscriptions,Organization,https://api.github.com/users/microsoft,public,False,all,https://api.github.com/repos/microsoft/adfsOpenSource/pulls{/number},2022-11-28T19:11:26Z,https://api.github.com/repos/microsoft/adfsOpenSource/releases{/id},118,git@github.com:microsoft/adfsOpenSource.git,13,https://api.github.com/repos/microsoft/adfsOpenSource/stargazers,https://api.github.com/repos/microsoft/adfsOpenSource/statuses/{sha},https://api.github.com/repos/microsoft/adfsOpenSource/subscribers,https://api.github.com/repos/microsoft/adfsOpenSource/subscription,https://github.com/microsoft/adfsOpenSource,https://api.github.com/repos/microsoft/adfsOpenSource/tags,https://api.github.com/repos/microsoft/adfsOpenSource/teams,[],https://api.github.com/repos/microsoft/adfsOpenSource/git/trees{/sha},2026-08-27T10:54:09Z,https://api.github.com/repos/microsoft/adfsOpenSource,public,13,13,False
